battle_id,matchup,event_name,event_date,upload_date,emcee,participant_slot,participant_role,participation_status,appearance_credit,battle_credit
F_d5ztH8I8o,MastaFeat vs JDee,Write Off Way,2026-05-23,2026-07-07 12:28:05,MastaFeat,emcee1,scheduled,appeared,True,True
F_d5ztH8I8o,MastaFeat vs JDee,Write Off Way,2026-05-23,2026-07-07 12:28:05,JDee,emcee2,scheduled,appeared,True,True
-Odk9mL3QeM,Nasha vs Miks Maharlika,Write Off Way,2026-05-23,2026-07-02 13:20:43,Nasha,emcee1,scheduled,appeared,True,True
-Odk9mL3QeM,Nasha vs Miks Maharlika,Write Off Way,2026-05-23,2026-07-02 13:20:43,Miks Maharlika,emcee2,scheduled,appeared,True,True
XfShCTX99WY,Oxsmugg vs Ozarugami,Write Off Way,2026-05-24,2026-06-30 13:33:07,Oxsmugg,emcee1,scheduled,appeared,True,True
XfShCTX99WY,Oxsmugg vs Ozarugami,Write Off Way,2026-05-24,2026-06-30 13:33:07,Ozarugami,emcee2,scheduled,appeared,True,True
YSp491-6WgI,Blitzen vs John Delo,Write Off Way,2026-05-23,2026-06-27 12:45:15,Blitzen,emcee1,scheduled,appeared,True,True
YSp491-6WgI,Blitzen vs John Delo,Write Off Way,2026-05-23,2026-06-27 12:45:15,John Delo,emcee2,scheduled,appeared,True,True
yz2lhBMNeKk,Baltz vs Steven,Write Off Way,2026-05-23,2026-06-25 12:02:03,Baltz,emcee1,scheduled,appeared,True,True
yz2lhBMNeKk,Baltz vs Steven,Write Off Way,2026-05-23,2026-06-25 12:02:03,Steven,emcee2,scheduled,appeared,True,True
LLUhTjyWK6Y,Diddle vs Mison,Write Off Way,2026-05-24,2026-06-23 12:23:14,Diddle,emcee1,scheduled,appeared,True,True
LLUhTjyWK6Y,Diddle vs Mison,Write Off Way,2026-05-24,2026-06-23 12:23:14,Mison,emcee2,scheduled,appeared,True,True
welPBlbpdx0,Jabo vs Si7ick,Write Off Way,2026-05-24,2026-06-20 12:52:15,Jabo,emcee1,scheduled,appeared,True,True
welPBlbpdx0,Jabo vs Si7ick,Write Off Way,2026-05-24,2026-06-20 12:52:15,Si7ick,emcee2,scheduled,appeared,True,True
90TBRGUCSV4,M Zhayt vs Article Clipted,Write Off Way,2026-05-24,2026-06-17 12:27:31,M Zhayt,emcee1,scheduled,appeared,True,True
90TBRGUCSV4,M Zhayt vs Article Clipted,Write Off Way,2026-05-24,2026-06-17 12:27:31,Article Clipted,emcee2,scheduled,appeared,True,True
t-iBHUGhYKo,Goriong Talas vs Ruffian,Second Sight 15,2026-04-26,2026-06-13 13:17:45,Goriong Talas,emcee1,scheduled,appeared,True,True
t-iBHUGhYKo,Goriong Talas vs Ruffian,Second Sight 15,2026-04-26,2026-06-13 13:17:45,Ruffian,emcee2,scheduled,appeared,True,True
N7wtQe0VY4w,G-Clown vs Yuniko,Second Sight 15,2026-04-25,2026-06-11 12:32:14,G-Clown,emcee1,scheduled,appeared,True,True
N7wtQe0VY4w,G-Clown vs Yuniko,Second Sight 15,2026-04-25,2026-06-11 12:32:14,Yuniko,emcee2,scheduled,appeared,True,True
rwbgh8-JCwg,Frooz vs Keelan,Second Sight 15,2026-04-26,2026-06-09 12:40:06,Frooz,emcee1,scheduled,appeared,True,True
rwbgh8-JCwg,Frooz vs Keelan,Second Sight 15,2026-04-26,2026-06-09 12:40:06,Keelan,emcee2,scheduled,appeared,True,True
qscjktp7dqI,Harlem vs Manda Baliw,Second Sight 15,2026-04-25,2026-06-06 12:53:21,Harlem,emcee1,scheduled,appeared,True,True
qscjktp7dqI,Harlem vs Manda Baliw,Second Sight 15,2026-04-25,2026-06-06 12:53:21,Manda Baliw,emcee2,scheduled,appeared,True,True
V5Qqcyu06Rs,Sayadd vs Marshall Bonifacio,Second Sight 15,2026-04-26,2026-06-04 12:33:00,Sayadd,emcee1,scheduled,appeared,True,True
V5Qqcyu06Rs,Sayadd vs Marshall Bonifacio,Second Sight 15,2026-04-26,2026-06-04 12:33:00,Marshall Bonifacio,emcee2,scheduled,appeared,True,True
yOT0bgWaGVg,Jonas vs Empithri,Second Sight 15,2026-04-25,2026-06-02 11:59:29,Jonas,emcee1,scheduled,appeared,True,True
yOT0bgWaGVg,Jonas vs Empithri,Second Sight 15,2026-04-25,2026-06-02 11:59:29,Empithri,emcee2,scheduled,appeared,True,True
RkNVpaKiUPI,Zaki vs Ban,Second Sight 15,2026-04-26,2026-05-30 12:47:24,Zaki,emcee1,scheduled,appeared,True,True
RkNVpaKiUPI,Zaki vs Ban,Second Sight 15,2026-04-26,2026-05-30 12:47:24,Ban,emcee2,scheduled,appeared,True,True
0Xp8NbyXrWY,Kregga vs SlockOne,Second Sight 15,2026-04-25,2026-05-27 13:18:30,Kregga,emcee1,scheduled,appeared,True,True
0Xp8NbyXrWY,Kregga vs SlockOne,Second Sight 15,2026-04-25,2026-05-27 13:18:30,SlockOne,emcee2,scheduled,appeared,True,True
Kw2LWV0UbhQ,M Zhayt vs Plaridhel,Second Sight 15,2026-04-26,2026-05-25 12:15:05,M Zhayt,emcee1,scheduled,appeared,True,True
Kw2LWV0UbhQ,M Zhayt vs Plaridhel,Second Sight 15,2026-04-26,2026-05-25 12:15:05,Plaridhel,emcee2,scheduled,appeared,True,True
AtXB4Lb4Oh0,Sur Henyo vs Saint Ice,Second Sight 15,2026-04-25,2026-05-21 12:28:05,Sur Henyo,emcee1,scheduled,appeared,True,True
AtXB4Lb4Oh0,Sur Henyo vs Saint Ice,Second Sight 15,2026-04-25,2026-05-21 12:28:05,Saint Ice,emcee2,scheduled,appeared,True,True
FlLPp9I_jlw,Shehyee vs Bagsik,Second Sight 15,2026-04-26,2026-05-19 12:13:33,Shehyee,emcee1,scheduled,appeared,True,True
FlLPp9I_jlw,Shehyee vs Bagsik,Second Sight 15,2026-04-26,2026-05-19 12:13:33,Bagsik,emcee2,scheduled,appeared,True,True
CBE74j5juP8,Vitrum vs Zend Luke,Second Sight 15,2026-04-25,2026-05-16 12:10:21,Vitrum,emcee1,scheduled,appeared,True,True
CBE74j5juP8,Vitrum vs Zend Luke,Second Sight 15,2026-04-25,2026-05-16 12:10:21,Zend Luke,emcee2,scheduled,appeared,True,True
1k6hPM09Qac,Katana vs Invictus,Second Sight 15,2026-04-26,2026-05-14 12:51:37,Katana,emcee1,scheduled,appeared,True,True
1k6hPM09Qac,Katana vs Invictus,Second Sight 15,2026-04-26,2026-05-14 12:51:37,Invictus,emcee2,scheduled,appeared,True,True
aCMshfBk8nc,Sak Maestro vs Shaboy,Second Sight 15,2026-04-25,2026-05-11 12:29:03,Sak Maestro,emcee1,scheduled,appeared,True,True
aCMshfBk8nc,Sak Maestro vs Shaboy,Second Sight 15,2026-04-25,2026-05-11 12:29:03,Shaboy,emcee2,scheduled,appeared,True,True
6c08d7qImP0,Poison13 vs Sensei,Second Sight 15,2026-04-26,2026-05-09 13:51:59,Poison13,emcee1,scheduled,appeared,True,True
6c08d7qImP0,Poison13 vs Sensei,Second Sight 15,2026-04-26,2026-05-09 13:51:59,Sensei,emcee2,scheduled,appeared,True,True
1H3j68DfUUY,Steven vs Z-Han,Grain Assault 17,2026-03-21,2026-04-22 12:31:16,Steven,emcee1,scheduled,appeared,True,True
1H3j68DfUUY,Steven vs Z-Han,Grain Assault 17,2026-03-21,2026-04-22 12:31:16,Z-Han,emcee2,scheduled,appeared,True,True
7sDVqDsw5vc,Mison vs Saff,Grain Assault 17,2026-03-21,2026-04-18 11:51:18,Mison,emcee1,scheduled,appeared,True,True
7sDVqDsw5vc,Mison vs Saff,Grain Assault 17,2026-03-21,2026-04-18 11:51:18,Saff,emcee2,scheduled,appeared,True,True
7_7Xv8gTJp4,John Delo vs Ru,Grain Assault 17,2026-03-21,2026-04-15 12:37:07,John Delo,emcee1,scheduled,appeared,True,True
7_7Xv8gTJp4,John Delo vs Ru,Grain Assault 17,2026-03-21,2026-04-15 12:37:07,Ru,emcee2,scheduled,appeared,True,True
jGfnb4OGi8Q,Blitzen vs VLD,Grain Assault 17,2026-03-21,2026-04-11 12:18:53,Blitzen,emcee1,scheduled,appeared,True,True
jGfnb4OGi8Q,Blitzen vs VLD,Grain Assault 17,2026-03-21,2026-04-11 12:18:53,VLD,emcee2,scheduled,appeared,True,True
OepVPDWPxeo,Baltz vs Exodus,Grain Assault 17,2026-03-21,2026-04-08 11:39:37,Baltz,emcee1,scheduled,appeared,True,True
OepVPDWPxeo,Baltz vs Exodus,Grain Assault 17,2026-03-21,2026-04-08 11:39:37,Exodus,emcee2,scheduled,appeared,True,True
uVHhF8XrA2w,Diddle vs Kulas,Grain Assault 17,2026-03-21,2026-04-04 12:03:35,Diddle,emcee1,scheduled,appeared,True,True
uVHhF8XrA2w,Diddle vs Kulas,Grain Assault 17,2026-03-21,2026-04-04 12:03:35,Kulas,emcee2,scheduled,appeared,True,True
QACw2qbYPGg,Si7ick vs Ivar,Grain Assault 17,2026-03-21,2026-04-01 12:23:50,Si7ick,emcee1,scheduled,appeared,True,True
QACw2qbYPGg,Si7ick vs Ivar,Grain Assault 17,2026-03-21,2026-04-01 12:23:50,Ivar,emcee2,scheduled,appeared,True,True
nx6rPHSLd_8,Jabo vs Boy Sleuth,Grain Assault 17,2026-03-21,2026-03-29 05:57:53,Jabo,emcee1,scheduled,appeared,True,True
nx6rPHSLd_8,Jabo vs Boy Sleuth,Grain Assault 17,2026-03-21,2026-03-29 05:57:53,Boy Sleuth,emcee2,scheduled,appeared,True,True
IPfQtKyCWiQ,Dodong Saypa vs Blizzard,Ahon 16,2025-12-13,2026-03-19 12:55:23,Dodong Saypa,emcee1,scheduled,appeared,True,True
IPfQtKyCWiQ,Dodong Saypa vs Blizzard,Ahon 16,2025-12-13,2026-03-19 12:55:23,Blizzard,emcee2,scheduled,appeared,True,True
AGvrtaQPb3c,Bisente vs Jamy Sykes,Ahon 16,2025-12-13,2026-03-13 12:33:41,Bisente,emcee1,scheduled,appeared,True,True
AGvrtaQPb3c,Bisente vs Jamy Sykes,Ahon 16,2025-12-13,2026-03-13 12:33:41,Jamy Sykes,emcee2,scheduled,appeared,True,True
aSeypPn66V8,Saint Ice vs Ban,Ahon 16,2025-12-14,2026-03-08 08:06:22,Saint Ice,emcee1,scheduled,appeared,True,True
aSeypPn66V8,Saint Ice vs Ban,Ahon 16,2025-12-14,2026-03-08 08:06:22,Ban,emcee2,scheduled,appeared,True,True
bbvTbcnxbXE,Manda Baliw vs SlockOne,Ahon 16,2025-12-13,2026-03-07 10:58:46,Manda Baliw,emcee1,scheduled,appeared,True,True
bbvTbcnxbXE,Manda Baliw vs SlockOne,Ahon 16,2025-12-13,2026-03-07 10:58:46,SlockOne,emcee2,scheduled,appeared,True,True
SXT0FqertLI,K-Ram vs Empithri,Ahon 16,2025-12-14,2026-03-04 12:08:12,K-Ram,emcee1,scheduled,appeared,True,True
SXT0FqertLI,K-Ram vs Empithri,Ahon 16,2025-12-14,2026-03-04 12:08:12,Empithri,emcee2,scheduled,appeared,True,True
RFU9nhvgxaM,Jonas vs Emar Industriya,Ahon 16,2025-12-13,2026-02-28 13:26:09,Jonas,emcee1,scheduled,appeared,True,True
RFU9nhvgxaM,Jonas vs Emar Industriya,Ahon 16,2025-12-13,2026-02-28 13:26:09,Emar Industriya,emcee2,scheduled,appeared,True,True
LlbgujCVl60,Pistolero vs Harlem,Ahon 16,2025-12-13,2026-02-28 12:12:10,Pistolero,emcee1,scheduled,appeared,True,True
LlbgujCVl60,Pistolero vs Harlem,Ahon 16,2025-12-13,2026-02-28 12:12:10,Harlem,emcee2,scheduled,appeared,True,True
aDBnSKEPQOY,Lord Manuel vs Kalixs,Zoning 20,2025-10-24,2026-02-28 11:33:05,Lord Manuel,emcee1,scheduled,appeared,True,True
aDBnSKEPQOY,Lord Manuel vs Kalixs,Zoning 20,2025-10-24,2026-02-28 11:33:05,Kalixs,emcee2,scheduled,appeared,True,True
iReYgDruGEM,Hespero vs R-Zone,Zoning 20,2025-10-24,2026-02-19 12:40:15,Hespero,emcee1,scheduled,appeared,True,True
iReYgDruGEM,Hespero vs R-Zone,Zoning 20,2025-10-24,2026-02-19 12:40:15,R-Zone,emcee2,scheduled,appeared,True,True
NumdcFwxvm0,Thike vs J-King,Zoning 20,2025-10-24,2026-02-17 12:30:33,Thike,emcee1,scheduled,appeared,True,True
NumdcFwxvm0,Thike vs J-King,Zoning 20,2025-10-24,2026-02-17 12:30:33,J-King,emcee2,scheduled,appeared,True,True
3YY0xcGIaYc,Sayadd vs Zend Luke,Ahon 16,2025-12-14,2026-02-14 12:42:38,Sayadd,emcee1,scheduled,appeared,True,True
3YY0xcGIaYc,Sayadd vs Zend Luke,Ahon 16,2025-12-14,2026-02-14 12:42:38,Zend Luke,emcee2,scheduled,appeared,True,True
9wMa-7mTXAk,3rdy vs CNine,Zoning 20,2025-10-24,2026-02-13 12:40:23,3rdy,emcee1,scheduled,appeared,True,True
9wMa-7mTXAk,3rdy vs CNine,Zoning 20,2025-10-24,2026-02-13 12:40:23,CNine,emcee2,scheduled,appeared,True,True
Q6uJcXkHFTk,Caspher vs Sensei,Zoning 21,2025-10-25,2026-02-10 12:31:05,Caspher,emcee1,scheduled,appeared,True,True
Q6uJcXkHFTk,Caspher vs Sensei,Zoning 21,2025-10-25,2026-02-10 12:31:05,Sensei,emcee2,scheduled,appeared,True,True
S0MOQgI2tpc,CripLi vs Zaki,Ahon 16,2025-12-14,2026-02-07 12:33:36,CripLi,emcee1,scheduled,appeared,True,True
S0MOQgI2tpc,CripLi vs Zaki,Ahon 16,2025-12-14,2026-02-07 12:33:36,Zaki,emcee2,scheduled,appeared,True,True
I8zldd0B5Gk,Pamoso vs BLZR,Zoning 21,2025-10-25,2026-02-05 11:58:24,Pamoso,emcee1,scheduled,appeared,True,True
I8zldd0B5Gk,Pamoso vs BLZR,Zoning 21,2025-10-25,2026-02-05 11:58:24,BLZR,emcee2,scheduled,appeared,True,True
GQg7clBMSqE,Antonym vs Freek,Zoning 20,2025-10-24,2026-02-03 12:29:05,Antonym,emcee1,scheduled,appeared,True,True
GQg7clBMSqE,Antonym vs Freek,Zoning 20,2025-10-24,2026-02-03 12:29:05,Freek,emcee2,scheduled,appeared,True,True
U-JBtO-85kk,M Zhayt vs Ruffian,Ahon 16,2025-12-13,2026-01-31 12:46:07,M Zhayt,emcee1,scheduled,appeared,True,True
U-JBtO-85kk,M Zhayt vs Ruffian,Ahon 16,2025-12-13,2026-01-31 12:46:07,Ruffian,emcee2,scheduled,appeared,True,True
aqNz5JatuOc,Aubrey vs Karisma,Zoning 21,2025-10-25,2026-01-29 12:34:42,Aubrey,emcee1,scheduled,appeared,True,True
aqNz5JatuOc,Aubrey vs Karisma,Zoning 21,2025-10-25,2026-01-29 12:34:42,Karisma,emcee2,scheduled,appeared,True,True
FwBwerXwXow,Plazma vs Plaridhel,Zoning 21,2025-10-25,2026-01-27 12:38:51,Plazma,emcee1,scheduled,appeared,True,True
FwBwerXwXow,Plazma vs Plaridhel,Zoning 21,2025-10-25,2026-01-27 12:38:51,Plaridhel,emcee2,scheduled,appeared,True,True
MVCJ6hz4er4,EJ Power vs Vitrum,Ahon 16,2025-12-14,2026-01-24 12:05:50,EJ Power,emcee1,scheduled,appeared,True,True
MVCJ6hz4er4,EJ Power vs Vitrum,Ahon 16,2025-12-14,2026-01-24 12:05:50,Vitrum,emcee2,scheduled,appeared,True,True
myJ3wvIswqM,Bagsik vs Cygnus,Zoning 21,2025-10-25,2026-01-22 13:04:50,Bagsik,emcee1,scheduled,appeared,True,True
myJ3wvIswqM,Bagsik vs Cygnus,Zoning 21,2025-10-25,2026-01-22 13:04:50,Cygnus,emcee2,scheduled,appeared,True,True
4PHwmSSthyo,Jawz vs Dave Denver,Zoning 21,2025-10-25,2026-01-20 12:19:39,Jawz,emcee1,scheduled,appeared,True,True
4PHwmSSthyo,Jawz vs Dave Denver,Zoning 21,2025-10-25,2026-01-20 12:19:39,Dave Denver,emcee2,scheduled,appeared,True,True
PcrQ8ajVNPw,Poison13 vs GL,Ahon 16,2025-12-13,2026-01-17 12:06:57,Poison13,emcee1,scheduled,appeared,True,True
PcrQ8ajVNPw,Poison13 vs GL,Ahon 16,2025-12-13,2026-01-17 12:06:57,GL,emcee2,scheduled,appeared,True,True
Fu8feXFu-qM,Atoms vs Class G,Zoning 21,2025-10-25,2026-01-15 12:46:14,Atoms,emcee1,scheduled,appeared,True,True
Fu8feXFu-qM,Atoms vs Class G,Zoning 21,2025-10-25,2026-01-15 12:46:14,Class G,emcee2,scheduled,appeared,True,True
B2aslqTfwD8,Bisente vs Don Rafael,Zoning 20,2025-10-24,2026-01-13 12:53:18,Bisente,emcee1,scheduled,appeared,True,True
B2aslqTfwD8,Bisente vs Don Rafael,Zoning 20,2025-10-24,2026-01-13 12:53:18,Don Rafael,emcee2,scheduled,appeared,True,True
1GtRT0z4iyg,Tipsy D vs Mhot,Ahon 16,2025-12-14,2025-12-31 15:17:00,Tipsy D,emcee1,scheduled,appeared,True,True
1GtRT0z4iyg,Tipsy D vs Mhot,Ahon 16,2025-12-14,2025-12-31 15:17:00,Mhot,emcee2,scheduled,appeared,True,True
WJiSYDu5ato,Katana vs Lhipkram,Ahon 16,2025-12-14,2025-12-24 16:27:33,Katana,emcee1,scheduled,appeared,True,True
WJiSYDu5ato,Katana vs Lhipkram,Ahon 16,2025-12-14,2025-12-24 16:27:33,Lhipkram,emcee2,scheduled,appeared,True,True
NxxdgCWkZoI,Dodong Saypa vs Negho Gy,Zoning 20,2025-10-24,2025-12-20 12:10:33,Dodong Saypa,emcee1,scheduled,appeared,True,True
NxxdgCWkZoI,Dodong Saypa vs Negho Gy,Zoning 20,2025-10-24,2025-12-20 12:10:33,Negho Gy,emcee2,scheduled,appeared,True,True
LA1xckXBCok,Blizzard vs Tulala,Zoning 20,2025-10-24,2025-12-10 13:52:26,Blizzard,emcee1,scheduled,appeared,True,True
LA1xckXBCok,Blizzard vs Tulala,Zoning 20,2025-10-24,2025-12-10 13:52:26,Tulala,emcee2,scheduled,appeared,True,True
z0dkqiGumxc,Article Clipted vs Jamy Sykes,Zoning 20,2025-10-24,2025-12-07 11:47:13,Article Clipted,emcee1,scheduled,appeared,True,True
z0dkqiGumxc,Article Clipted vs Jamy Sykes,Zoning 20,2025-10-24,2025-12-07 11:47:13,Jamy Sykes,emcee2,scheduled,appeared,True,True
M7kbMc8jB8w,Harlem vs Goriong Talas,Zoning 20,2025-10-24,2025-12-04 12:15:00,Harlem,emcee1,scheduled,appeared,True,True
M7kbMc8jB8w,Harlem vs Goriong Talas,Zoning 20,2025-10-24,2025-12-04 12:15:00,Goriong Talas,emcee2,scheduled,appeared,True,True
DRQi8u1BZVs,Zend Luke vs Yuniko,Zoning 21,2025-10-25,2025-12-01 12:34:16,Zend Luke,emcee1,scheduled,appeared,True,True
DRQi8u1BZVs,Zend Luke vs Yuniko,Zoning 21,2025-10-25,2025-12-01 12:34:16,Yuniko,emcee2,scheduled,appeared,True,True
TyBEJX4RysQ,Shehyee vs Batang Rebelde,Zoning 21,2025-10-25,2025-11-27 13:35:08,Shehyee,emcee1,scheduled,appeared,True,True
TyBEJX4RysQ,Shehyee vs Batang Rebelde,Zoning 21,2025-10-25,2025-11-27 13:35:08,Batang Rebelde,emcee2,scheduled,appeared,True,True
GhZglyeiFfg,Jonas vs Frooz,Bwelta Balentong 12,2025-09-20,2025-11-23 12:40:16,Jonas,emcee1,scheduled,appeared,True,True
GhZglyeiFfg,Jonas vs Frooz,Bwelta Balentong 12,2025-09-20,2025-11-23 12:40:16,Frooz,emcee2,scheduled,appeared,True,True
LAeztRNXHjc,J-Blaque vs SlockOne,Bwelta Balentong 12,2025-09-20,2025-11-20 12:31:16,J-Blaque,emcee1,scheduled,appeared,True,True
LAeztRNXHjc,J-Blaque vs SlockOne,Bwelta Balentong 12,2025-09-20,2025-11-20 12:31:16,SlockOne,emcee2,scheduled,appeared,True,True
K-ouch4hA10,Pistolero vs Invictus,Bwelta Balentong 12,2025-09-20,2025-11-15 11:29:53,Pistolero,emcee1,scheduled,appeared,True,True
K-ouch4hA10,Pistolero vs Invictus,Bwelta Balentong 12,2025-09-20,2025-11-15 11:29:53,Invictus,emcee2,scheduled,appeared,True,True
sYhw2ZUsGbs,M Zhayt vs Empithri,Bwelta Balentong 12,2025-09-20,2025-11-11 12:53:22,M Zhayt,emcee1,scheduled,appeared,True,True
sYhw2ZUsGbs,M Zhayt vs Empithri,Bwelta Balentong 12,2025-09-20,2025-11-11 12:53:22,Empithri,emcee2,scheduled,appeared,True,True
BQhUyT5VlaI,Katana vs Saint Ice,Bwelta Balentong 12,2025-09-20,2025-11-01 12:57:45,Katana,emcee1,scheduled,appeared,True,True
BQhUyT5VlaI,Katana vs Saint Ice,Bwelta Balentong 12,2025-09-20,2025-11-01 12:57:45,Saint Ice,emcee2,scheduled,appeared,True,True
mO3X6qzjpAo,Lhipkram vs Ban,Bwelta Balentong 12,2025-09-20,2025-10-29 12:57:14,Lhipkram,emcee1,scheduled,appeared,True,True
mO3X6qzjpAo,Lhipkram vs Ban,Bwelta Balentong 12,2025-09-20,2025-10-29 12:57:14,Ban,emcee2,scheduled,appeared,True,True
QfNRBbL65Uk,GL vs Ruffian,Bwelta Balentong 12,2025-09-20,2025-10-26 12:48:44,GL,emcee1,scheduled,appeared,True,True
QfNRBbL65Uk,GL vs Ruffian,Bwelta Balentong 12,2025-09-20,2025-10-26 12:48:44,Ruffian,emcee2,scheduled,appeared,True,True
YHUaTOiGXBI,GL vs Hazky,Bwelta Balentong 12,2025-09-20,2025-10-22 12:37:24,GL,emcee1,scheduled,appeared,True,True
YHUaTOiGXBI,GL vs Hazky,Bwelta Balentong 12,2025-09-20,2025-10-22 12:37:24,Hazky,emcee2,scheduled,appeared,True,True
Aptob6ytYqM,Negho Gy vs CRhyme,Unibersikulo 13,2025-07-19,2025-10-19 10:03:25,Negho Gy,emcee1,scheduled,appeared,True,True
Aptob6ytYqM,Negho Gy vs CRhyme,Unibersikulo 13,2025-07-19,2025-10-19 10:03:25,CRhyme,emcee2,scheduled,appeared,True,True
zlu2YRX9Ve0,SirDeo vs Shaboy,Unibersikulo 13,2025-07-19,2025-10-15 12:31:52,SirDeo,emcee1,scheduled,appeared,True,True
zlu2YRX9Ve0,SirDeo vs Shaboy,Unibersikulo 13,2025-07-19,2025-10-15 12:31:52,Shaboy,emcee2,scheduled,appeared,True,True
XyEZc9VZUmg,Zaito vs Manda Baliw,Unibersikulo 13,2025-07-19,2025-10-11 13:21:26,Zaito,emcee1,scheduled,appeared,True,True
XyEZc9VZUmg,Zaito vs Manda Baliw,Unibersikulo 13,2025-07-19,2025-10-11 13:21:26,Manda Baliw,emcee2,scheduled,appeared,True,True
TIBhgTg0GII,Mimack vs Murdz,Gubat 15,2025-06-28,2025-10-11 12:59:32,Mimack,emcee1,scheduled,appeared,True,True
TIBhgTg0GII,Mimack vs Murdz,Gubat 15,2025-06-28,2025-10-11 12:59:32,Murdz,emcee2,scheduled,appeared,True,True
zCqaLb7A9mw,Loon vs Lawrence,Rapollo Mindfields 2025,2025-06-27,2025-10-11 12:43:46,Loon,emcee1,scheduled,appeared,True,True
zCqaLb7A9mw,Loon vs Lawrence,Rapollo Mindfields 2025,2025-06-27,2025-10-11 12:43:46,Lawrence,emcee2,scheduled,appeared,True,True
MdSdkmoa1Xw,JDee vs Yuniko,Unibersikulo 13,2025-07-19,2025-10-04 09:04:02,JDee,emcee1,scheduled,appeared,True,True
MdSdkmoa1Xw,JDee vs Yuniko,Unibersikulo 13,2025-07-19,2025-10-04 09:04:02,Yuniko,emcee2,scheduled,appeared,True,True
wSVla2kXR9Q,Nadnad vs Ryl,Gubat 15,2025-06-28,2025-10-02 12:35:25,Nadnad,emcee1,scheduled,appeared,True,True
wSVla2kXR9Q,Nadnad vs Ryl,Gubat 15,2025-06-28,2025-10-02 12:35:25,Ryl,emcee2,scheduled,appeared,True,True
ACj9U03S0Ac,Ivar vs Asjo,Rapollo Mindfields 2025,2025-06-27,2025-09-29 12:23:02,Ivar,emcee1,scheduled,appeared,True,True
ACj9U03S0Ac,Ivar vs Asjo,Rapollo Mindfields 2025,2025-06-27,2025-09-29 12:23:02,Asjo,emcee2,scheduled,appeared,True,True
mN_2POgxVRk,Poison13 vs Batang Rebelde,Unibersikulo 13,2025-07-19,2025-09-22 12:52:39,Poison13,emcee1,scheduled,appeared,True,True
mN_2POgxVRk,Poison13 vs Batang Rebelde,Unibersikulo 13,2025-07-19,2025-09-22 12:52:39,Batang Rebelde,emcee2,scheduled,appeared,True,True
KqEn_9fDBCg,Keelan vs Castillo,Gubat 15,2025-06-28,2025-09-17 12:40:34,Keelan,emcee1,scheduled,appeared,True,True
KqEn_9fDBCg,Keelan vs Castillo,Gubat 15,2025-06-28,2025-09-17 12:40:34,Castillo,emcee2,scheduled,appeared,True,True
SUk4U9iPc8U,LilStrocks vs Chris Ace,Rapollo Mindfields 2025,2025-06-27,2025-09-14 09:01:15,LilStrocks,emcee1,scheduled,appeared,True,True
SUk4U9iPc8U,LilStrocks vs Chris Ace,Rapollo Mindfields 2025,2025-06-27,2025-09-14 09:01:15,Chris Ace,emcee2,scheduled,appeared,True,True
GToUffwF78A,Marshall Bonifacio vs Empithri,Gubat 15,2025-06-28,2025-09-10 12:33:23,Marshall Bonifacio,emcee1,scheduled,appeared,True,True
GToUffwF78A,Marshall Bonifacio vs Empithri,Gubat 15,2025-06-28,2025-09-10 12:33:23,Empithri,emcee2,scheduled,appeared,True,True
1bBLeIRdlO4,GL vs Emar Industriya,Gubat 15,2025-06-28,2025-09-06 13:47:14,GL,emcee1,scheduled,appeared,True,True
1bBLeIRdlO4,GL vs Emar Industriya,Gubat 15,2025-06-28,2025-09-06 13:47:14,Emar Industriya,emcee2,scheduled,appeared,True,True
gBJGGHH9-XU,Loco vs Dee,Rapollo Mindfields 2025,2025-06-27,2025-09-03 12:29:32,Loco,emcee1,scheduled,appeared,True,True
gBJGGHH9-XU,Loco vs Dee,Rapollo Mindfields 2025,2025-06-27,2025-09-03 12:29:32,Dee,emcee2,scheduled,appeared,True,True
lQMljr0xaC4,J-Blaque vs Vitrum,Gubat 15,2025-06-28,2025-08-30 12:49:21,J-Blaque,emcee1,scheduled,appeared,True,True
lQMljr0xaC4,J-Blaque vs Vitrum,Gubat 15,2025-06-28,2025-08-30 12:49:21,Vitrum,emcee2,scheduled,appeared,True,True
APFhyjRkpCc,Sayadd vs Katana,Unibersikulo 13,2025-07-19,2025-08-28 12:30:41,Sayadd,emcee1,scheduled,appeared,True,True
APFhyjRkpCc,Sayadd vs Katana,Unibersikulo 13,2025-07-19,2025-08-28 12:30:41,Katana,emcee2,scheduled,appeared,True,True
prysyM-IED8,Lhipkram vs K-Ram,Unibersikulo 13,2025-07-19,2025-08-26 12:03:52,Lhipkram,emcee1,scheduled,appeared,True,True
prysyM-IED8,Lhipkram vs K-Ram,Unibersikulo 13,2025-07-19,2025-08-26 12:03:52,K-Ram,emcee2,scheduled,appeared,True,True
5L9DAVcIqvw,Zaki vs Saint Ice,Unibersikulo 13,2025-07-19,2025-08-23 12:43:35,Zaki,emcee1,scheduled,appeared,True,True
5L9DAVcIqvw,Zaki vs Saint Ice,Unibersikulo 13,2025-07-19,2025-08-23 12:43:35,Saint Ice,emcee2,scheduled,appeared,True,True
7T8zNOHHZzs,Ruffian vs Plaridhel,Gubat 15,2025-06-28,2025-08-19 12:24:59,Ruffian,emcee1,scheduled,appeared,True,True
7T8zNOHHZzs,Ruffian vs Plaridhel,Gubat 15,2025-06-28,2025-08-19 12:24:59,Plaridhel,emcee2,scheduled,appeared,True,True
07rjhuTjhUU,CripLi vs Ban,Gubat 15,2025-06-28,2025-08-13 13:32:34,CripLi,emcee1,scheduled,appeared,True,True
07rjhuTjhUU,CripLi vs Ban,Gubat 15,2025-06-28,2025-08-13 13:32:34,Ban,emcee2,scheduled,appeared,True,True
Xfsbnz_WTLs,GL vs J-Blaque,Rapollo Mindfields 2025,2025-06-27,2025-08-11 12:44:03,GL,emcee1,scheduled,appeared,True,True
Xfsbnz_WTLs,GL vs J-Blaque,Rapollo Mindfields 2025,2025-06-27,2025-08-11 12:44:03,J-Blaque,emcee2,scheduled,appeared,True,True
NUtI2Kdfcts,Atoms vs Sickreto,Zoning 19,2025-05-31,2025-08-06 12:44:05,Atoms,emcee1,scheduled,appeared,True,True
NUtI2Kdfcts,Atoms vs Sickreto,Zoning 19,2025-05-31,2025-08-06 12:44:05,Sickreto,emcee2,scheduled,appeared,True,True
7d-QG0k2ItI,Dave Denver vs Supremo,Zoning 19,2025-05-31,2025-08-02 12:25:39,Dave Denver,emcee1,scheduled,appeared,True,True
7d-QG0k2ItI,Dave Denver vs Supremo,Zoning 19,2025-05-31,2025-08-02 12:25:39,Supremo,emcee2,scheduled,appeared,True,True
yJtQH7TFGgA,Sensei vs Andros,Zoning 19,2025-05-31,2025-07-31 12:33:04,Sensei,emcee1,scheduled,appeared,True,True
yJtQH7TFGgA,Sensei vs Andros,Zoning 19,2025-05-31,2025-07-31 12:33:04,Andros,emcee2,scheduled,appeared,True,True
xyN0_xpiqFc,Jawz vs Lord Manuel,Zoning 19,2025-05-31,2025-07-29 12:52:50,Jawz,emcee1,scheduled,appeared,True,True
xyN0_xpiqFc,Jawz vs Lord Manuel,Zoning 19,2025-05-31,2025-07-29 12:52:50,Lord Manuel,emcee2,scheduled,appeared,True,True
yUVSb5_jO84,BLZR vs Antonym,Zoning 19,2025-05-31,2025-07-24 12:29:05,BLZR,emcee1,scheduled,appeared,True,True
yUVSb5_jO84,BLZR vs Antonym,Zoning 19,2025-05-31,2025-07-24 12:29:05,Antonym,emcee2,scheduled,appeared,True,True
gVGHFF0L-4s,Shaboy vs Bisente,Zoning 19,2025-05-31,2025-07-22 12:15:50,Shaboy,emcee1,scheduled,appeared,True,True
gVGHFF0L-4s,Shaboy vs Bisente,Zoning 19,2025-05-31,2025-07-22 12:15:50,Bisente,emcee2,scheduled,appeared,True,True
KtE9zdjN6Q4,CNine vs Cygnus,Zoning 19,2025-05-31,2025-07-17 12:58:29,CNine,emcee1,scheduled,appeared,True,True
KtE9zdjN6Q4,CNine vs Cygnus,Zoning 19,2025-05-31,2025-07-17 12:58:29,Cygnus,emcee2,scheduled,appeared,True,True
JixEkkEOSHk,Philos vs Nathan,Zoning 18,2025-05-24,2025-07-12 12:09:28,Philos,emcee1,scheduled,appeared,True,True
JixEkkEOSHk,Philos vs Nathan,Zoning 18,2025-05-24,2025-07-12 12:09:28,Nathan,emcee2,scheduled,appeared,True,True
KYLK5MzAopA,Marichu vs Blizzard,Zoning 18,2025-05-24,2025-07-10 12:11:14,Marichu,emcee1,scheduled,appeared,True,True
KYLK5MzAopA,Marichu vs Blizzard,Zoning 18,2025-05-24,2025-07-10 12:11:14,Blizzard,emcee2,scheduled,appeared,True,True
4SbQCiMrVRM,Fernie vs Jamy Sykes,Zoning 18,2025-05-24,2025-07-08 13:07:16,Fernie,emcee1,scheduled,appeared,True,True
4SbQCiMrVRM,Fernie vs Jamy Sykes,Zoning 18,2025-05-24,2025-07-08 13:07:16,Jamy Sykes,emcee2,scheduled,appeared,True,True
7rjqA-IWl_o,Pamoso vs Caytriyu,Zoning 18,2025-05-24,2025-07-05 12:54:31,Pamoso,emcee1,scheduled,appeared,True,True
7rjqA-IWl_o,Pamoso vs Caytriyu,Zoning 18,2025-05-24,2025-07-05 12:54:31,Caytriyu,emcee2,scheduled,appeared,True,True
NCElL6MbZ_g,Caspher vs CRhyme,Zoning 18,2025-05-24,2025-07-02 13:23:54,Caspher,emcee1,scheduled,appeared,True,True
NCElL6MbZ_g,Caspher vs CRhyme,Zoning 18,2025-05-24,2025-07-02 13:23:54,CRhyme,emcee2,scheduled,appeared,True,True
RDiDkJHcnqs,Negho Gy vs Hespero,Zoning 18,2025-05-24,2025-06-25 12:44:16,Negho Gy,emcee1,scheduled,appeared,True,True
RDiDkJHcnqs,Negho Gy vs Hespero,Zoning 18,2025-05-24,2025-06-25 12:44:16,Hespero,emcee2,scheduled,appeared,True,True
6ROUOiyY3g0,Ruffian vs JDee,Zoning 18,2025-05-24,2025-06-21 12:23:04,Ruffian,emcee1,scheduled,appeared,True,True
6ROUOiyY3g0,Ruffian vs JDee,Zoning 18,2025-05-24,2025-06-21 12:23:04,JDee,emcee2,scheduled,appeared,True,True
NcFLAIy_YRc,Katana vs 3rdy,Second Sight 14,2025-04-26,2025-06-14 12:14:27,Katana,emcee1,scheduled,appeared,True,True
NcFLAIy_YRc,Katana vs 3rdy,Second Sight 14,2025-04-26,2025-06-14 12:14:27,3rdy,emcee2,scheduled,appeared,True,True
2Z5tbTdxbn8,Manda Baliw vs Ban,Second Sight 14,2025-04-26,2025-06-11 11:07:09,Manda Baliw,emcee1,scheduled,appeared,True,True
2Z5tbTdxbn8,Manda Baliw vs Ban,Second Sight 14,2025-04-26,2025-06-11 11:07:09,Ban,emcee2,scheduled,appeared,True,True
5NfRBaZYyUA,K-Ram vs Kenzer,Second Sight 14,2025-04-26,2025-06-07 10:19:42,K-Ram,emcee1,scheduled,appeared,True,True
5NfRBaZYyUA,K-Ram vs Kenzer,Second Sight 14,2025-04-26,2025-06-07 10:19:42,Kenzer,emcee2,scheduled,appeared,True,True
VG0MbsekLB0,Zend Luke vs Zaki,Second Sight 14,2025-04-26,2025-06-03 12:30:55,Zend Luke,emcee1,scheduled,appeared,True,True
VG0MbsekLB0,Zend Luke vs Zaki,Second Sight 14,2025-04-26,2025-06-03 12:30:55,Zaki,emcee2,scheduled,appeared,True,True
KkenTjMu_VM,Sayadd vs Article Clipted,Second Sight 14,2025-04-26,2025-05-29 11:31:47,Sayadd,emcee1,scheduled,appeared,True,True
KkenTjMu_VM,Sayadd vs Article Clipted,Second Sight 14,2025-04-26,2025-05-29 11:31:47,Article Clipted,emcee2,scheduled,appeared,True,True
6PL2y_RN8Xk,CripLi vs Empithri,Second Sight 14,2025-04-26,2025-05-26 12:28:38,CripLi,emcee1,scheduled,appeared,True,True
6PL2y_RN8Xk,CripLi vs Empithri,Second Sight 14,2025-04-26,2025-05-26 12:28:38,Empithri,emcee2,scheduled,appeared,True,True
ZmA_WXN_YY4,Lhipkram vs Aubrey,Second Sight 14,2025-04-26,2025-05-21 12:51:33,Lhipkram,emcee1,scheduled,appeared,True,True
ZmA_WXN_YY4,Lhipkram vs Aubrey,Second Sight 14,2025-04-26,2025-05-21 12:51:33,Aubrey,emcee2,scheduled,appeared,True,True
vl4yAsFJKUY,Jonas vs Saint Ice,Second Sight 14,2025-04-26,2025-05-17 13:09:25,Jonas,emcee1,scheduled,appeared,True,True
vl4yAsFJKUY,Jonas vs Saint Ice,Second Sight 14,2025-04-26,2025-05-17 13:09:25,Saint Ice,emcee2,scheduled,appeared,True,True
0DVdi9FC2n8,R-Zone vs Ets,Ahon 15,2025-03-29,2025-05-15 12:48:25,R-Zone,emcee1,scheduled,appeared,True,True
0DVdi9FC2n8,R-Zone vs Ets,Ahon 15,2025-03-29,2025-05-15 12:48:25,Ets,emcee2,scheduled,appeared,True,True
appI00yZ96I,Rapido vs MastaFeat,Ahon 15,2025-03-29,2025-05-12 13:06:54,Rapido,emcee1,scheduled,appeared,True,True
appI00yZ96I,Rapido vs MastaFeat,Ahon 15,2025-03-29,2025-05-12 13:06:54,MastaFeat,emcee2,scheduled,appeared,True,True
cFgzl48qyb0,Karisma vs Class G,Ahon 15,2025-03-29,2025-05-09 12:59:26,Karisma,emcee1,scheduled,appeared,True,True
cFgzl48qyb0,Karisma vs Class G,Ahon 15,2025-03-29,2025-05-09 12:59:26,Class G,emcee2,scheduled,appeared,True,True
EWpzF0TSfBQ,Shaboy vs Meraj,Ahon 15,2025-03-29,2025-05-06 12:45:30,Shaboy,emcee1,scheduled,appeared,True,True
EWpzF0TSfBQ,Shaboy vs Meraj,Ahon 15,2025-03-29,2025-05-06 12:45:30,Meraj,emcee2,scheduled,appeared,True,True
opBzcZtWiHQ,Dodong Saypa vs Tulala,Ahon 15,2025-03-29,2025-04-30 13:19:52,Dodong Saypa,emcee1,scheduled,appeared,True,True
opBzcZtWiHQ,Dodong Saypa vs Tulala,Ahon 15,2025-03-29,2025-04-30 13:19:52,Tulala,emcee2,scheduled,appeared,True,True
Jy6lvd46KVg,Plazma vs Emar Industriya,Ahon 15,2025-03-29,2025-04-24 12:38:52,Plazma,emcee1,scheduled,appeared,True,True
Jy6lvd46KVg,Plazma vs Emar Industriya,Ahon 15,2025-03-29,2025-04-24 12:38:52,Emar Industriya,emcee2,scheduled,appeared,True,True
E07-dSkJOlk,Hazky vs SlockOne,Ahon 15,2025-03-29,2025-04-20 12:30:45,Hazky,emcee1,scheduled,appeared,True,True
E07-dSkJOlk,Hazky vs SlockOne,Ahon 15,2025-03-29,2025-04-20 12:30:45,SlockOne,emcee2,scheduled,appeared,True,True
UYlpa0CMBD0,Sinio vs Poison13,Ahon 15,2025-03-29,2025-04-17 12:55:09,Sinio,emcee1,scheduled,appeared,True,True
UYlpa0CMBD0,Sinio vs Poison13,Ahon 15,2025-03-29,2025-04-17 12:55:09,Poison13,emcee2,scheduled,appeared,True,True
PM1jg_Y0VP0,Manda Baliw vs Meraj,Ahon 15,2024-12-21,2025-04-12 12:37:23,Manda Baliw,emcee1,scheduled,appeared,True,True
PM1jg_Y0VP0,Manda Baliw vs Meraj,Ahon 15,2024-12-21,2025-04-12 12:37:23,Meraj,emcee2,scheduled,appeared,True,True
HhDuCdn5Wm4,Hazky vs Batang Rebelde,Ahon 15,2024-12-21,2025-04-10 12:49:48,Hazky,emcee1,scheduled,appeared,True,True
HhDuCdn5Wm4,Hazky vs Batang Rebelde,Ahon 15,2024-12-21,2025-04-10 12:49:48,Batang Rebelde,emcee2,scheduled,appeared,True,True
fGuH0wWjQBk,Ruffian vs Saint Ice,Ahon 15,2024-12-20,2025-04-06 10:38:26,Ruffian,emcee1,scheduled,appeared,True,True
fGuH0wWjQBk,Ruffian vs Saint Ice,Ahon 15,2024-12-20,2025-04-06 10:38:26,Saint Ice,emcee2,scheduled,appeared,True,True
_ZWvMcXmg5M,Poison13 vs Goriong Talas,Ahon 15,2024-12-21,2025-03-27 12:52:22,Poison13,emcee1,scheduled,appeared,True,True
_ZWvMcXmg5M,Poison13 vs Goriong Talas,Ahon 15,2024-12-21,2025-03-27 12:52:22,Goriong Talas,emcee2,scheduled,appeared,True,True
9xWuT-atbuo,Yagi vs JP,Pakusganay 8,2024-11-16,2025-03-24 12:51:25,Yagi,emcee1,scheduled,appeared,True,True
9xWuT-atbuo,Yagi vs JP,Pakusganay 8,2024-11-16,2025-03-24 12:51:25,JP,emcee2,scheduled,appeared,True,True
UJZf0IOkETU,Zaki vs 3rdy,Ahon 15,2024-12-20,2025-03-20 12:35:18,Zaki,emcee1,scheduled,appeared,True,True
UJZf0IOkETU,Zaki vs 3rdy,Ahon 15,2024-12-20,2025-03-20 12:35:18,3rdy,emcee2,scheduled,appeared,True,True
R5XnvvWW2oc,Nadnad vs Zero MB,Gubat 14,2024-11-23,2025-03-18 12:07:01,Nadnad,emcee1,scheduled,appeared,True,True
R5XnvvWW2oc,Nadnad vs Zero MB,Gubat 14,2024-11-23,2025-03-18 12:07:01,Zero MB,emcee2,scheduled,appeared,True,True
8uO1viLYMSE,Sickreto vs Derekta,Pakusganay 8,2024-11-16,2025-03-13 12:30:14,Sickreto,emcee1,scheduled,appeared,True,True
8uO1viLYMSE,Sickreto vs Derekta,Pakusganay 8,2024-11-16,2025-03-13 12:30:14,Derekta,emcee2,scheduled,appeared,True,True
AZrqLS-3NGY,Mimack vs Barbarian,Gubat 14,2024-11-23,2025-03-12 12:49:21,Mimack,emcee1,scheduled,appeared,True,True
AZrqLS-3NGY,Mimack vs Barbarian,Gubat 14,2024-11-23,2025-03-12 12:49:21,Barbarian,emcee2,scheduled,appeared,True,True
nF94vBh9Ac0,Harlem vs Katana,Ahon 15,2024-12-21,2025-03-08 12:43:02,Harlem,emcee1,scheduled,appeared,True,True
nF94vBh9Ac0,Harlem vs Katana,Ahon 15,2024-12-21,2025-03-08 12:43:02,Katana,emcee2,scheduled,appeared,True,True
yDAspNV6oZw,Dosage vs Article Clipted,Pakusganay 8,2024-11-16,2025-03-05 12:41:32,Dosage,emcee1,scheduled,appeared,True,True
yDAspNV6oZw,Dosage vs Article Clipted,Pakusganay 8,2024-11-16,2025-03-05 12:41:32,Article Clipted,emcee2,scheduled,appeared,True,True
q9iupo8MrQE,Shernan vs Pistolero,Ahon 15,2024-12-20,2025-03-01 13:39:55,Shernan,emcee1,scheduled,appeared,True,True
q9iupo8MrQE,Shernan vs Pistolero,Ahon 15,2024-12-20,2025-03-01 13:39:55,Pistolero,emcee2,scheduled,appeared,True,True
UpuXF9IOWpw,Castillo vs Chris Ace,Gubat 14,2024-11-23,2025-02-26 12:48:23,Castillo,emcee1,scheduled,appeared,True,True
UpuXF9IOWpw,Castillo vs Chris Ace,Gubat 14,2024-11-23,2025-02-26 12:48:23,Chris Ace,emcee2,scheduled,appeared,True,True
uD3Ax0ZmP2U,Razick vs Hempphil,Second Sight 13,2024-10-05,2025-02-24 12:43:09,Razick,emcee1,scheduled,appeared,True,True
uD3Ax0ZmP2U,Razick vs Hempphil,Second Sight 13,2024-10-05,2025-02-24 12:43:09,Hempphil,emcee2,scheduled,appeared,True,True
PVtQj7pnIlg,M Zhayt vs Frooz,Ahon 15,2024-12-21,2025-02-23 12:33:26,M Zhayt,emcee1,scheduled,appeared,True,True
PVtQj7pnIlg,M Zhayt vs Frooz,Ahon 15,2024-12-21,2025-02-23 12:33:26,Frooz,emcee2,scheduled,appeared,True,True
llo7mx9GtxY,3rdy vs Empithri,Pakusganay 8,2024-11-16,2025-02-19 13:28:10,3rdy,emcee1,scheduled,appeared,True,True
llo7mx9GtxY,3rdy vs Empithri,Pakusganay 8,2024-11-16,2025-02-19 13:28:10,Empithri,emcee2,scheduled,appeared,True,True
4zw073EH6Vk,Kenzer vs Ban,Gubat 14,2024-11-23,2025-02-17 12:38:30,Kenzer,emcee1,scheduled,appeared,True,True
4zw073EH6Vk,Kenzer vs Ban,Gubat 14,2024-11-23,2025-02-17 12:38:30,Ban,emcee2,scheduled,appeared,True,True
C-Eio3ltag0,Goriong Talas vs JR Zero,Pakusganay 8,2024-11-16,2025-02-15 12:41:04,Goriong Talas,emcee1,scheduled,appeared,True,True
C-Eio3ltag0,Goriong Talas vs JR Zero,Pakusganay 8,2024-11-16,2025-02-15 12:41:04,JR Zero,emcee2,scheduled,appeared,True,True
doQCIlcFOvI,Lhipkram vs Sayadd,Ahon 15,2024-12-20,2025-02-12 12:40:56,Lhipkram,emcee1,scheduled,appeared,True,True
doQCIlcFOvI,Lhipkram vs Sayadd,Ahon 15,2024-12-20,2025-02-12 12:40:56,Sayadd,emcee2,scheduled,appeared,True,True
CvWDh27Ng9Q,Jonas vs Zend Luke,Ahon 15,2024-12-21,2025-02-09 12:44:32,Jonas,emcee1,scheduled,appeared,True,True
CvWDh27Ng9Q,Jonas vs Zend Luke,Ahon 15,2024-12-21,2025-02-09 12:44:32,Zend Luke,emcee2,scheduled,appeared,True,True
P7LP92Yhi-g,Zend Luke vs Mistah Lefty,Gubat 14,2024-11-23,2025-02-06 12:51:30,Zend Luke,emcee1,scheduled,appeared,True,True
P7LP92Yhi-g,Zend Luke vs Mistah Lefty,Gubat 14,2024-11-23,2025-02-06 12:51:30,Mistah Lefty,emcee2,scheduled,appeared,True,True
HFylCZ-aVzM,Plaridhel vs Mistah Lefty,Pakusganay 8,2024-11-16,2025-02-03 12:23:48,Plaridhel,emcee1,scheduled,appeared,True,True
HFylCZ-aVzM,Plaridhel vs Mistah Lefty,Pakusganay 8,2024-11-16,2025-02-03 12:23:48,Mistah Lefty,emcee2,scheduled,appeared,True,True
LWXRl-NG5dk,Dave Denver vs Kalixs,Second Sight 13,2024-10-05,2025-01-31 12:49:12,Dave Denver,emcee1,scheduled,appeared,True,True
LWXRl-NG5dk,Dave Denver vs Kalixs,Second Sight 13,2024-10-05,2025-01-31 12:49:12,Kalixs,emcee2,scheduled,appeared,True,True
-pDXe4AsDZ4,J-Blaque vs Kregga,Gubat 14,2024-11-23,2025-01-26 12:39:12,J-Blaque,emcee1,scheduled,appeared,True,True
-pDXe4AsDZ4,J-Blaque vs Kregga,Gubat 14,2024-11-23,2025-01-26 12:39:12,Kregga,emcee2,scheduled,appeared,True,True
BYmEptxJGEw,Fukuda vs Emar Industriya,Pakusganay 8,2024-11-16,2025-01-23 12:49:19,Fukuda,emcee1,scheduled,appeared,True,True
BYmEptxJGEw,Fukuda vs Emar Industriya,Pakusganay 8,2024-11-16,2025-01-23 12:49:19,Emar Industriya,emcee2,scheduled,appeared,True,True
EWaJ4HnVAKE,CRhyme vs Supremo,Second Sight 13,2024-10-05,2025-01-21 12:45:49,CRhyme,emcee1,scheduled,appeared,True,True
EWaJ4HnVAKE,CRhyme vs Supremo,Second Sight 13,2024-10-05,2025-01-21 12:45:49,Supremo,emcee2,scheduled,appeared,True,True
spHgPSIKhyo,Tipsy D vs M Zhayt,Ahon 15,2024-12-21,2025-01-19 12:48:13,Tipsy D,emcee1,scheduled,appeared,True,True
spHgPSIKhyo,Tipsy D vs M Zhayt,Ahon 15,2024-12-21,2025-01-19 12:48:13,M Zhayt,emcee2,scheduled,appeared,True,True
B550Fva6pUw,Tipsy D vs Frooz,Ahon 15,2024-12-21,2025-01-16 12:45:02,Tipsy D,emcee1,scheduled,appeared,True,True
B550Fva6pUw,Tipsy D vs Frooz,Ahon 15,2024-12-21,2025-01-16 12:45:02,Frooz,emcee2,scheduled,appeared,True,True
88qjru3sRf0,Pistolero vs Frooz,Gubat 14,2024-11-23,2025-01-14 12:09:12,Pistolero,emcee1,scheduled,appeared,True,True
88qjru3sRf0,Pistolero vs Frooz,Gubat 14,2024-11-23,2025-01-14 12:09:12,Frooz,emcee2,scheduled,appeared,True,True
zaSmqfbCZ8I,Lhipkram vs Sak Maestro,Pakusganay 8,2024-11-16,2025-01-11 12:54:16,Lhipkram,emcee1,scheduled,appeared,True,True
zaSmqfbCZ8I,Lhipkram vs Sak Maestro,Pakusganay 8,2024-11-16,2025-01-11 12:54:16,Sak Maestro,emcee2,scheduled,appeared,True,True
KaJ9LEN-xQo,CripLi vs Batang Rebelde,Gubat 14,2024-11-23,2025-01-09 12:33:41,CripLi,emcee1,scheduled,appeared,True,True
KaJ9LEN-xQo,CripLi vs Batang Rebelde,Gubat 14,2024-11-23,2025-01-09 12:33:41,Batang Rebelde,emcee2,scheduled,appeared,True,True
lAVcxpjJsu0,Caytriyu vs Tulala,Second Sight 13,2024-10-05,2025-01-07 12:36:58,Caytriyu,emcee1,scheduled,appeared,True,True
lAVcxpjJsu0,Caytriyu vs Tulala,Second Sight 13,2024-10-05,2025-01-07 12:36:58,Tulala,emcee2,scheduled,appeared,True,True
5gJ0NsiJF5k,Shehyee vs EJ Power,Ahon 15,2024-12-20,2025-01-05 11:18:54,Shehyee,emcee1,scheduled,appeared,True,True
5gJ0NsiJF5k,Shehyee vs EJ Power,Ahon 15,2024-12-20,2025-01-05 11:18:54,EJ Power,emcee2,scheduled,appeared,True,True
1YLbAs1Kgsk,GL vs Vitrum,Ahon 15,2024-12-21,2024-12-25 12:20:20,GL,emcee1,scheduled,appeared,True,True
1YLbAs1Kgsk,GL vs Vitrum,Ahon 15,2024-12-21,2024-12-25 12:20:20,Vitrum,emcee2,scheduled,appeared,True,True
UfFT7TbtRy0,Emar Industriya vs Poison13,Second Sight 13,2024-10-05,2024-12-04 12:45:47,Emar Industriya,emcee1,scheduled,appeared,True,True
UfFT7TbtRy0,Emar Industriya vs Poison13,Second Sight 13,2024-10-05,2024-12-04 12:45:47,Poison13,emcee2,scheduled,appeared,True,True
cBD4EStexTI,Keelan vs Don Rafael,Bwelta Balentong 11,2024-09-21,2024-12-01 08:48:28,Keelan,emcee1,scheduled,appeared,True,True
cBD4EStexTI,Keelan vs Don Rafael,Bwelta Balentong 11,2024-09-21,2024-12-01 08:48:28,Don Rafael,emcee2,scheduled,appeared,True,True
I3hCdqKmYrA,Manda Baliw vs Katana,Bwelta Balentong 11,2024-09-21,2024-11-27 12:29:25,Manda Baliw,emcee1,scheduled,appeared,True,True
I3hCdqKmYrA,Manda Baliw vs Katana,Bwelta Balentong 11,2024-09-21,2024-11-27 12:29:25,Katana,emcee2,scheduled,appeared,True,True
vOUfWU-L6d4,M Zhayt vs Zend Luke,Bwelta Balentong 11,2024-09-21,2024-11-20 13:22:57,M Zhayt,emcee1,scheduled,appeared,True,True
vOUfWU-L6d4,M Zhayt vs Zend Luke,Bwelta Balentong 11,2024-09-21,2024-11-20 13:22:57,Zend Luke,emcee2,scheduled,appeared,True,True
HPJTPQqyI2M,Hazky vs CripLi,Bwelta Balentong 11,2024-09-21,2024-11-09 12:58:53,Hazky,emcee1,scheduled,appeared,True,True
HPJTPQqyI2M,Hazky vs CripLi,Bwelta Balentong 11,2024-09-21,2024-11-09 12:58:53,CripLi,emcee2,scheduled,appeared,True,True
srclfjTsRTE,SlockOne vs Vitrum,Bwelta Balentong 11,2024-09-21,2024-11-06 12:04:31,SlockOne,emcee1,scheduled,appeared,True,True
srclfjTsRTE,SlockOne vs Vitrum,Bwelta Balentong 11,2024-09-21,2024-11-06 12:04:31,Vitrum,emcee2,scheduled,appeared,True,True
HDa4I1ZDBkY,EJ Power vs GL,Bwelta Balentong 11,2024-09-21,2024-11-03 11:55:01,EJ Power,emcee1,scheduled,appeared,True,True
HDa4I1ZDBkY,EJ Power vs GL,Bwelta Balentong 11,2024-09-21,2024-11-03 11:55:01,GL,emcee2,scheduled,appeared,True,True
70a_EIa6AnQ,Sinio vs Shernan,Bwelta Balentong 11,2024-09-21,2024-10-30 12:41:04,Sinio,emcee1,scheduled,appeared,True,True
70a_EIa6AnQ,Sinio vs Shernan,Bwelta Balentong 11,2024-09-21,2024-10-30 12:41:04,Shernan,emcee2,scheduled,appeared,True,True
nWXp9s0bne8,Val vs Aztec,Won Minutes 2024 (Luzon 3),2024-08-03,2024-10-27 09:44:00,Val,emcee1,scheduled,appeared,True,True
nWXp9s0bne8,Val vs Aztec,Won Minutes 2024 (Luzon 3),2024-08-03,2024-10-27 09:44:00,Aztec,emcee2,scheduled,appeared,True,True
_5i1saQIygI,R-Zone vs James Overman,Won Minutes 2024 (Luzon 3),2024-08-03,2024-10-23 12:13:58,R-Zone,emcee1,scheduled,appeared,True,True
_5i1saQIygI,R-Zone vs James Overman,Won Minutes 2024 (Luzon 3),2024-08-03,2024-10-23 12:13:58,James Overman,emcee2,scheduled,appeared,True,True
dA7SyMGymN4,Blizzard vs Sensei,Won Minutes 2024 (Luzon 3),2024-08-03,2024-10-20 08:28:41,Blizzard,emcee1,scheduled,appeared,True,True
dA7SyMGymN4,Blizzard vs Sensei,Won Minutes 2024 (Luzon 3),2024-08-03,2024-10-20 08:28:41,Sensei,emcee2,scheduled,appeared,True,True
XNVCF-igoKw,Cygnus vs Jamy Sykes,Won Minutes 2024 (Luzon 3),2024-08-03,2024-10-16 12:15:50,Cygnus,emcee1,scheduled,appeared,True,True
XNVCF-igoKw,Cygnus vs Jamy Sykes,Won Minutes 2024 (Luzon 3),2024-08-03,2024-10-16 12:15:50,Jamy Sykes,emcee2,scheduled,appeared,True,True
5mgtcYNJki8,Atoms vs Caytriyu,Won Minutes 2024 (Luzon 3),2024-08-03,2024-10-13 07:30:20,Atoms,emcee1,scheduled,appeared,True,True
5mgtcYNJki8,Atoms vs Caytriyu,Won Minutes 2024 (Luzon 3),2024-08-03,2024-10-13 07:30:20,Caytriyu,emcee2,scheduled,appeared,True,True
mumxAjM-Arc,Fernie vs Pamoso,Won Minutes 2024 (Luzon 3),2024-08-03,2024-10-09 12:33:06,Fernie,emcee1,scheduled,appeared,True,True
mumxAjM-Arc,Fernie vs Pamoso,Won Minutes 2024 (Luzon 3),2024-08-03,2024-10-09 12:33:06,Pamoso,emcee2,scheduled,appeared,True,True
kJg858-Ztkc,Tulala vs Crispy Fetus,Won Minutes 2024 (Luzon 3),2024-08-03,2024-10-02 12:38:51,Tulala,emcee1,scheduled,appeared,True,True
kJg858-Ztkc,Tulala vs Crispy Fetus,Won Minutes 2024 (Luzon 3),2024-08-03,2024-10-02 12:38:51,Crispy Fetus,emcee2,scheduled,appeared,True,True
6CT0qxiUVBk,Hempphil vs Earth-J,Won Minutes 2024 (Luzon 3),2024-08-03,2024-09-29 12:37:44,Hempphil,emcee1,scheduled,appeared,True,True
6CT0qxiUVBk,Hempphil vs Earth-J,Won Minutes 2024 (Luzon 3),2024-08-03,2024-09-29 12:37:44,Earth-J,emcee2,scheduled,appeared,True,True
Qc0Ph1IVEC0,Tipsy D vs Goriong Talas,Won Minutes 2024 (Luzon 3),2024-08-03,2024-09-26 12:52:17,Tipsy D,emcee1,scheduled,appeared,True,True
Qc0Ph1IVEC0,Tipsy D vs Goriong Talas,Won Minutes 2024 (Luzon 3),2024-08-03,2024-09-26 12:52:17,Goriong Talas,emcee2,scheduled,appeared,True,True
f6XUzS5dGOs,BLZR vs Freek,Unibersikulo 12,2024-06-29,2024-09-20 12:48:37,BLZR,emcee1,scheduled,appeared,True,True
f6XUzS5dGOs,BLZR vs Freek,Unibersikulo 12,2024-06-29,2024-09-20 12:48:37,Freek,emcee2,scheduled,appeared,True,True
Zu0Jn6VhSWU,Philos vs Lord Manuel,Unibersikulo 12,2024-06-29,2024-09-15 12:47:54,Philos,emcee1,scheduled,appeared,True,True
Zu0Jn6VhSWU,Philos vs Lord Manuel,Unibersikulo 12,2024-06-29,2024-09-15 12:47:54,Lord Manuel,emcee2,scheduled,appeared,True,True
D-dMsNy3duk,Jawz vs Bisente,Unibersikulo 12,2024-06-29,2024-09-13 11:49:26,Jawz,emcee1,scheduled,appeared,True,True
D-dMsNy3duk,Jawz vs Bisente,Unibersikulo 12,2024-06-29,2024-09-13 11:49:26,Bisente,emcee2,scheduled,appeared,True,True
iyO-FmxzEIA,Shaboy vs Dodong Saypa,Unibersikulo 12,2024-06-29,2024-09-10 12:24:25,Shaboy,emcee1,scheduled,appeared,True,True
iyO-FmxzEIA,Shaboy vs Dodong Saypa,Unibersikulo 12,2024-06-29,2024-09-10 12:24:25,Dodong Saypa,emcee2,scheduled,appeared,True,True
xARwLri-rN4,Frooz vs CripLi,Unibersikulo 12,2024-06-29,2024-09-08 13:03:27,Frooz,emcee1,scheduled,appeared,True,True
xARwLri-rN4,Frooz vs CripLi,Unibersikulo 12,2024-06-29,2024-09-08 13:03:27,CripLi,emcee2,scheduled,appeared,True,True
e3NEiFyEJTc,EJ Power vs Romano,Unibersikulo 12,2024-06-29,2024-09-04 13:08:52,EJ Power,emcee1,scheduled,appeared,True,True
e3NEiFyEJTc,EJ Power vs Romano,Unibersikulo 12,2024-06-29,2024-09-04 13:08:52,Romano,emcee2,scheduled,appeared,True,True
C9Kw0vX9TNE,Sur Henyo vs GL,Unibersikulo 12,2024-06-29,2024-09-02 11:56:40,Sur Henyo,emcee1,scheduled,appeared,True,True
C9Kw0vX9TNE,Sur Henyo vs GL,Unibersikulo 12,2024-06-29,2024-09-02 11:56:40,GL,emcee2,scheduled,appeared,True,True
_twV2LsxMYA,Tipsy D vs Batang Rebelde,Unibersikulo 12,2024-06-29,2024-08-29 13:03:44,Tipsy D,emcee1,scheduled,appeared,True,True
_twV2LsxMYA,Tipsy D vs Batang Rebelde,Unibersikulo 12,2024-06-29,2024-08-29 13:03:44,Batang Rebelde,emcee2,scheduled,appeared,True,True
0R8EkQKxA8Y,Lhipkram vs SirDeo,Zoning 17,2024-06-01,2024-08-25 07:41:41,Lhipkram,emcee1,scheduled,appeared,True,True
0R8EkQKxA8Y,Lhipkram vs SirDeo,Zoning 17,2024-06-01,2024-08-25 07:41:41,SirDeo,emcee2,scheduled,appeared,True,True
CsFsWJ8z-i4,Caspher vs Andros,Zoning 17,2024-06-01,2024-08-23 12:33:03,Caspher,emcee1,scheduled,appeared,True,True
CsFsWJ8z-i4,Caspher vs Andros,Zoning 17,2024-06-01,2024-08-23 12:33:03,Andros,emcee2,scheduled,appeared,True,True
YoFx5KeltMQ,Hespero vs Frinze,Zoning 17,2024-06-01,2024-08-21 12:55:08,Hespero,emcee1,scheduled,appeared,True,True
YoFx5KeltMQ,Hespero vs Frinze,Zoning 17,2024-06-01,2024-08-21 12:55:08,Frinze,emcee2,scheduled,appeared,True,True
okecQ4M20xc,Negho Gy vs Antonym,Zoning 17,2024-06-01,2024-08-17 12:26:45,Negho Gy,emcee1,scheduled,appeared,True,True
okecQ4M20xc,Negho Gy vs Antonym,Zoning 17,2024-06-01,2024-08-17 12:26:45,Antonym,emcee2,scheduled,appeared,True,True
iQUwhNNj9rE,Yuniko vs Saint Ice,Zoning 17,2024-06-01,2024-08-15 13:22:44,Yuniko,emcee1,scheduled,appeared,True,True
iQUwhNNj9rE,Yuniko vs Saint Ice,Zoning 17,2024-06-01,2024-08-15 13:22:44,Saint Ice,emcee2,scheduled,appeared,True,True
NqTgAUUoGAo,Katana vs Meraj,Zoning 17,2024-06-01,2024-08-13 13:12:05,Katana,emcee1,scheduled,appeared,True,True
NqTgAUUoGAo,Katana vs Meraj,Zoning 17,2024-06-01,2024-08-13 13:12:05,Meraj,emcee2,scheduled,appeared,True,True
TAInI0g-BXQ,Vitrum vs G-Clown,Zoning 17,2024-06-01,2024-08-10 12:58:32,Vitrum,emcee1,scheduled,appeared,True,True
TAInI0g-BXQ,Vitrum vs G-Clown,Zoning 17,2024-06-01,2024-08-10 12:58:32,G-Clown,emcee2,scheduled,appeared,True,True
O6mS83BSivI,SlockOne vs Ruffian,Zoning 17,2024-06-01,2024-08-08 13:11:15,SlockOne,emcee1,scheduled,appeared,True,True
O6mS83BSivI,SlockOne vs Ruffian,Zoning 17,2024-06-01,2024-08-08 13:11:15,Ruffian,emcee2,scheduled,appeared,True,True
5THk6fd-FIY,Aubrey vs Hempphil,Won Minutes 2024 (Luzon 2),2024-05-04,2024-08-05 12:54:20,Aubrey,emcee1,scheduled,appeared,True,True
5THk6fd-FIY,Aubrey vs Hempphil,Won Minutes 2024 (Luzon 2),2024-05-04,2024-08-05 12:54:20,Hempphil,emcee2,scheduled,appeared,True,True
zWTapWo_Iho,Shaboy vs Marichu,Won Minutes 2024 (Luzon 2),2024-05-04,2024-08-03 09:58:17,Shaboy,emcee1,scheduled,appeared,True,True
zWTapWo_Iho,Shaboy vs Marichu,Won Minutes 2024 (Luzon 2),2024-05-04,2024-08-03 09:58:17,Marichu,emcee2,scheduled,appeared,True,True
PtnS5Eeci3U,Jawz vs Pamoso,Won Minutes 2024 (Luzon 2),2024-05-04,2024-07-30 13:24:58,Jawz,emcee1,scheduled,appeared,True,True
PtnS5Eeci3U,Jawz vs Pamoso,Won Minutes 2024 (Luzon 2),2024-05-04,2024-07-30 13:24:58,Pamoso,emcee2,scheduled,appeared,True,True
Ld9rnVTawyI,Don Rafael vs Ets,Won Minutes 2024 (Luzon 2),2024-05-04,2024-07-28 09:35:46,Don Rafael,emcee1,scheduled,appeared,True,True
Ld9rnVTawyI,Don Rafael vs Ets,Won Minutes 2024 (Luzon 2),2024-05-04,2024-07-28 09:35:46,Ets,emcee2,scheduled,appeared,True,True
IjXzp6BwNdk,Kalixs vs Razick,Won Minutes 2024 (Luzon 2),2024-05-04,2024-07-26 12:52:36,Kalixs,emcee1,scheduled,appeared,True,True
IjXzp6BwNdk,Kalixs vs Razick,Won Minutes 2024 (Luzon 2),2024-05-04,2024-07-26 12:52:36,Razick,emcee2,scheduled,appeared,True,True
6GL_xyhHccs,Dodong Saypa vs CRhyme,Won Minutes 2024 (Luzon 2),2024-05-04,2024-07-22 13:05:23,Dodong Saypa,emcee1,scheduled,appeared,True,True
6GL_xyhHccs,Dodong Saypa vs CRhyme,Won Minutes 2024 (Luzon 2),2024-05-04,2024-07-22 13:05:23,CRhyme,emcee2,scheduled,appeared,True,True
rSdk62EWW9U,Keelan vs Dave Denver,Won Minutes 2024 (Luzon 2),2024-05-04,2024-07-20 12:48:41,Keelan,emcee1,scheduled,appeared,True,True
rSdk62EWW9U,Keelan vs Dave Denver,Won Minutes 2024 (Luzon 2),2024-05-04,2024-07-20 12:48:41,Dave Denver,emcee2,scheduled,appeared,True,True
N8ynbj4BX0Y,Supremo vs Philos,Won Minutes 2024 (Luzon 2),2024-05-04,2024-07-18 12:32:08,Supremo,emcee1,scheduled,appeared,True,True
N8ynbj4BX0Y,Supremo vs Philos,Won Minutes 2024 (Luzon 2),2024-05-04,2024-07-18 12:32:08,Philos,emcee2,scheduled,appeared,True,True
4XRHLa6JA_Y,Bisente vs BLZR,Won Minutes 2024 (Luzon 2),2024-05-04,2024-07-16 12:47:54,Bisente,emcee1,scheduled,appeared,True,True
4XRHLa6JA_Y,Bisente vs BLZR,Won Minutes 2024 (Luzon 2),2024-05-04,2024-07-16 12:47:54,BLZR,emcee2,scheduled,appeared,True,True
jMIyyzSvRSA,M Zhayt vs Sayadd,Won Minutes 2024 (Luzon 2),2024-05-04,2024-07-13 14:20:47,M Zhayt,emcee1,scheduled,appeared,True,True
jMIyyzSvRSA,M Zhayt vs Sayadd,Won Minutes 2024 (Luzon 2),2024-05-04,2024-07-13 14:20:47,Sayadd,emcee2,scheduled,appeared,True,True
4IKJS0fuIKA,Barbarian vs Lawrence,Won Minutes 2024 (Visayas),2024-04-19,2024-07-12 12:53:18,Barbarian,emcee1,scheduled,appeared,True,True
4IKJS0fuIKA,Barbarian vs Lawrence,Won Minutes 2024 (Visayas),2024-04-19,2024-07-12 12:53:18,Lawrence,emcee2,scheduled,appeared,True,True
ia-jddmYmaQ,Zero MB vs Loon,Won Minutes 2024 (Visayas),2024-04-19,2024-07-11 12:54:12,Zero MB,emcee1,scheduled,appeared,True,True
ia-jddmYmaQ,Zero MB vs Loon,Won Minutes 2024 (Visayas),2024-04-19,2024-07-11 12:54:12,Loon,emcee2,scheduled,appeared,True,True
XDo5Is8mCtY,Ivar vs Ryl,Won Minutes 2024 (Visayas),2024-04-19,2024-07-09 12:57:47,Ivar,emcee1,scheduled,appeared,True,True
XDo5Is8mCtY,Ivar vs Ryl,Won Minutes 2024 (Visayas),2024-04-19,2024-07-09 12:57:47,Ryl,emcee2,scheduled,appeared,True,True
fGPW0w7j9Gs,Pen Pluma vs RG,Won Minutes 2024 (Visayas),2024-04-19,2024-07-08 12:59:39,Pen Pluma,emcee1,scheduled,appeared,True,True
fGPW0w7j9Gs,Pen Pluma vs RG,Won Minutes 2024 (Visayas),2024-04-19,2024-07-08 12:59:39,RG,emcee2,scheduled,appeared,True,True
oknAPwWnzqk,Chris Ace vs Chaliz,Won Minutes 2024 (Visayas),2024-04-19,2024-07-06 13:18:08,Chris Ace,emcee1,scheduled,appeared,True,True
oknAPwWnzqk,Chris Ace vs Chaliz,Won Minutes 2024 (Visayas),2024-04-19,2024-07-06 13:18:08,Chaliz,emcee2,scheduled,appeared,True,True
GiN6ASGxK4Q,Murdz vs Nathan,Gubat 13,2024-04-20,2024-06-27 13:02:37,Murdz,emcee1,scheduled,appeared,True,True
GiN6ASGxK4Q,Murdz vs Nathan,Gubat 13,2024-04-20,2024-06-27 13:02:37,Nathan,emcee2,scheduled,appeared,True,True
9SMQqF1nlic,Ban vs Nadnad,Gubat 13,2024-04-20,2024-06-24 12:20:09,Ban,emcee1,scheduled,appeared,True,True
9SMQqF1nlic,Ban vs Nadnad,Gubat 13,2024-04-20,2024-06-24 12:20:09,Nadnad,emcee2,scheduled,appeared,True,True
SQp-0hvDxuc,Mimack vs Deadline,Gubat 13,2024-04-20,2024-06-18 12:55:14,Mimack,emcee1,scheduled,appeared,True,True
SQp-0hvDxuc,Mimack vs Deadline,Gubat 13,2024-04-20,2024-06-18 12:55:14,Deadline,emcee2,scheduled,appeared,True,True
mjaAZa0t1SA,Empithri vs Kenzer,Gubat 13,2024-04-20,2024-06-13 12:52:26,Empithri,emcee1,scheduled,appeared,True,True
mjaAZa0t1SA,Empithri vs Kenzer,Gubat 13,2024-04-20,2024-06-13 12:52:26,Kenzer,emcee2,scheduled,appeared,True,True
RQxUqqd4wN4,Kregga vs Mistah Lefty,Gubat 13,2024-04-20,2024-06-10 11:05:54,Kregga,emcee1,scheduled,appeared,True,True
RQxUqqd4wN4,Kregga vs Mistah Lefty,Gubat 13,2024-04-20,2024-06-10 11:05:54,Mistah Lefty,emcee2,scheduled,appeared,True,True
xDodc_Wwn-g,Hazky vs Asser,Gubat 13,2024-04-20,2024-06-05 13:33:25,Hazky,emcee1,scheduled,appeared,True,True
xDodc_Wwn-g,Hazky vs Asser,Gubat 13,2024-04-20,2024-06-05 13:33:25,Asser,emcee2,scheduled,appeared,True,True
gM_Xp_H2PTE,GL vs JDee,Gubat 13,2024-04-20,2024-06-01 12:15:04,GL,emcee1,scheduled,appeared,True,True
gM_Xp_H2PTE,GL vs JDee,Gubat 13,2024-04-20,2024-06-01 12:15:04,JDee,emcee2,scheduled,appeared,True,True
t7KNgMnl5w4,Poison13 vs EJ Power,Gubat 13,2024-04-20,2024-05-29 12:48:44,Poison13,emcee1,scheduled,appeared,True,True
t7KNgMnl5w4,Poison13 vs EJ Power,Gubat 13,2024-04-20,2024-05-29 12:48:44,EJ Power,emcee2,scheduled,appeared,True,True
lm4u9ZOX7Kk,Jonas vs Plazma,Second Sight 12,2024-03-23,2024-05-25 13:53:51,Jonas,emcee1,scheduled,appeared,True,True
lm4u9ZOX7Kk,Jonas vs Plazma,Second Sight 12,2024-03-23,2024-05-25 13:53:51,Plazma,emcee2,scheduled,appeared,True,True
TmrDz8b6aBw,Apoc vs Ruffian,Second Sight 12,2024-03-23,2024-05-23 12:37:39,Apoc,emcee1,scheduled,appeared,True,True
TmrDz8b6aBw,Apoc vs Ruffian,Second Sight 12,2024-03-23,2024-05-23 12:37:39,Ruffian,emcee2,scheduled,appeared,True,True
uM16KYy2rsc,SlockOne vs Class G,Second Sight 12,2024-03-23,2024-05-22 12:37:43,SlockOne,emcee1,scheduled,appeared,True,True
uM16KYy2rsc,SlockOne vs Class G,Second Sight 12,2024-03-23,2024-05-22 12:37:43,Class G,emcee2,scheduled,appeared,True,True
zjExubcovyI,Rapido vs G-Clown,Second Sight 12,2024-03-23,2024-05-18 12:53:52,Rapido,emcee1,scheduled,appeared,True,True
zjExubcovyI,Rapido vs G-Clown,Second Sight 12,2024-03-23,2024-05-18 12:53:52,G-Clown,emcee2,scheduled,appeared,True,True
fNM3CeJL5cw,Marshall Bonifacio vs Vitrum,Second Sight 12,2024-03-23,2024-05-16 12:15:40,Marshall Bonifacio,emcee1,scheduled,appeared,True,True
fNM3CeJL5cw,Marshall Bonifacio vs Vitrum,Second Sight 12,2024-03-23,2024-05-16 12:15:40,Vitrum,emcee2,scheduled,appeared,True,True
2ijVNRFIVfM,Romano vs 3rdy,Second Sight 12,2024-03-23,2024-05-14 13:43:42,Romano,emcee1,scheduled,appeared,True,True
2ijVNRFIVfM,Romano vs 3rdy,Second Sight 12,2024-03-23,2024-05-14 13:43:42,3rdy,emcee2,scheduled,appeared,True,True
uTOsUEFv6hQ,Sur Henyo vs JR Zero,Second Sight 12,2024-03-23,2024-05-11 10:51:40,Sur Henyo,emcee1,scheduled,appeared,True,True
uTOsUEFv6hQ,Sur Henyo vs JR Zero,Second Sight 12,2024-03-23,2024-05-11 10:51:40,JR Zero,emcee2,scheduled,appeared,True,True
1cE6llbgX0I,M Zhayt vs Emar Industriya,Second Sight 12,2024-03-23,2024-05-09 12:35:39,M Zhayt,emcee1,scheduled,appeared,True,True
1cE6llbgX0I,M Zhayt vs Emar Industriya,Second Sight 12,2024-03-23,2024-05-09 12:35:39,Emar Industriya,emcee2,scheduled,appeared,True,True
MsUnIHqWlmY,One Lie Ace vs Lax Hartis,Won Minutes 2024 (Luzon 1),2024-02-24,2024-05-03 13:10:22,One Lie Ace,emcee1,scheduled,appeared,True,True
MsUnIHqWlmY,One Lie Ace vs Lax Hartis,Won Minutes 2024 (Luzon 1),2024-02-24,2024-05-03 13:10:22,Lax Hartis,emcee2,scheduled,appeared,True,True
caoLTjDdV4w,Daging vs Earth-J,Won Minutes 2024 (Luzon 1),2024-02-24,2024-05-03 12:17:54,Daging,emcee1,scheduled,appeared,True,True
caoLTjDdV4w,Daging vs Earth-J,Won Minutes 2024 (Luzon 1),2024-02-24,2024-05-03 12:17:54,Earth-J,emcee2,scheduled,appeared,True,True
JYHVm5QDJ4M,Antonym vs James Overman,Won Minutes 2024 (Luzon 1),2024-02-24,2024-04-28 11:37:09,Antonym,emcee1,scheduled,appeared,True,True
JYHVm5QDJ4M,Antonym vs James Overman,Won Minutes 2024 (Luzon 1),2024-02-24,2024-04-28 11:37:09,James Overman,emcee2,scheduled,appeared,True,True
dZy-tl_K-gs,Andros vs Tulala,Won Minutes 2024 (Luzon 1),2024-02-24,2024-04-27 11:23:53,Andros,emcee1,scheduled,appeared,True,True
dZy-tl_K-gs,Andros vs Tulala,Won Minutes 2024 (Luzon 1),2024-02-24,2024-04-27 11:23:53,Tulala,emcee2,scheduled,appeared,True,True
L4qMFMFwdU4,Caspher vs R-Zone,Won Minutes 2024 (Luzon 1),2024-02-24,2024-04-24 12:48:01,Caspher,emcee1,scheduled,appeared,True,True
L4qMFMFwdU4,Caspher vs R-Zone,Won Minutes 2024 (Luzon 1),2024-02-24,2024-04-24 12:48:01,R-Zone,emcee2,scheduled,appeared,True,True
lHEhRi69prg,Meraj vs Lord Manuel,Won Minutes 2024 (Luzon 1),2024-02-24,2024-04-22 12:51:00,Meraj,emcee1,scheduled,appeared,True,True
lHEhRi69prg,Meraj vs Lord Manuel,Won Minutes 2024 (Luzon 1),2024-02-24,2024-04-22 12:51:00,Lord Manuel,emcee2,scheduled,appeared,True,True
9nu7LGPqOrU,Freek vs Fernie,Won Minutes 2024 (Luzon 1),2024-02-24,2024-04-17 13:14:47,Freek,emcee1,scheduled,appeared,True,True
9nu7LGPqOrU,Freek vs Fernie,Won Minutes 2024 (Luzon 1),2024-02-24,2024-04-17 13:14:47,Fernie,emcee2,scheduled,appeared,True,True
U3HXIfZXJgw,Negho Gy vs Frinze,Won Minutes 2024 (Luzon 1),2024-02-24,2024-04-15 12:29:19,Negho Gy,emcee1,scheduled,appeared,True,True
U3HXIfZXJgw,Negho Gy vs Frinze,Won Minutes 2024 (Luzon 1),2024-02-24,2024-04-15 12:29:19,Frinze,emcee2,scheduled,appeared,True,True
iO-gYTe6fQY,Saint Ice vs Hespero,Won Minutes 2024 (Luzon 1),2024-02-24,2024-04-13 12:56:38,Saint Ice,emcee1,scheduled,appeared,True,True
iO-gYTe6fQY,Saint Ice vs Hespero,Won Minutes 2024 (Luzon 1),2024-02-24,2024-04-13 12:56:38,Hespero,emcee2,scheduled,appeared,True,True
jabX9Kuyzng,Katana vs Crispy Fetus,Won Minutes 2024 (Luzon 1),2024-02-24,2024-04-10 13:13:27,Katana,emcee1,scheduled,appeared,True,True
jabX9Kuyzng,Katana vs Crispy Fetus,Won Minutes 2024 (Luzon 1),2024-02-24,2024-04-10 13:13:27,Crispy Fetus,emcee2,scheduled,appeared,True,True
yIbfg1PRTgI,Empithri vs RG,Ahon 14,2023-12-16,2024-04-04 13:37:06,Empithri,emcee1,scheduled,appeared,True,True
yIbfg1PRTgI,Empithri vs RG,Ahon 14,2023-12-16,2024-04-04 13:37:06,RG,emcee2,scheduled,appeared,True,True
tSn0rQCC7uM,Sickreto vs Murdz,Ahon 14,2023-12-16,2024-04-04 12:33:45,Sickreto,emcee1,scheduled,appeared,True,True
tSn0rQCC7uM,Sickreto vs Murdz,Ahon 14,2023-12-16,2024-04-04 12:33:45,Murdz,emcee2,scheduled,appeared,True,True
1KrvZoGoNE4,Onaks vs Kenzer,Ahon 14,2023-12-16,2024-03-30 12:47:04,Onaks,emcee1,scheduled,appeared,True,True
1KrvZoGoNE4,Onaks vs Kenzer,Ahon 14,2023-12-16,2024-03-30 12:47:04,Kenzer,emcee2,scheduled,appeared,True,True
5XJFz0DYnAw,Prince Rhyme vs Ruffian,Ahon 14,2023-12-15,2024-03-30 11:34:32,Prince Rhyme,emcee1,scheduled,appeared,True,True
5XJFz0DYnAw,Prince Rhyme vs Ruffian,Ahon 14,2023-12-15,2024-03-30 11:34:32,Ruffian,emcee2,scheduled,appeared,True,True
mKC8CoIhT3w,Batang Rebelde vs Castillo,Ahon 14,2023-12-16,2024-03-20 12:51:22,Batang Rebelde,emcee1,scheduled,appeared,True,True
mKC8CoIhT3w,Batang Rebelde vs Castillo,Ahon 14,2023-12-16,2024-03-20 12:51:22,Castillo,emcee2,scheduled,appeared,True,True
QHVhwMWohPE,CNine vs Karisma,Ahon 14,2023-12-16,2024-03-16 13:04:14,CNine,emcee1,scheduled,appeared,True,True
QHVhwMWohPE,CNine vs Karisma,Ahon 14,2023-12-16,2024-03-16 13:04:14,Karisma,emcee2,scheduled,appeared,True,True
ehaZ6YuY_z8,SirDeo vs Bagsik,Ahon 14,2023-12-15,2024-03-13 12:40:06,SirDeo,emcee1,scheduled,appeared,True,True
ehaZ6YuY_z8,SirDeo vs Bagsik,Ahon 14,2023-12-15,2024-03-13 12:40:06,Bagsik,emcee2,scheduled,appeared,True,True
4moYcs4NS0w,Shernan vs Sak Maestro,Ahon 14,2023-12-15,2024-03-09 12:51:52,Shernan,emcee1,scheduled,appeared,True,True
4moYcs4NS0w,Shernan vs Sak Maestro,Ahon 14,2023-12-15,2024-03-09 12:51:52,Sak Maestro,emcee2,scheduled,appeared,True,True
vBnWKy9vHSw,SlockOne vs MastaFeat,Ahon 14,2023-12-15,2024-03-06 12:48:25,SlockOne,emcee1,scheduled,appeared,True,True
vBnWKy9vHSw,SlockOne vs MastaFeat,Ahon 14,2023-12-15,2024-03-06 12:48:25,MastaFeat,emcee2,scheduled,appeared,True,True
71p-Kd-duyY,JDee vs Vitrum,Ahon 14,2023-12-15,2024-03-04 11:45:06,JDee,emcee1,scheduled,appeared,True,True
71p-Kd-duyY,JDee vs Vitrum,Ahon 14,2023-12-15,2024-03-04 11:45:06,Vitrum,emcee2,scheduled,appeared,True,True
wAHiCmTyyZM,Sur Henyo vs Harlem,Ahon 14,2023-12-16,2024-02-28 12:39:14,Sur Henyo,emcee1,scheduled,appeared,True,True
wAHiCmTyyZM,Sur Henyo vs Harlem,Ahon 14,2023-12-16,2024-02-28 12:39:14,Harlem,emcee2,scheduled,appeared,True,True
VkMz2kpRkYc,Class G vs 3rdy,Ahon 14,2023-12-16,2024-02-25 09:38:00,Class G,emcee1,scheduled,appeared,True,True
VkMz2kpRkYc,Class G vs 3rdy,Ahon 14,2023-12-16,2024-02-25 09:38:00,3rdy,emcee2,scheduled,appeared,True,True
flu9KofsnfU,Zaki vs Manda Baliw,Ahon 14,2023-12-15,2024-02-21 12:42:06,Zaki,emcee1,scheduled,appeared,True,True
flu9KofsnfU,Zaki vs Manda Baliw,Ahon 14,2023-12-15,2024-02-21 12:42:06,Manda Baliw,emcee2,scheduled,appeared,True,True
L5rpBBUvVNw,Lhipkram vs Goriong Talas,Ahon 14,2023-12-16,2024-02-17 13:47:47,Lhipkram,emcee1,scheduled,appeared,True,True
L5rpBBUvVNw,Lhipkram vs Goriong Talas,Ahon 14,2023-12-16,2024-02-17 13:47:47,Goriong Talas,emcee2,scheduled,appeared,True,True
HvUpOLgOiMU,Poison13 vs Asser,Ahon 14,2023-12-15,2024-02-14 13:02:34,Poison13,emcee1,scheduled,appeared,True,True
HvUpOLgOiMU,Poison13 vs Asser,Ahon 14,2023-12-15,2024-02-14 13:02:34,Asser,emcee2,scheduled,appeared,True,True
VLupgQ4zDT4,Frooz vs Fukuda,Ahon 14,2023-12-16,2024-02-10 13:00:07,Frooz,emcee1,scheduled,appeared,True,True
VLupgQ4zDT4,Frooz vs Fukuda,Ahon 14,2023-12-16,2024-02-10 13:00:07,Fukuda,emcee2,scheduled,appeared,True,True
3yLoj3zcFVU,GL vs Plaridhel,Ahon 14,2023-12-15,2024-02-07 12:39:36,GL,emcee1,scheduled,appeared,True,True
3yLoj3zcFVU,GL vs Plaridhel,Ahon 14,2023-12-15,2024-02-07 12:39:36,Plaridhel,emcee2,scheduled,appeared,True,True
LrwoGdSVk2g,Zend Luke vs Emar Industriya,Ahon 14,2023-12-16,2024-02-01 12:43:44,Zend Luke,emcee1,scheduled,appeared,True,True
LrwoGdSVk2g,Zend Luke vs Emar Industriya,Ahon 14,2023-12-16,2024-02-01 12:43:44,Emar Industriya,emcee2,scheduled,appeared,True,True
YdQanPDK-4Y,Jonas vs K-Ram,Ahon 14,2023-12-15,2024-01-28 13:09:24,Jonas,emcee1,scheduled,appeared,True,True
YdQanPDK-4Y,Jonas vs K-Ram,Ahon 14,2023-12-15,2024-01-28 13:09:24,K-Ram,emcee2,scheduled,appeared,True,True
8KgHKDpbrVM,Pistolero vs J-Blaque,Ahon 14,2023-12-15,2024-01-24 12:31:31,Pistolero,emcee1,scheduled,appeared,True,True
8KgHKDpbrVM,Pistolero vs J-Blaque,Ahon 14,2023-12-15,2024-01-24 12:31:31,J-Blaque,emcee2,scheduled,appeared,True,True
i-aPJqgRmWM,M Zhayt vs Marshall Bonifacio,Ahon 14,2023-12-16,2024-01-21 12:07:33,M Zhayt,emcee1,scheduled,appeared,True,True
i-aPJqgRmWM,M Zhayt vs Marshall Bonifacio,Ahon 14,2023-12-16,2024-01-21 12:07:33,Marshall Bonifacio,emcee2,scheduled,appeared,True,True
XMu2WAiS6rY,Mhot vs Sayadd,Ahon 14,2023-12-16,2024-01-17 12:23:04,Mhot,emcee1,scheduled,appeared,True,True
XMu2WAiS6rY,Mhot vs Sayadd,Ahon 14,2023-12-16,2024-01-17 12:23:04,Sayadd,emcee2,scheduled,appeared,True,True
BY4g5_Idhv4,J-King vs SirDeo,Bwelta Balentong 10,2023-10-07,2024-01-14 09:29:18,J-King,emcee1,scheduled,appeared,True,True
BY4g5_Idhv4,J-King vs SirDeo,Bwelta Balentong 10,2023-10-07,2024-01-14 09:29:18,SirDeo,emcee2,scheduled,appeared,True,True
fB54-PjaNOY,Manda Baliw vs Batang Rebelde,Bwelta Balentong 10,2023-10-07,2024-01-10 12:57:52,Manda Baliw,emcee1,scheduled,appeared,True,True
fB54-PjaNOY,Manda Baliw vs Batang Rebelde,Bwelta Balentong 10,2023-10-07,2024-01-10 12:57:52,Batang Rebelde,emcee2,scheduled,appeared,True,True
4hDKK1pfx4o,Bagsik vs Karisma,Bwelta Balentong 10,2023-10-07,2024-01-04 12:50:21,Bagsik,emcee1,scheduled,appeared,True,True
4hDKK1pfx4o,Bagsik vs Karisma,Bwelta Balentong 10,2023-10-07,2024-01-04 12:50:21,Karisma,emcee2,scheduled,appeared,True,True
CY2BTb2_g8w,Smugglaz vs Charron,Ahon 14,2023-12-15,2024-01-01 08:02:33,Smugglaz,emcee1,scheduled,appeared,True,True
CY2BTb2_g8w,Smugglaz vs Charron,Ahon 14,2023-12-15,2024-01-01 08:02:33,Charron,emcee2,scheduled,appeared,True,True
1nzfB0KCKN4,Invictus vs Hazky,Ahon 14,2023-12-16,2023-12-25 13:12:15,Invictus,emcee1,scheduled,appeared,True,True
1nzfB0KCKN4,Invictus vs Hazky,Ahon 14,2023-12-16,2023-12-25 13:12:15,Hazky,emcee2,scheduled,appeared,True,True
FIF92IaNidY,Vitrum vs Ruffian,Bwelta Balentong 10,2023-10-07,2023-12-20 12:39:47,Vitrum,emcee1,scheduled,appeared,True,True
FIF92IaNidY,Vitrum vs Ruffian,Bwelta Balentong 10,2023-10-07,2023-12-20 12:39:47,Ruffian,emcee2,scheduled,appeared,True,True
1YqlZqI3ueI,Emar Industriya vs Class G,Bwelta Balentong 10,2023-10-07,2023-12-14 12:24:45,Emar Industriya,emcee1,scheduled,appeared,True,True
1YqlZqI3ueI,Emar Industriya vs Class G,Bwelta Balentong 10,2023-10-07,2023-12-14 12:24:45,Class G,emcee2,scheduled,appeared,True,True
YJsxEwgp-fc,GL vs Lhipkram,Bwelta Balentong 10,2023-10-07,2023-12-10 12:35:08,GL,emcee1,scheduled,appeared,True,True
YJsxEwgp-fc,GL vs Lhipkram,Bwelta Balentong 10,2023-10-07,2023-12-10 12:35:08,Lhipkram,emcee2,scheduled,appeared,True,True
R7anFm1vRYE,Linax vs Keji,Gubat 12,2023-09-30,2023-12-09 13:08:11,Linax,emcee1,scheduled,appeared,True,True
R7anFm1vRYE,Linax vs Keji,Gubat 12,2023-09-30,2023-12-09 13:08:11,Keji,emcee2,scheduled,appeared,True,True
aJ6yzMdvOvU,Climax vs Barbarian,Gubat 12,2023-09-29,2023-12-08 13:00:05,Climax,emcee1,scheduled,appeared,True,True
aJ6yzMdvOvU,Climax vs Barbarian,Gubat 12,2023-09-29,2023-12-08 13:00:05,Barbarian,emcee2,scheduled,appeared,True,True
8dXE0Y0iSXw,Deadline vs Crypto,Gubat 12,2023-09-29,2023-12-05 12:38:32,Deadline,emcee1,scheduled,appeared,True,True
8dXE0Y0iSXw,Deadline vs Crypto,Gubat 12,2023-09-29,2023-12-05 12:38:32,Crypto,emcee2,scheduled,appeared,True,True
H5p5Qnh1XE4,$tep G vs Drop D,Gubat 12,2023-09-30,2023-11-29 12:42:26,$tep G,emcee1,scheduled,appeared,True,True
H5p5Qnh1XE4,$tep G vs Drop D,Gubat 12,2023-09-30,2023-11-29 12:42:26,Drop D,emcee2,scheduled,appeared,True,True
ZGJLjwgLuRs,RG vs Mimack,Gubat 12,2023-09-29,2023-11-23 12:39:25,RG,emcee1,scheduled,appeared,True,True
ZGJLjwgLuRs,RG vs Mimack,Gubat 12,2023-09-29,2023-11-23 12:39:25,Mimack,emcee2,scheduled,appeared,True,True
nmlLKs1ay7Q,Pen Pluma vs Nadnad,Gubat 12,2023-09-30,2023-11-21 12:40:24,Pen Pluma,emcee1,scheduled,appeared,True,True
nmlLKs1ay7Q,Pen Pluma vs Nadnad,Gubat 12,2023-09-30,2023-11-21 12:40:24,Nadnad,emcee2,scheduled,appeared,True,True
te34JgitHYM,Kenzer vs Zero MB,Gubat 12,2023-09-29,2023-11-15 13:01:20,Kenzer,emcee1,scheduled,appeared,True,True
te34JgitHYM,Kenzer vs Zero MB,Gubat 12,2023-09-29,2023-11-15 13:01:20,Zero MB,emcee2,scheduled,appeared,True,True
RdnJB8Wt_i0,Hazky vs Plaridhel,Bwelta Balentong 10,2023-10-07,2023-11-12 12:01:48,Hazky,emcee1,scheduled,appeared,True,True
RdnJB8Wt_i0,Hazky vs Plaridhel,Bwelta Balentong 10,2023-10-07,2023-11-12 12:01:48,Plaridhel,emcee2,scheduled,appeared,True,True
lTuzGEsfyBs,Shernan vs Luxuria,Gubat 12,2023-09-29,2023-11-07 12:37:23,Shernan,emcee1,scheduled,appeared,True,True
lTuzGEsfyBs,Shernan vs Luxuria,Gubat 12,2023-09-29,2023-11-07 12:37:23,Luxuria,emcee2,scheduled,appeared,True,True
NKq7DKkwdPA,Ban vs Nathan,Gubat 12,2023-09-30,2023-11-05 12:32:24,Ban,emcee1,scheduled,appeared,True,True
NKq7DKkwdPA,Ban vs Nathan,Gubat 12,2023-09-30,2023-11-05 12:32:24,Nathan,emcee2,scheduled,appeared,True,True
5WJF4ZOtsAE,MastaFeat vs LilStrocks,Gubat 12,2023-09-30,2023-11-03 12:33:19,MastaFeat,emcee1,scheduled,appeared,True,True
5WJF4ZOtsAE,MastaFeat vs LilStrocks,Gubat 12,2023-09-30,2023-11-03 12:33:19,LilStrocks,emcee2,scheduled,appeared,True,True
tsEtOkvu4HM,Empithri vs Murdz,Gubat 12,2023-09-29,2023-10-31 12:36:28,Empithri,emcee1,scheduled,appeared,True,True
tsEtOkvu4HM,Empithri vs Murdz,Gubat 12,2023-09-29,2023-10-31 12:36:28,Murdz,emcee2,scheduled,appeared,True,True
hyxQNf0MTXg,Asser vs Marshall Bonifacio,Gubat 12,2023-09-30,2023-10-29 10:05:12,Asser,emcee1,scheduled,appeared,True,True
hyxQNf0MTXg,Asser vs Marshall Bonifacio,Gubat 12,2023-09-30,2023-10-29 10:05:12,Marshall Bonifacio,emcee2,scheduled,appeared,True,True
u0A5cjagzWw,Jonas vs Castillo,Gubat 12,2023-09-29,2023-10-26 12:07:36,Jonas,emcee1,scheduled,appeared,True,True
u0A5cjagzWw,Jonas vs Castillo,Gubat 12,2023-09-29,2023-10-26 12:07:36,Castillo,emcee2,scheduled,appeared,True,True
Mx5lYX_-j4U,Invictus vs JDee,Gubat 12,2023-09-30,2023-10-23 12:27:00,Invictus,emcee1,scheduled,appeared,True,True
Mx5lYX_-j4U,Invictus vs JDee,Gubat 12,2023-09-30,2023-10-23 12:27:00,JDee,emcee2,scheduled,appeared,True,True
IdPP-JPtk4M,Nikki vs K-Ram,Gubat 12,2023-09-29,2023-10-21 12:41:34,Nikki,emcee1,scheduled,appeared,True,True
IdPP-JPtk4M,Nikki vs K-Ram,Gubat 12,2023-09-29,2023-10-21 12:41:34,K-Ram,emcee2,scheduled,appeared,True,True
CPEyyDFNEvc,Pistolero vs Zend Luke,Gubat 12,2023-09-29,2023-10-18 14:10:12,Pistolero,emcee1,scheduled,appeared,True,True
CPEyyDFNEvc,Pistolero vs Zend Luke,Gubat 12,2023-09-29,2023-10-18 14:10:12,Zend Luke,emcee2,scheduled,appeared,True,True
KNYrL6Ni1No,Onaks vs Karisma,Zoning 16,2023-07-22,2023-10-14 12:53:17,Onaks,emcee1,scheduled,appeared,True,True
KNYrL6Ni1No,Onaks vs Karisma,Zoning 16,2023-07-22,2023-10-14 12:53:17,Karisma,emcee2,scheduled,appeared,True,True
K2wlZLCHGa4,CNine vs Manda Baliw,Zoning 16,2023-07-22,2023-10-11 12:20:10,CNine,emcee1,scheduled,appeared,True,True
K2wlZLCHGa4,CNine vs Manda Baliw,Zoning 16,2023-07-22,2023-10-11 12:20:10,Manda Baliw,emcee2,scheduled,appeared,True,True
D6nGngMGQ0o,Ruffian vs Class G,Zoning 16,2023-07-22,2023-10-04 12:45:28,Ruffian,emcee1,scheduled,appeared,True,True
D6nGngMGQ0o,Ruffian vs Class G,Zoning 16,2023-07-22,2023-10-04 12:45:28,Class G,emcee2,scheduled,appeared,True,True
-1rRcKsjX_M,Invictus vs Illtimate,Zoning 16,2023-07-22,2023-09-27 13:38:22,Invictus,emcee1,scheduled,appeared,True,True
-1rRcKsjX_M,Invictus vs Illtimate,Zoning 16,2023-07-22,2023-09-27 13:38:22,Illtimate,emcee2,scheduled,appeared,True,True
Dd-71FcVS7Q,Zaito vs JDee,Zoning 16,2023-07-22,2023-09-23 12:54:16,Zaito,emcee1,scheduled,appeared,True,True
Dd-71FcVS7Q,Zaito vs JDee,Zoning 16,2023-07-22,2023-09-23 12:54:16,JDee,emcee2,scheduled,appeared,True,True
_a1GCl5eBPc,Sak Maestro vs Hazky,Zoning 16,2023-07-22,2023-09-20 12:46:52,Sak Maestro,emcee1,scheduled,appeared,True,True
_a1GCl5eBPc,Sak Maestro vs Hazky,Zoning 16,2023-07-22,2023-09-20 12:46:52,Hazky,emcee2,scheduled,appeared,True,True
agoPL2tI02s,K-Ram vs Zaki,Zoning 16,2023-07-22,2023-09-16 13:49:34,K-Ram,emcee1,scheduled,appeared,True,True
agoPL2tI02s,K-Ram vs Zaki,Zoning 16,2023-07-22,2023-09-16 13:49:34,Zaki,emcee2,scheduled,appeared,True,True
rJKY_7rrjHc,Poison13 vs Plaridhel,Zoning 16,2023-07-22,2023-09-13 12:40:51,Poison13,emcee1,scheduled,appeared,True,True
rJKY_7rrjHc,Poison13 vs Plaridhel,Zoning 16,2023-07-22,2023-09-13 12:40:51,Plaridhel,emcee2,scheduled,appeared,True,True
sUc3IOv1GeI,Davera vs Henz,Won Minutes 2023 (Mindanao),2023-06-03,2023-09-11 12:23:55,Davera,emcee1,scheduled,appeared,True,True
sUc3IOv1GeI,Davera vs Henz,Won Minutes 2023 (Mindanao),2023-06-03,2023-09-11 12:23:55,Henz,emcee2,scheduled,appeared,True,True
-mQxq66Ycnw,Zion vs Mhel,Pakusganay 7,2023-06-02,2023-09-07 12:39:07,Zion,emcee1,scheduled,appeared,True,True
-mQxq66Ycnw,Zion vs Mhel,Pakusganay 7,2023-06-02,2023-09-07 12:39:07,Mhel,emcee2,scheduled,appeared,True,True
pEWUBby0_xk,Kros vs Driex,Won Minutes 2023 (Mindanao),2023-06-03,2023-09-06 12:45:04,Kros,emcee1,scheduled,appeared,True,True
pEWUBby0_xk,Kros vs Driex,Won Minutes 2023 (Mindanao),2023-06-03,2023-09-06 12:45:04,Driex,emcee2,scheduled,appeared,True,True
bi9MhjEqlUw,Yagi vs Ron Aaron,Won Minutes 2023 (Mindanao),2023-06-03,2023-08-31 11:57:53,Yagi,emcee1,scheduled,appeared,True,True
bi9MhjEqlUw,Yagi vs Ron Aaron,Won Minutes 2023 (Mindanao),2023-06-03,2023-08-31 11:57:53,Ron Aaron,emcee2,scheduled,appeared,True,True
okmV0PMb9E4,3rdy vs Cors,Won Minutes 2023 (Mindanao),2023-06-03,2023-08-23 12:46:18,3rdy,emcee1,scheduled,appeared,True,True
okmV0PMb9E4,3rdy vs Cors,Won Minutes 2023 (Mindanao),2023-06-03,2023-08-23 12:46:18,Cors,emcee2,scheduled,appeared,True,True
9mLXDRzq0CM,Resiak vs Classico,Won Minutes 2023 (Mindanao),2023-06-03,2023-08-20 12:19:29,Resiak,emcee1,scheduled,appeared,True,True
9mLXDRzq0CM,Resiak vs Classico,Won Minutes 2023 (Mindanao),2023-06-03,2023-08-20 12:19:29,Classico,emcee2,scheduled,appeared,True,True
KjMS7w5ey6U,Article Clipted vs Derekta,Won Minutes 2023 (Mindanao),2023-06-03,2023-08-17 12:41:54,Article Clipted,emcee1,scheduled,appeared,True,True
KjMS7w5ey6U,Article Clipted vs Derekta,Won Minutes 2023 (Mindanao),2023-06-03,2023-08-17 12:41:54,Derekta,emcee2,scheduled,appeared,True,True
cx609072oc8,JR Zero vs Dopee,Pakusganay 7,2023-06-03,2023-08-13 12:14:10,JR Zero,emcee1,scheduled,appeared,True,True
cx609072oc8,JR Zero vs Dopee,Pakusganay 7,2023-06-03,2023-08-13 12:14:10,Dopee,emcee2,scheduled,appeared,True,True
Qou0_qhERtw,Sickreto vs JP,Pakusganay 7,2023-06-03,2023-08-09 12:43:28,Sickreto,emcee1,scheduled,appeared,True,True
Qou0_qhERtw,Sickreto vs JP,Pakusganay 7,2023-06-03,2023-08-09 12:43:28,JP,emcee2,scheduled,appeared,True,True
yFfxL5sMI64,Zend Luke vs Gameboy,Pakusganay 7,2023-06-03,2023-08-02 12:56:11,Zend Luke,emcee1,scheduled,appeared,True,True
yFfxL5sMI64,Zend Luke vs Gameboy,Pakusganay 7,2023-06-03,2023-08-02 12:56:11,Gameboy,emcee2,scheduled,appeared,True,True
RLMwvBTRNPE,Plazma vs Nikki,Pakusganay 7,2023-06-03,2023-07-27 12:34:54,Plazma,emcee1,scheduled,appeared,True,True
RLMwvBTRNPE,Plazma vs Nikki,Pakusganay 7,2023-06-03,2023-07-27 12:34:54,Nikki,emcee2,scheduled,appeared,True,True
vQVBeVC4868,Plaridhel vs Bagsik,Pakusganay 7,2023-06-03,2023-07-19 12:32:00,Plaridhel,emcee1,scheduled,appeared,True,True
vQVBeVC4868,Plaridhel vs Bagsik,Pakusganay 7,2023-06-03,2023-07-19 12:32:00,Bagsik,emcee2,scheduled,appeared,True,True
bPn-GqqsPvk,Sayadd vs Invictus,Pakusganay 7,2023-06-03,2023-07-15 12:52:21,Sayadd,emcee1,scheduled,appeared,True,True
bPn-GqqsPvk,Sayadd vs Invictus,Pakusganay 7,2023-06-03,2023-07-15 12:52:21,Invictus,emcee2,scheduled,appeared,True,True
EbuaqFDM18o,Sixth Threat vs Shernan,Pakusganay 7,2023-06-03,2023-07-09 13:58:54,Sixth Threat,emcee1,scheduled,appeared,True,True
EbuaqFDM18o,Sixth Threat vs Shernan,Pakusganay 7,2023-06-03,2023-07-09 13:58:54,Shernan,emcee2,scheduled,appeared,True,True
wVbN3qyaqpA,Mimack vs Keji,Won Minutes 2023 (Visayas),2023-04-15,2023-07-06 12:45:21,Mimack,emcee1,scheduled,appeared,True,True
wVbN3qyaqpA,Mimack vs Keji,Won Minutes 2023 (Visayas),2023-04-15,2023-07-06 12:45:21,Keji,emcee2,scheduled,appeared,True,True
W8b4cNAoALo,Deadline vs Lawrence,Won Minutes 2023 (Visayas),2023-04-15,2023-07-05 12:33:01,Deadline,emcee1,scheduled,appeared,True,True
W8b4cNAoALo,Deadline vs Lawrence,Won Minutes 2023 (Visayas),2023-04-15,2023-07-05 12:33:01,Lawrence,emcee2,scheduled,appeared,True,True
Tpa9ARGVim8,Climax vs Drop D,Won Minutes 2023 (Visayas),2023-04-15,2023-07-03 12:37:45,Climax,emcee1,scheduled,appeared,True,True
Tpa9ARGVim8,Climax vs Drop D,Won Minutes 2023 (Visayas),2023-04-15,2023-07-03 12:37:45,Drop D,emcee2,scheduled,appeared,True,True
i_Iu_G4l-iU,Kenzer vs Chibi,Won Minutes 2023 (Visayas),2023-04-15,2023-06-28 12:32:25,Kenzer,emcee1,scheduled,appeared,True,True
i_Iu_G4l-iU,Kenzer vs Chibi,Won Minutes 2023 (Visayas),2023-04-15,2023-06-28 12:32:25,Chibi,emcee2,scheduled,appeared,True,True
vTKmMbxvktM,Zero MB vs RG,Won Minutes 2023 (Visayas),2023-04-15,2023-06-27 11:29:07,Zero MB,emcee1,scheduled,appeared,True,True
vTKmMbxvktM,Zero MB vs RG,Won Minutes 2023 (Visayas),2023-04-15,2023-06-27 11:29:07,RG,emcee2,scheduled,appeared,True,True
Sh7_MSr4t2w,Barbarian vs Crypto,Won Minutes 2023 (Visayas),2023-04-15,2023-06-24 12:33:32,Barbarian,emcee1,scheduled,appeared,True,True
Sh7_MSr4t2w,Barbarian vs Crypto,Won Minutes 2023 (Visayas),2023-04-15,2023-06-24 12:33:32,Crypto,emcee2,scheduled,appeared,True,True
o8fI9Qv9D1w,Bords vs Linax,Won Minutes 2023 (Visayas),2023-04-15,2023-06-21 12:54:22,Bords,emcee1,scheduled,appeared,True,True
o8fI9Qv9D1w,Bords vs Linax,Won Minutes 2023 (Visayas),2023-04-15,2023-06-21 12:54:22,Linax,emcee2,scheduled,appeared,True,True
08NeE3miVG8,Nathan vs Nadnad,Won Minutes 2023 (Visayas),2023-04-15,2023-06-19 12:29:12,Nathan,emcee1,scheduled,appeared,True,True
08NeE3miVG8,Nathan vs Nadnad,Won Minutes 2023 (Visayas),2023-04-15,2023-06-19 12:29:12,Nadnad,emcee2,scheduled,appeared,True,True
ff_cbFgi7JM,Murdz vs $tep G,Won Minutes 2023 (Visayas),2023-04-15,2023-06-14 12:12:28,Murdz,emcee1,scheduled,appeared,True,True
ff_cbFgi7JM,Murdz vs $tep G,Won Minutes 2023 (Visayas),2023-04-15,2023-06-14 12:12:28,$tep G,emcee2,scheduled,appeared,True,True
_pZoQHgtJUg,J-Blaque vs Range,Gubat 11,2023-03-18,2023-06-10 12:46:33,J-Blaque,emcee1,scheduled,appeared,True,True
_pZoQHgtJUg,J-Blaque vs Range,Gubat 11,2023-03-18,2023-06-10 12:46:33,Range,emcee2,scheduled,appeared,True,True
R2wM-F4nTic,Ban vs Empithri,Gubat 11,2023-03-18,2023-06-07 12:27:13,Ban,emcee1,scheduled,appeared,True,True
R2wM-F4nTic,Ban vs Empithri,Gubat 11,2023-03-18,2023-06-07 12:27:13,Empithri,emcee2,scheduled,appeared,True,True
LOzAhN92lo4,Pen Pluma vs GI,Gubat 11,2023-03-18,2023-05-26 12:51:12,Pen Pluma,emcee1,scheduled,appeared,True,True
LOzAhN92lo4,Pen Pluma vs GI,Gubat 11,2023-03-18,2023-05-26 12:51:12,GI,emcee2,scheduled,appeared,True,True
w29Epto_bVw,Tweng vs LilStrocks,Gubat 11,2023-03-18,2023-05-22 12:41:13,Tweng,emcee1,scheduled,appeared,True,True
w29Epto_bVw,Tweng vs LilStrocks,Gubat 11,2023-03-18,2023-05-22 12:41:13,LilStrocks,emcee2,scheduled,appeared,True,True
dhLmpcmqKrM,Poison13 vs Prince Rhyme,Gubat 11,2023-03-18,2023-05-18 12:30:19,Poison13,emcee1,scheduled,appeared,True,True
dhLmpcmqKrM,Poison13 vs Prince Rhyme,Gubat 11,2023-03-18,2023-05-18 12:30:19,Prince Rhyme,emcee2,scheduled,appeared,True,True
mIMYU8Gsrqw,Hazky vs C-Quence,Gubat 11,2023-03-18,2023-05-13 12:26:06,Hazky,emcee1,scheduled,appeared,True,True
mIMYU8Gsrqw,Hazky vs C-Quence,Gubat 11,2023-03-18,2023-05-13 12:26:06,C-Quence,emcee2,scheduled,appeared,True,True
AO78U7C5_lM,Sak Maestro vs Asser,Gubat 11,2023-03-18,2023-05-10 12:14:06,Sak Maestro,emcee1,scheduled,appeared,True,True
AO78U7C5_lM,Sak Maestro vs Asser,Gubat 11,2023-03-18,2023-05-10 12:14:06,Asser,emcee2,scheduled,appeared,True,True
adva1cGfmgo,Class G vs Lax Hartis,Second Sight 11,2023-03-18,2023-05-04 12:15:33,Class G,emcee1,scheduled,appeared,True,True
adva1cGfmgo,Class G vs Lax Hartis,Second Sight 11,2023-03-18,2023-05-04 12:15:33,Lax Hartis,emcee2,scheduled,appeared,True,True
WtRy-av50eE,Manda Baliw vs Vitrum,Second Sight 11,2023-03-18,2023-04-30 12:05:02,Manda Baliw,emcee1,scheduled,appeared,True,True
WtRy-av50eE,Manda Baliw vs Vitrum,Second Sight 11,2023-03-18,2023-04-30 12:05:02,Vitrum,emcee2,scheduled,appeared,True,True
eS8FYO8qhxk,Ruffian vs Karisma,Second Sight 11,2023-03-18,2023-04-26 12:19:34,Ruffian,emcee1,scheduled,appeared,True,True
eS8FYO8qhxk,Ruffian vs Karisma,Second Sight 11,2023-03-18,2023-04-26 12:19:34,Karisma,emcee2,scheduled,appeared,True,True
OP9opb1T1Hw,G-Clown vs Illtimate,Second Sight 11,2023-03-18,2023-04-22 13:36:05,G-Clown,emcee1,scheduled,appeared,True,True
OP9opb1T1Hw,G-Clown vs Illtimate,Second Sight 11,2023-03-18,2023-04-22 13:36:05,Illtimate,emcee2,scheduled,appeared,True,True
8z417WOZ4Po,JDee vs Castillo,Second Sight 11,2023-03-18,2023-04-20 12:45:30,JDee,emcee1,scheduled,appeared,True,True
8z417WOZ4Po,JDee vs Castillo,Second Sight 11,2023-03-18,2023-04-20 12:45:30,Castillo,emcee2,scheduled,appeared,True,True
ukmlVkdrC10,SlockOne vs CNine,Second Sight 11,2023-03-18,2023-04-12 12:48:35,SlockOne,emcee1,scheduled,appeared,True,True
ukmlVkdrC10,SlockOne vs CNine,Second Sight 11,2023-03-18,2023-04-12 12:48:35,CNine,emcee2,scheduled,appeared,True,True
0XZ24-yO8Zk,Zaito vs J-King,Second Sight 11,2023-03-18,2023-04-05 12:50:30,Zaito,emcee1,scheduled,appeared,True,True
0XZ24-yO8Zk,Zaito vs J-King,Second Sight 11,2023-03-18,2023-04-05 12:50:30,J-King,emcee2,scheduled,appeared,True,True
r82YacsQJJg,Jonas vs Tweng,Ahon 13,2022-12-17,2023-03-29 12:28:27,Jonas,emcee1,scheduled,appeared,True,True
r82YacsQJJg,Jonas vs Tweng,Ahon 13,2022-12-17,2023-03-29 12:28:27,Tweng,emcee2,scheduled,appeared,True,True
qONgx_4uj2w,Lhipkram vs Apoc,Ahon 13,2022-12-16,2023-03-26 13:17:48,Lhipkram,emcee1,scheduled,appeared,True,True
qONgx_4uj2w,Lhipkram vs Apoc,Ahon 13,2022-12-16,2023-03-26 13:17:48,Apoc,emcee2,scheduled,appeared,True,True
k5AdJL5U_do,Manda Baliw vs Gameboy,Ahon 13,2022-12-16,2023-03-22 12:22:12,Manda Baliw,emcee1,scheduled,appeared,True,True
k5AdJL5U_do,Manda Baliw vs Gameboy,Ahon 13,2022-12-16,2023-03-22 12:22:12,Gameboy,emcee2,scheduled,appeared,True,True
xNBODIvxBY4,Zaki vs Plaridhel,Ahon 13,2022-12-16,2023-03-15 12:41:48,Zaki,emcee1,scheduled,appeared,True,True
xNBODIvxBY4,Zaki vs Plaridhel,Ahon 13,2022-12-16,2023-03-15 12:41:48,Plaridhel,emcee2,scheduled,appeared,True,True
t7tVPBoJqPE,Harlem vs J-Blaque,Ahon 13,2022-12-17,2023-03-09 12:50:52,Harlem,emcee1,scheduled,appeared,True,True
t7tVPBoJqPE,Harlem vs J-Blaque,Ahon 13,2022-12-17,2023-03-09 12:50:52,J-Blaque,emcee2,scheduled,appeared,True,True
ZJfQmTzjPUo,Hazky vs SirDeo,Ahon 13,2022-12-16,2023-02-25 11:32:07,Hazky,emcee1,scheduled,appeared,True,True
ZJfQmTzjPUo,Hazky vs SirDeo,Ahon 13,2022-12-16,2023-02-25 11:32:07,SirDeo,emcee2,scheduled,appeared,True,True
AH12D7OCEVM,Elbiz vs Asser,Ahon 13,2022-12-16,2023-02-22 12:30:43,Elbiz,emcee1,scheduled,appeared,True,True
AH12D7OCEVM,Elbiz vs Asser,Ahon 13,2022-12-16,2023-02-22 12:30:43,Asser,emcee2,scheduled,appeared,True,True
hv7NO0dOLcU,J-King vs JDee,Ahon 13,2022-12-17,2023-02-19 11:58:34,J-King,emcee1,scheduled,appeared,True,True
hv7NO0dOLcU,J-King vs JDee,Ahon 13,2022-12-17,2023-02-19 11:58:34,JDee,emcee2,scheduled,appeared,True,True
6G5yQvjWv1I,G-Clown vs JR Zero,Ahon 13,2022-12-17,2023-02-15 12:39:52,G-Clown,emcee1,scheduled,appeared,True,True
6G5yQvjWv1I,G-Clown vs JR Zero,Ahon 13,2022-12-17,2023-02-15 12:39:52,JR Zero,emcee2,scheduled,appeared,True,True
K7x7j-JeoBs,Fukuda vs Invictus,Ahon 13,2022-12-17,2023-02-05 09:42:40,Fukuda,emcee1,scheduled,appeared,True,True
K7x7j-JeoBs,Fukuda vs Invictus,Ahon 13,2022-12-17,2023-02-05 09:42:40,Invictus,emcee2,scheduled,appeared,True,True
wPiBDzAx7WY,Shernan vs MastaFeat,Ahon 13,2022-12-16,2023-01-30 12:29:26,Shernan,emcee1,scheduled,appeared,True,True
wPiBDzAx7WY,Shernan vs MastaFeat,Ahon 13,2022-12-16,2023-01-30 12:29:26,MastaFeat,emcee2,scheduled,appeared,True,True
C2IAsPfoMc8,Poison13 vs Zend Luke,Ahon 13,2022-12-16,2023-01-26 13:03:24,Poison13,emcee1,scheduled,appeared,True,True
C2IAsPfoMc8,Poison13 vs Zend Luke,Ahon 13,2022-12-16,2023-01-26 13:03:24,Zend Luke,emcee2,scheduled,appeared,True,True
3_zsDmT7iJ4,GL vs Marshall Bonifacio,Ahon 13,2022-12-16,2023-01-21 12:50:40,GL,emcee1,scheduled,appeared,True,True
3_zsDmT7iJ4,GL vs Marshall Bonifacio,Ahon 13,2022-12-16,2023-01-21 12:50:40,Marshall Bonifacio,emcee2,scheduled,appeared,True,True
sjFv7upPlN8,Abra vs EJ Power,Ahon 13,2022-12-16,2023-01-14 09:29:59,Abra,emcee1,scheduled,appeared,True,True
sjFv7upPlN8,Abra vs EJ Power,Ahon 13,2022-12-16,2023-01-14 09:29:59,EJ Power,emcee2,scheduled,appeared,True,True
_WnwqsVPfiU,M Zhayt vs CripLi,Ahon 13,2022-12-17,2023-01-06 11:13:02,M Zhayt,emcee1,scheduled,appeared,True,True
_WnwqsVPfiU,M Zhayt vs CripLi,Ahon 13,2022-12-17,2023-01-06 11:13:02,CripLi,emcee2,scheduled,appeared,True,True
ZaetK02hDu0,Pistolero vs Luxuria,Ahon 13,2022-12-17,2023-01-02 00:00:39,Pistolero,emcee1,scheduled,appeared,True,True
ZaetK02hDu0,Pistolero vs Luxuria,Ahon 13,2022-12-17,2023-01-02 00:00:39,Luxuria,emcee2,scheduled,appeared,True,True
Ua64zisXhCs,Sinio vs Apekz,Ahon 13,2022-12-17,2022-12-26 13:05:58,Sinio,emcee1,scheduled,appeared,True,True
Ua64zisXhCs,Sinio vs Apekz,Ahon 13,2022-12-17,2022-12-26 13:05:58,Apekz,emcee2,scheduled,appeared,True,True
1EvA88qE9lU,OnliSon vs Arma,Zoning 15,2022-11-05,2022-12-25 08:07:15,OnliSon,emcee1,scheduled,appeared,True,True
1EvA88qE9lU,OnliSon vs Arma,Zoning 15,2022-11-05,2022-12-25 08:07:15,Arma,emcee2,scheduled,appeared,True,True
2yTEwBzV62M,K-Ram vs Pen Pluma,Zoning 15,2022-11-05,2022-12-22 11:48:35,K-Ram,emcee1,scheduled,appeared,True,True
2yTEwBzV62M,K-Ram vs Pen Pluma,Zoning 15,2022-11-05,2022-12-22 11:48:35,Pen Pluma,emcee2,scheduled,appeared,True,True
bJ8G0fJTnok,Batang Rebelde vs Prince Rhyme,Zoning 15,2022-11-05,2022-12-14 12:29:53,Batang Rebelde,emcee1,scheduled,appeared,True,True
bJ8G0fJTnok,Batang Rebelde vs Prince Rhyme,Zoning 15,2022-11-05,2022-12-14 12:29:53,Prince Rhyme,emcee2,scheduled,appeared,True,True
oDRnWaLNtqE,MastaFeat vs Plaridhel,Zoning 15,2022-11-05,2022-12-11 12:30:06,MastaFeat,emcee1,scheduled,appeared,True,True
oDRnWaLNtqE,MastaFeat vs Plaridhel,Zoning 15,2022-11-05,2022-12-11 12:30:06,Plaridhel,emcee2,scheduled,appeared,True,True
5lB7DFQsyhc,J-Blaque vs Marshall Bonifacio,Zoning 15,2022-11-05,2022-12-05 12:35:04,J-Blaque,emcee1,scheduled,appeared,True,True
5lB7DFQsyhc,J-Blaque vs Marshall Bonifacio,Zoning 15,2022-11-05,2022-12-05 12:35:04,Marshall Bonifacio,emcee2,scheduled,appeared,True,True
Y0hgfpGo3cE,Lhipkram vs J-King,Zoning 15,2022-11-05,2022-11-30 12:30:26,Lhipkram,emcee1,scheduled,appeared,True,True
Y0hgfpGo3cE,Lhipkram vs J-King,Zoning 15,2022-11-05,2022-11-30 12:30:26,J-King,emcee2,scheduled,appeared,True,True
esRLSBBbYPE,Bagsik vs Manda Baliw,Unibersikulo 11,2022-10-15,2022-11-19 12:46:15,Bagsik,emcee1,scheduled,appeared,True,True
esRLSBBbYPE,Bagsik vs Manda Baliw,Unibersikulo 11,2022-10-15,2022-11-19 12:46:15,Manda Baliw,emcee2,scheduled,appeared,True,True
sFYX9nEPk9E,Yuniko vs C-Quence,Unibersikulo 11,2022-10-15,2022-11-16 12:31:52,Yuniko,emcee1,scheduled,appeared,True,True
sFYX9nEPk9E,Yuniko vs C-Quence,Unibersikulo 11,2022-10-15,2022-11-16 12:31:52,C-Quence,emcee2,scheduled,appeared,True,True
dQMBbh6pPfQ,Asser vs CripLi,Unibersikulo 11,2022-10-15,2022-11-12 12:31:05,Asser,emcee1,scheduled,appeared,True,True
dQMBbh6pPfQ,Asser vs CripLi,Unibersikulo 11,2022-10-15,2022-11-12 12:31:05,CripLi,emcee2,scheduled,appeared,True,True
j_YWbWmGjkI,Plazma vs Zend Luke,Unibersikulo 11,2022-10-15,2022-11-09 12:30:26,Plazma,emcee1,scheduled,appeared,True,True
j_YWbWmGjkI,Plazma vs Zend Luke,Unibersikulo 11,2022-10-15,2022-11-09 12:30:26,Zend Luke,emcee2,scheduled,appeared,True,True
bGOxyj9Iwy8,Sayadd vs GL,Unibersikulo 11,2022-10-15,2022-11-02 12:31:31,Sayadd,emcee1,scheduled,appeared,True,True
bGOxyj9Iwy8,Sayadd vs GL,Unibersikulo 11,2022-10-15,2022-11-02 12:31:31,GL,emcee2,scheduled,appeared,True,True
hdd_gcjrCOc,Poison13 vs Luxuria,Unibersikulo 11,2022-10-15,2022-10-29 12:49:17,Poison13,emcee1,scheduled,appeared,True,True
hdd_gcjrCOc,Poison13 vs Luxuria,Unibersikulo 11,2022-10-15,2022-10-29 12:49:17,Luxuria,emcee2,scheduled,appeared,True,True
tUgtjIbr5PE,Pistolero vs Goriong Talas,Unibersikulo 11,2022-10-15,2022-10-26 12:31:11,Pistolero,emcee1,scheduled,appeared,True,True
tUgtjIbr5PE,Pistolero vs Goriong Talas,Unibersikulo 11,2022-10-15,2022-10-26 12:31:11,Goriong Talas,emcee2,scheduled,appeared,True,True
Eel7xDhrIPA,Damsa vs CNine,Bwelta Balentong 9,2022-09-03,2022-10-12 12:31:11,Damsa,emcee1,scheduled,appeared,True,True
Eel7xDhrIPA,Damsa vs CNine,Bwelta Balentong 9,2022-09-03,2022-10-12 12:31:11,CNine,emcee2,scheduled,appeared,True,True
iKDl_K5v1c8,JR Zero vs Illtimate,Bwelta Balentong 9,2022-09-03,2022-10-05 12:30:38,JR Zero,emcee1,scheduled,appeared,True,True
iKDl_K5v1c8,JR Zero vs Illtimate,Bwelta Balentong 9,2022-09-03,2022-10-05 12:30:38,Illtimate,emcee2,scheduled,appeared,True,True
aM2OPiJFidk,SlockOne vs LilStrocks,Bwelta Balentong 9,2022-09-03,2022-09-29 12:35:46,SlockOne,emcee1,scheduled,appeared,True,True
aM2OPiJFidk,SlockOne vs LilStrocks,Bwelta Balentong 9,2022-09-03,2022-09-29 12:35:46,LilStrocks,emcee2,scheduled,appeared,True,True
O_J8J9FaITk,Harlem vs Luxuria,Bwelta Balentong 9,2022-09-03,2022-09-24 12:31:07,Harlem,emcee1,scheduled,appeared,True,True
O_J8J9FaITk,Harlem vs Luxuria,Bwelta Balentong 9,2022-09-03,2022-09-24 12:31:07,Luxuria,emcee2,scheduled,appeared,True,True
ETvDvEuJfok,Goriong Talas vs JDee,Bwelta Balentong 9,2022-09-03,2022-09-21 12:30:16,Goriong Talas,emcee1,scheduled,appeared,True,True
ETvDvEuJfok,Goriong Talas vs JDee,Bwelta Balentong 9,2022-09-03,2022-09-21 12:30:16,JDee,emcee2,scheduled,appeared,True,True
l7DN1QQEEDg,Poison13 vs Elbiz,Bwelta Balentong 9,2022-09-03,2022-09-17 12:31:28,Poison13,emcee1,scheduled,appeared,True,True
l7DN1QQEEDg,Poison13 vs Elbiz,Bwelta Balentong 9,2022-09-03,2022-09-17 12:31:28,Elbiz,emcee2,scheduled,appeared,True,True
zPBdg-uEDio,Pistolero vs Castillo,Bwelta Balentong 9,2022-09-03,2022-09-14 12:32:07,Pistolero,emcee1,scheduled,appeared,True,True
zPBdg-uEDio,Pistolero vs Castillo,Bwelta Balentong 9,2022-09-03,2022-09-14 12:32:07,Castillo,emcee2,scheduled,appeared,True,True
q7mRchSRLW4,Prince Rhyme vs Vitrum,Zoning 14,2022-07-16,2022-08-24 12:39:05,Prince Rhyme,emcee1,scheduled,appeared,True,True
q7mRchSRLW4,Prince Rhyme vs Vitrum,Zoning 14,2022-07-16,2022-08-24 12:39:05,Vitrum,emcee2,scheduled,appeared,True,True
smRpLQWu59M,CripLi vs K-Ram,Zoning 14,2022-07-16,2022-08-20 12:30:34,CripLi,emcee1,scheduled,appeared,True,True
smRpLQWu59M,CripLi vs K-Ram,Zoning 14,2022-07-16,2022-08-20 12:30:34,K-Ram,emcee2,scheduled,appeared,True,True
y7ku_sN0PB4,Fukuda vs J-King,Zoning 14,2022-07-16,2022-08-17 12:39:57,Fukuda,emcee1,scheduled,appeared,True,True
y7ku_sN0PB4,Fukuda vs J-King,Zoning 14,2022-07-16,2022-08-17 12:39:57,J-King,emcee2,scheduled,appeared,True,True
Q76t76Pji-M,Elbiz vs Zend Luke,Zoning 14,2022-07-16,2022-08-13 12:29:21,Elbiz,emcee1,scheduled,appeared,True,True
Q76t76Pji-M,Elbiz vs Zend Luke,Zoning 14,2022-07-16,2022-08-13 12:29:21,Zend Luke,emcee2,scheduled,appeared,True,True
ANU8DfdHFIc,Pistolero vs Plaridhel,Zoning 14,2022-07-16,2022-08-10 12:30:33,Pistolero,emcee1,scheduled,appeared,True,True
ANU8DfdHFIc,Pistolero vs Plaridhel,Zoning 14,2022-07-16,2022-08-10 12:30:33,Plaridhel,emcee2,scheduled,appeared,True,True
ZZdIifi92ck,Hazky vs MastaFeat,Zoning 14,2022-07-16,2022-08-04 12:50:44,Hazky,emcee1,scheduled,appeared,True,True
ZZdIifi92ck,Hazky vs MastaFeat,Zoning 14,2022-07-16,2022-08-04 12:50:44,MastaFeat,emcee2,scheduled,appeared,True,True
0BIGq728WGk,Jonas vs SirDeo,Zoning 14,2022-07-16,2022-07-30 12:37:32,Jonas,emcee1,scheduled,appeared,True,True
0BIGq728WGk,Jonas vs SirDeo,Zoning 14,2022-07-16,2022-07-30 12:37:32,SirDeo,emcee2,scheduled,appeared,True,True
zCFALB8QkvQ,Makii vs GI,Gubat 10,2022-05-14,2022-07-10 10:04:06,Makii,emcee1,scheduled,appeared,True,True
zCFALB8QkvQ,Makii vs GI,Gubat 10,2022-05-14,2022-07-10 10:04:06,GI,emcee2,scheduled,appeared,True,True
MJtecK4g_28,CNine vs Castillo,Gubat 10,2022-05-14,2022-07-06 12:30:22,CNine,emcee1,scheduled,appeared,True,True
MJtecK4g_28,CNine vs Castillo,Gubat 10,2022-05-14,2022-07-06 12:30:22,Castillo,emcee2,scheduled,appeared,True,True
K-bxj_O4y48,GL vs LilStrocks,Gubat 10,2022-05-14,2022-07-02 12:21:32,GL,emcee1,scheduled,appeared,True,True
K-bxj_O4y48,GL vs LilStrocks,Gubat 10,2022-05-14,2022-07-02 12:21:32,LilStrocks,emcee2,scheduled,appeared,True,True
lxw5YiCznCQ,Goriong Talas vs Pen Pluma,Gubat 10,2022-05-14,2022-06-29 12:29:27,Goriong Talas,emcee1,scheduled,appeared,True,True
lxw5YiCznCQ,Goriong Talas vs Pen Pluma,Gubat 10,2022-05-14,2022-06-29 12:29:27,Pen Pluma,emcee2,scheduled,appeared,True,True
8CtAfkytUgQ,M Zhayt vs J-Blaque,Gubat 10,2022-05-14,2022-06-25 12:35:04,M Zhayt,emcee1,scheduled,appeared,True,True
8CtAfkytUgQ,M Zhayt vs J-Blaque,Gubat 10,2022-05-14,2022-06-25 12:35:04,J-Blaque,emcee2,scheduled,appeared,True,True
-LKFyIMoZ7w,Asser vs Fangs,Gubat 10,2022-05-14,2022-06-22 12:33:39,Asser,emcee1,scheduled,appeared,True,True
-LKFyIMoZ7w,Asser vs Fangs,Gubat 10,2022-05-14,2022-06-22 12:33:39,Fangs,emcee2,scheduled,appeared,True,True
MRzSDjWCa9k,Range vs Tweng,Gubat 10,2022-05-14,2022-06-18 12:37:13,Range,emcee1,scheduled,appeared,True,True
MRzSDjWCa9k,Range vs Tweng,Gubat 10,2022-05-14,2022-06-18 12:37:13,Tweng,emcee2,scheduled,appeared,True,True
4iP-N9qMdrA,Onaks vs One Lie Ace,Second Sight 10,2022-04-23,2022-06-13 13:05:16,Onaks,emcee1,scheduled,appeared,True,True
4iP-N9qMdrA,Onaks vs One Lie Ace,Second Sight 10,2022-04-23,2022-06-13 13:05:16,One Lie Ace,emcee2,scheduled,appeared,True,True
ot6W3EpD90E,Bagsik vs Prince Rhyme,Second Sight 10,2022-04-23,2022-06-09 13:23:09,Bagsik,emcee1,scheduled,appeared,True,True
ot6W3EpD90E,Bagsik vs Prince Rhyme,Second Sight 10,2022-04-23,2022-06-09 13:23:09,Prince Rhyme,emcee2,scheduled,appeared,True,True
L4T6zeJI7-Y,Batang Rebelde vs MastaFeat,Second Sight 10,2022-04-23,2022-06-04 09:37:07,Batang Rebelde,emcee1,scheduled,appeared,True,True
L4T6zeJI7-Y,Batang Rebelde vs MastaFeat,Second Sight 10,2022-04-23,2022-06-04 09:37:07,MastaFeat,emcee2,scheduled,appeared,True,True
9va2PIVTpMc,JDee vs Zaki,Second Sight 10,2022-04-23,2022-05-29 12:38:08,JDee,emcee1,scheduled,appeared,True,True
9va2PIVTpMc,JDee vs Zaki,Second Sight 10,2022-04-23,2022-05-29 12:38:08,Zaki,emcee2,scheduled,appeared,True,True
MfH1NaCu7Ps,Poison13 vs SlockOne,Second Sight 10,2022-04-23,2022-05-26 12:58:20,Poison13,emcee1,scheduled,appeared,True,True
MfH1NaCu7Ps,Poison13 vs SlockOne,Second Sight 10,2022-04-23,2022-05-26 12:58:20,SlockOne,emcee2,scheduled,appeared,True,True
ArWD8-21o5I,Harlem vs C-Quence,Second Sight 10,2022-04-23,2022-05-22 12:49:48,Harlem,emcee1,scheduled,appeared,True,True
ArWD8-21o5I,Harlem vs C-Quence,Second Sight 10,2022-04-23,2022-05-22 12:49:48,C-Quence,emcee2,scheduled,appeared,True,True
yDD8HiqzEdI,Zaito vs Luxuria,Second Sight 10,2022-04-23,2022-05-11 13:04:14,Zaito,emcee1,scheduled,appeared,True,True
yDD8HiqzEdI,Zaito vs Luxuria,Second Sight 10,2022-04-23,2022-05-11 13:04:14,Luxuria,emcee2,scheduled,appeared,True,True
FF-vrHEsNmQ,Illtimate vs OnliSon,Ahon 12,2021-12-09,2022-04-27 13:01:45,Illtimate,emcee1,scheduled,appeared,True,True
FF-vrHEsNmQ,Illtimate vs OnliSon,Ahon 12,2021-12-09,2022-04-27 13:01:45,OnliSon,emcee2,scheduled,appeared,True,True
02tOO0Lydhw,Vitrum vs Pen Pluma,Ahon 12,2021-12-09,2022-04-17 12:28:10,Vitrum,emcee1,scheduled,appeared,True,True
02tOO0Lydhw,Vitrum vs Pen Pluma,Ahon 12,2021-12-09,2022-04-17 12:28:10,Pen Pluma,emcee2,scheduled,appeared,True,True
_E0bjUOpIYk,Prince Rhyme vs Arma,Ahon 12,2021-12-09,2022-04-14 08:09:49,Prince Rhyme,emcee1,scheduled,appeared,True,True
_E0bjUOpIYk,Prince Rhyme vs Arma,Ahon 12,2021-12-09,2022-04-14 08:09:49,Arma,emcee2,scheduled,appeared,True,True
hu44yltPMC4,CNine vs C-Quence,Ahon 12,2021-12-09,2022-04-09 12:06:12,CNine,emcee1,scheduled,appeared,True,True
hu44yltPMC4,CNine vs C-Quence,Ahon 12,2021-12-09,2022-04-09 12:06:12,C-Quence,emcee2,scheduled,appeared,True,True
14t3uPL08vU,Frooz vs Thike,Ahon 12,2021-12-09,2022-04-01 12:37:03,Frooz,emcee1,scheduled,appeared,True,True
14t3uPL08vU,Frooz vs Thike,Ahon 12,2021-12-09,2022-04-01 12:37:03,Thike,emcee2,scheduled,appeared,True,True
EiZjr3ryx-0,Range vs Hazky,Ahon 12,2021-12-08,2022-03-27 12:49:25,Range,emcee1,scheduled,appeared,True,True
EiZjr3ryx-0,Range vs Hazky,Ahon 12,2021-12-08,2022-03-27 12:49:25,Hazky,emcee2,scheduled,appeared,True,True
gYvLz2LHqBk,SirDeo vs K-Ram,Ahon 12,2021-12-08,2022-03-24 12:33:48,SirDeo,emcee1,scheduled,appeared,True,True
gYvLz2LHqBk,SirDeo vs K-Ram,Ahon 12,2021-12-08,2022-03-24 12:33:48,K-Ram,emcee2,scheduled,appeared,True,True
hjwKvZoFPOo,Pistolero vs Marshall Bonifacio,Ahon 12,2021-12-08,2022-03-20 08:42:16,Pistolero,emcee1,scheduled,appeared,True,True
hjwKvZoFPOo,Pistolero vs Marshall Bonifacio,Ahon 12,2021-12-08,2022-03-20 08:42:16,Marshall Bonifacio,emcee2,scheduled,appeared,True,True
nXJqEOv6SE0,Kregga vs Batang Rebelde,Ahon 12,2021-12-08,2022-03-17 12:40:27,Kregga,emcee1,scheduled,appeared,True,True
nXJqEOv6SE0,Kregga vs Batang Rebelde,Ahon 12,2021-12-08,2022-03-17 12:40:27,Batang Rebelde,emcee2,scheduled,appeared,True,True
BwuEF-d9HmU,Elbiz vs Luxuria,Ahon 12,2021-12-08,2022-03-14 11:56:15,Elbiz,emcee1,scheduled,appeared,True,True
BwuEF-d9HmU,Elbiz vs Luxuria,Ahon 12,2021-12-08,2022-03-14 11:56:15,Luxuria,emcee2,scheduled,appeared,True,True
bs30EUK9yMM,Plazma vs Fukuda,Ahon 12,2021-12-08,2022-03-09 13:08:15,Plazma,emcee1,scheduled,appeared,True,True
bs30EUK9yMM,Plazma vs Fukuda,Ahon 12,2021-12-08,2022-03-09 13:08:15,Fukuda,emcee2,scheduled,appeared,True,True
CTEjqV43HmE,Lanzeta vs Damsa,Ahon 12,2021-12-08,2022-03-04 12:25:49,Lanzeta,emcee1,scheduled,appeared,True,True
CTEjqV43HmE,Lanzeta vs Damsa,Ahon 12,2021-12-08,2022-03-04 12:25:49,Damsa,emcee2,scheduled,appeared,True,True
LLPnSbMO9Vw,Harlem vs MastaFeat,Ahon 12,2021-12-08,2022-02-25 12:44:04,Harlem,emcee1,scheduled,appeared,True,True
LLPnSbMO9Vw,Harlem vs MastaFeat,Ahon 12,2021-12-08,2022-02-25 12:44:04,MastaFeat,emcee2,scheduled,appeared,True,True
nhF2osvLdeI,LilStrocks vs Gameboy,Ahon 12,2021-12-09,2022-02-19 12:27:23,LilStrocks,emcee1,scheduled,appeared,True,True
nhF2osvLdeI,LilStrocks vs Gameboy,Ahon 12,2021-12-09,2022-02-19 12:27:23,Gameboy,emcee2,scheduled,appeared,True,True
0iBWRK2loOE,SlockOne vs Plaridhel,Ahon 12,2021-12-09,2022-02-16 13:00:02,SlockOne,emcee1,scheduled,appeared,True,True
0iBWRK2loOE,SlockOne vs Plaridhel,Ahon 12,2021-12-09,2022-02-16 13:00:02,Plaridhel,emcee2,scheduled,appeared,True,True
_Zh_AcP-kK8,Bagsik vs Castillo,Ahon 12,2021-12-09,2022-02-10 12:55:30,Bagsik,emcee1,scheduled,appeared,True,True
_Zh_AcP-kK8,Bagsik vs Castillo,Ahon 12,2021-12-09,2022-02-10 12:55:30,Castillo,emcee2,scheduled,appeared,True,True
Ys_lr96EMWE,Don Pao vs Zaki,Ahon 12,2021-12-08,2022-02-05 12:45:39,Don Pao,emcee1,scheduled,appeared,True,True
Ys_lr96EMWE,Don Pao vs Zaki,Ahon 12,2021-12-08,2022-02-05 12:45:39,Zaki,emcee2,scheduled,appeared,True,True
nbhw0Ti4l9U,Zaito vs Mhot,Ahon 12,2021-12-09,2022-02-03 06:53:14,Zaito,emcee1,scheduled,appeared,True,True
nbhw0Ti4l9U,Zaito vs Mhot,Ahon 12,2021-12-09,2022-02-03 06:53:14,Mhot,emcee2,scheduled,appeared,True,True
O_54EQEWVNI,JDee vs JR Zero,Ahon 12,2021-12-08,2022-01-30 12:42:47,JDee,emcee1,scheduled,appeared,True,True
O_54EQEWVNI,JDee vs JR Zero,Ahon 12,2021-12-08,2022-01-30 12:42:47,JR Zero,emcee2,scheduled,appeared,True,True
hlvC1_gUMQg,Poison13 vs AKT,Ahon 12,2021-12-08,2022-01-27 12:23:37,Poison13,emcee1,scheduled,appeared,True,True
hlvC1_gUMQg,Poison13 vs AKT,Ahon 12,2021-12-08,2022-01-27 12:23:37,AKT,emcee2,scheduled,appeared,True,True
dHkHLIZ6LMM,Sayadd vs Tweng,Ahon 12,2021-12-09,2022-01-23 06:55:55,Sayadd,emcee1,scheduled,appeared,True,True
dHkHLIZ6LMM,Sayadd vs Tweng,Ahon 12,2021-12-09,2022-01-23 06:55:55,Tweng,emcee2,scheduled,appeared,True,True
0tJXmIsKkBE,GL vs Yuniko,Ahon 12,2021-12-08,2022-01-19 12:58:32,GL,emcee1,scheduled,appeared,True,True
0tJXmIsKkBE,GL vs Yuniko,Ahon 12,2021-12-08,2022-01-19 12:58:32,Yuniko,emcee2,scheduled,appeared,True,True
KZJXqTw4IWU,Apoc vs Zend Luke,Ahon 12,2021-12-08,2022-01-15 13:30:29,Apoc,emcee1,scheduled,appeared,True,True
KZJXqTw4IWU,Apoc vs Zend Luke,Ahon 12,2021-12-08,2022-01-15 13:30:29,Zend Luke,emcee2,scheduled,appeared,True,True
AlABY9JeUUc,Shernan vs Jonas,Ahon 12,2021-12-09,2022-01-12 13:33:41,Shernan,emcee1,scheduled,appeared,True,True
AlABY9JeUUc,Shernan vs Jonas,Ahon 12,2021-12-09,2022-01-12 13:33:41,Jonas,emcee2,scheduled,appeared,True,True
-OV0BU4JZLI,Goriong Talas vs J-Blaque,Ahon 12,2021-12-09,2021-12-31 14:36:26,Goriong Talas,emcee1,scheduled,appeared,True,True
-OV0BU4JZLI,Goriong Talas vs J-Blaque,Ahon 12,2021-12-09,2021-12-31 14:36:26,J-Blaque,emcee2,scheduled,appeared,True,True
YNUAQhjOmpU,M Zhayt vs Lhipkram,Ahon 12,2021-12-09,2021-12-25 14:27:01,M Zhayt,emcee1,scheduled,appeared,True,True
YNUAQhjOmpU,M Zhayt vs Lhipkram,Ahon 12,2021-12-09,2021-12-25 14:27:01,Lhipkram,emcee2,scheduled,appeared,True,True
C6FNWfPWT7I,SlockOne vs Prince Rhyme,Unibersikulo 10,2021-11-18,2021-12-16 12:31:43,SlockOne,emcee1,scheduled,appeared,True,True
C6FNWfPWT7I,SlockOne vs Prince Rhyme,Unibersikulo 10,2021-11-18,2021-12-16 12:31:43,Prince Rhyme,emcee2,scheduled,appeared,True,True
vZBSh_qnYFw,Zaito vs Frooz,Unibersikulo 10,2021-11-18,2021-11-25 13:09:30,Zaito,emcee1,scheduled,appeared,True,True
vZBSh_qnYFw,Zaito vs Frooz,Unibersikulo 10,2021-11-18,2021-11-25 13:09:30,Frooz,emcee2,scheduled,appeared,True,True
fZri3c9KBnU,Tipsy D vs C-Quence,Unibersikulo 10,2021-11-18,2021-11-20 12:45:22,Tipsy D,emcee1,scheduled,appeared,True,True
fZri3c9KBnU,Tipsy D vs C-Quence,Unibersikulo 10,2021-11-18,2021-11-20 12:45:22,C-Quence,emcee2,scheduled,appeared,True,True
yrAtwuwJ_MA,Prince Rhyme vs Makii,Zoning 13,2021-10-11,2021-11-16 12:30:00,Prince Rhyme,emcee1,scheduled,appeared,True,True
yrAtwuwJ_MA,Prince Rhyme vs Makii,Zoning 13,2021-10-11,2021-11-16 12:30:00,Makii,emcee2,scheduled,appeared,True,True
WxmAY4Qrodk,Plazma vs Marshall Bonifacio,Zoning 13,2021-10-11,2021-11-10 12:30:24,Plazma,emcee1,scheduled,appeared,True,True
WxmAY4Qrodk,Plazma vs Marshall Bonifacio,Zoning 13,2021-10-11,2021-11-10 12:30:24,Marshall Bonifacio,emcee2,scheduled,appeared,True,True
sZjjvoJXajY,SirDeo vs Vitrum,Zoning 13,2021-10-11,2021-11-05 12:30:50,SirDeo,emcee1,scheduled,appeared,True,True
sZjjvoJXajY,SirDeo vs Vitrum,Zoning 13,2021-10-11,2021-11-05 12:30:50,Vitrum,emcee2,scheduled,appeared,True,True
-kbb9YSmDu4,K-Ram vs JDee,Zoning 13,2021-10-11,2021-10-29 12:48:18,K-Ram,emcee1,scheduled,appeared,True,True
-kbb9YSmDu4,K-Ram vs JDee,Zoning 13,2021-10-11,2021-10-29 12:48:18,JDee,emcee2,scheduled,appeared,True,True
sxBDP10EkGc,JR Zero vs CNine,Zoning 13,2021-10-11,2021-10-24 12:48:52,JR Zero,emcee1,scheduled,appeared,True,True
sxBDP10EkGc,JR Zero vs CNine,Zoning 13,2021-10-11,2021-10-24 12:48:52,CNine,emcee2,scheduled,appeared,True,True
23agp8pFHEM,AKT vs MastaFeat,Zoning 13,2021-10-11,2021-10-21 12:55:45,AKT,emcee1,scheduled,appeared,True,True
23agp8pFHEM,AKT vs MastaFeat,Zoning 13,2021-10-11,2021-10-21 12:55:45,MastaFeat,emcee2,scheduled,appeared,True,True
84zTU423C4c,Range vs Harlem,Zoning 13,2021-10-11,2021-10-16 12:33:47,Range,emcee1,scheduled,appeared,True,True
84zTU423C4c,Range vs Harlem,Zoning 13,2021-10-11,2021-10-16 12:33:47,Harlem,emcee2,scheduled,appeared,True,True
1d44YlxPrQA,Illtimate vs Duma,Unibersikulo 9,2021-09-01,2021-10-07 12:30:42,Illtimate,emcee1,scheduled,appeared,True,True
1d44YlxPrQA,Illtimate vs Duma,Unibersikulo 9,2021-09-01,2021-10-07 12:30:42,Duma,emcee2,scheduled,appeared,True,True
UyKR1d21-fc,CNine vs Bagsik,Unibersikulo 9,2021-09-01,2021-10-02 13:02:09,CNine,emcee1,scheduled,appeared,True,True
UyKR1d21-fc,CNine vs Bagsik,Unibersikulo 9,2021-09-01,2021-10-02 13:02:09,Bagsik,emcee2,scheduled,appeared,True,True
2Rmxrj9ukp0,M Zhayt vs Luxuria,Unibersikulo 9,2021-09-01,2021-09-29 12:32:07,M Zhayt,emcee1,scheduled,appeared,True,True
2Rmxrj9ukp0,M Zhayt vs Luxuria,Unibersikulo 9,2021-09-01,2021-09-29 12:32:07,Luxuria,emcee2,scheduled,appeared,True,True
Tr0WgKjvQOM,Lhipkram vs Jonas,Unibersikulo 9,2021-09-01,2021-09-25 12:32:14,Lhipkram,emcee1,scheduled,appeared,True,True
Tr0WgKjvQOM,Lhipkram vs Jonas,Unibersikulo 9,2021-09-01,2021-09-25 12:32:14,Jonas,emcee2,scheduled,appeared,True,True
Odksj8yAVxU,Zend Luke vs J-Blaque,Unibersikulo 9,2021-09-01,2021-09-22 12:32:19,Zend Luke,emcee1,scheduled,appeared,True,True
Odksj8yAVxU,Zend Luke vs J-Blaque,Unibersikulo 9,2021-09-01,2021-09-22 12:32:19,J-Blaque,emcee2,scheduled,appeared,True,True
HSFHJCMtCfw,Apekz vs Goriong Talas,Unibersikulo 9,2021-09-01,2021-09-18 12:30:31,Apekz,emcee1,scheduled,appeared,True,True
HSFHJCMtCfw,Apekz vs Goriong Talas,Unibersikulo 9,2021-09-01,2021-09-18 12:30:31,Goriong Talas,emcee2,scheduled,appeared,True,True
WVMP0piBeT4,C-Quence vs K-Ram,Unibersikulo 9,2021-09-01,2021-09-15 12:31:08,C-Quence,emcee1,scheduled,appeared,True,True
WVMP0piBeT4,C-Quence vs K-Ram,Unibersikulo 9,2021-09-01,2021-09-15 12:31:08,K-Ram,emcee2,scheduled,appeared,True,True
hcjaNF15Xuo,Hazky vs Elbiz,Unibersikulo 9,2021-09-01,2021-09-08 12:30:34,Hazky,emcee1,scheduled,appeared,True,True
hcjaNF15Xuo,Hazky vs Elbiz,Unibersikulo 9,2021-09-01,2021-09-08 12:30:34,Elbiz,emcee2,scheduled,appeared,True,True
mjd1uTBY9wA,Apoc vs Poison13,Unibersikulo 9,2021-09-01,2021-09-04 12:29:46,Apoc,emcee1,scheduled,appeared,True,True
mjd1uTBY9wA,Apoc vs Poison13,Unibersikulo 9,2021-09-01,2021-09-04 12:29:46,Poison13,emcee2,scheduled,appeared,True,True
7d0UyzZlOrE,SlockOne vs One Lie Ace,Zoning 12,2021-07-11,2021-08-18 11:36:42,SlockOne,emcee1,scheduled,appeared,True,True
7d0UyzZlOrE,SlockOne vs One Lie Ace,Zoning 12,2021-07-11,2021-08-18 11:36:42,One Lie Ace,emcee2,scheduled,appeared,True,True
VGuE7a7Qj50,Onaks vs JDee,Zoning 12,2021-07-11,2021-08-13 12:15:05,Onaks,emcee1,scheduled,appeared,True,True
VGuE7a7Qj50,Onaks vs JDee,Zoning 12,2021-07-11,2021-08-13 12:15:05,JDee,emcee2,scheduled,appeared,True,True
0QXZ4Ujh4Ys,MastaFeat vs SirDeo,Zoning 12,2021-07-11,2021-08-08 12:50:07,MastaFeat,emcee1,scheduled,appeared,True,True
0QXZ4Ujh4Ys,MastaFeat vs SirDeo,Zoning 12,2021-07-11,2021-08-08 12:50:07,SirDeo,emcee2,scheduled,appeared,True,True
tyNGWmv2TZM,G-Clown vs J-Blaque,Zoning 12,2021-07-11,2021-08-05 12:27:59,G-Clown,emcee1,scheduled,appeared,True,True
tyNGWmv2TZM,G-Clown vs J-Blaque,Zoning 12,2021-07-11,2021-08-05 12:27:59,J-Blaque,emcee2,scheduled,appeared,True,True
1HbIj0o29hc,M Zhayt vs GL,Zoning 12,2021-07-11,2021-08-01 08:57:35,M Zhayt,emcee1,scheduled,appeared,True,True
1HbIj0o29hc,M Zhayt vs GL,Zoning 12,2021-07-11,2021-08-01 08:57:35,GL,emcee2,scheduled,appeared,True,True
-omScjxUAf4,Invictus vs Batang Rebelde,Zoning 12,2021-07-11,2021-07-29 12:58:47,Invictus,emcee1,scheduled,appeared,True,True
-omScjxUAf4,Invictus vs Batang Rebelde,Zoning 12,2021-07-11,2021-07-29 12:58:47,Batang Rebelde,emcee2,scheduled,appeared,True,True
9bd3jglzTNI,Jonas vs OnliSon,Zoning 12,2021-07-11,2021-07-24 12:59:15,Jonas,emcee1,scheduled,appeared,True,True
9bd3jglzTNI,Jonas vs OnliSon,Zoning 12,2021-07-11,2021-07-24 12:59:15,OnliSon,emcee2,scheduled,appeared,True,True
RhxhLrrGRwY,Lhipkram vs Kregga,Zoning 12,2021-07-11,2021-07-22 12:50:12,Lhipkram,emcee1,scheduled,appeared,True,True
RhxhLrrGRwY,Lhipkram vs Kregga,Zoning 12,2021-07-11,2021-07-22 12:50:12,Kregga,emcee2,scheduled,appeared,True,True
RMkisdubvnQ,Harlem vs Zend Luke,Zoning 12,2021-07-11,2021-07-18 10:22:16,Harlem,emcee1,scheduled,appeared,True,True
RMkisdubvnQ,Harlem vs Zend Luke,Zoning 12,2021-07-11,2021-07-18 10:22:16,Zend Luke,emcee2,scheduled,appeared,True,True
JH8wnmgxhmc,J-Blaque vs LilStrocks,Bwelta Balentong 8,2021-06-15,2021-07-07 12:27:45,J-Blaque,emcee1,scheduled,appeared,True,True
JH8wnmgxhmc,J-Blaque vs LilStrocks,Bwelta Balentong 8,2021-06-15,2021-07-07 12:27:45,LilStrocks,emcee2,scheduled,appeared,True,True
GwImBuU5EDk,GL vs Chris Ace,Bwelta Balentong 8,2021-06-15,2021-07-04 10:31:16,GL,emcee1,scheduled,appeared,True,True
GwImBuU5EDk,GL vs Chris Ace,Bwelta Balentong 8,2021-06-15,2021-07-04 10:31:16,Chris Ace,emcee2,scheduled,appeared,True,True
vnCZKut9DxU,Thike vs Elbiz,Bwelta Balentong 8,2021-06-15,2021-07-01 13:13:52,Thike,emcee1,scheduled,appeared,True,True
vnCZKut9DxU,Thike vs Elbiz,Bwelta Balentong 8,2021-06-15,2021-07-01 13:13:52,Elbiz,emcee2,scheduled,appeared,True,True
0_C0HO-EXLY,Goriong Talas vs Vitrum,Bwelta Balentong 8,2021-06-15,2021-07-01 12:03:40,Goriong Talas,emcee1,scheduled,appeared,True,True
0_C0HO-EXLY,Goriong Talas vs Vitrum,Bwelta Balentong 8,2021-06-15,2021-07-01 12:03:40,Vitrum,emcee2,scheduled,appeared,True,True
pXbM6_H5Z68,Batas vs Luxuria,Bwelta Balentong 8,2021-06-15,2021-06-23 13:07:05,Batas,emcee1,scheduled,appeared,True,True
pXbM6_H5Z68,Batas vs Luxuria,Bwelta Balentong 8,2021-06-15,2021-06-23 13:07:05,Luxuria,emcee2,scheduled,appeared,True,True
MgKrJe2jAnk,Apekz vs MastaFeat,Bwelta Balentong 8,2021-06-15,2021-06-19 12:47:43,Apekz,emcee1,scheduled,appeared,True,True
MgKrJe2jAnk,Apekz vs MastaFeat,Bwelta Balentong 8,2021-06-15,2021-06-19 12:47:43,MastaFeat,emcee2,scheduled,appeared,True,True
H_vHpSV21bc,Supremo vs Bonet,Zoning 11,2021-05-13,2021-06-14 12:55:42,Supremo,emcee1,scheduled,appeared,True,True
H_vHpSV21bc,Supremo vs Bonet,Zoning 11,2021-05-13,2021-06-14 12:55:42,Bonet,emcee2,scheduled,appeared,True,True
ClWtHno_ou4,Gameboy vs OnliSon,Zoning 11,2021-05-13,2021-06-09 12:46:00,Gameboy,emcee1,scheduled,appeared,True,True
ClWtHno_ou4,Gameboy vs OnliSon,Zoning 11,2021-05-13,2021-06-09 12:46:00,OnliSon,emcee2,scheduled,appeared,True,True
s1gX-uiXw2Y,CNine vs Plaridhel,Zoning 11,2021-05-13,2021-06-06 09:58:51,CNine,emcee1,scheduled,appeared,True,True
s1gX-uiXw2Y,CNine vs Plaridhel,Zoning 11,2021-05-13,2021-06-06 09:58:51,Plaridhel,emcee2,scheduled,appeared,True,True
jAMZ0N4V6H8,Zend Luke vs JR Zero,Zoning 11,2021-05-13,2021-06-02 12:16:57,Zend Luke,emcee1,scheduled,appeared,True,True
jAMZ0N4V6H8,Zend Luke vs JR Zero,Zoning 11,2021-05-13,2021-06-02 12:16:57,JR Zero,emcee2,scheduled,appeared,True,True
VMdG6x4EUCA,Kregga vs Marshall Bonifacio,Zoning 11,2021-05-13,2021-05-30 12:40:25,Kregga,emcee1,scheduled,appeared,True,True
VMdG6x4EUCA,Kregga vs Marshall Bonifacio,Zoning 11,2021-05-13,2021-05-30 12:40:25,Marshall Bonifacio,emcee2,scheduled,appeared,True,True
HcGoiwYtgV0,SirDeo vs C-Quence,Zoning 11,2021-05-13,2021-05-22 12:53:59,SirDeo,emcee1,scheduled,appeared,True,True
HcGoiwYtgV0,SirDeo vs C-Quence,Zoning 11,2021-05-13,2021-05-22 12:53:59,C-Quence,emcee2,scheduled,appeared,True,True
aRB4n19Cx8k,Hazky vs Pistolero,Zoning 11,2021-05-13,2021-05-19 13:18:13,Hazky,emcee1,scheduled,appeared,True,True
aRB4n19Cx8k,Hazky vs Pistolero,Zoning 11,2021-05-13,2021-05-19 13:18:13,Pistolero,emcee2,scheduled,appeared,True,True
StPj0lYkZgY,Tipsy D vs Poison13,Zoning 11,2021-05-13,2021-05-15 12:30:35,Tipsy D,emcee1,scheduled,appeared,True,True
StPj0lYkZgY,Tipsy D vs Poison13,Zoning 11,2021-05-13,2021-05-15 12:30:35,Poison13,emcee2,scheduled,appeared,True,True
6bZCmerU6EU,Harlem vs Righteous One,Second Sight 9,2021-03-27,2021-04-18 13:06:55,Harlem,emcee1,scheduled,appeared,True,True
6bZCmerU6EU,Harlem vs Righteous One,Second Sight 9,2021-03-27,2021-04-18 13:06:55,Righteous One,emcee2,scheduled,appeared,True,True
2Fwm1XD1u30,Vitrum vs Onaks,Second Sight 9,2021-03-27,2021-04-15 12:15:13,Vitrum,emcee1,scheduled,appeared,True,True
2Fwm1XD1u30,Vitrum vs Onaks,Second Sight 9,2021-03-27,2021-04-15 12:15:13,Onaks,emcee2,scheduled,appeared,True,True
-0vVf6C-ikQ,MastaFeat vs K-Ram,Second Sight 9,2021-03-27,2021-04-10 12:16:01,MastaFeat,emcee1,scheduled,appeared,True,True
-0vVf6C-ikQ,MastaFeat vs K-Ram,Second Sight 9,2021-03-27,2021-04-10 12:16:01,K-Ram,emcee2,scheduled,appeared,True,True
4EkD9bZHBKw,Goriong Talas vs Illtimate,Second Sight 9,2021-03-27,2021-04-07 12:52:51,Goriong Talas,emcee1,scheduled,appeared,True,True
4EkD9bZHBKw,Goriong Talas vs Illtimate,Second Sight 9,2021-03-27,2021-04-07 12:52:51,Illtimate,emcee2,scheduled,appeared,True,True
WVdTtw8tkQs,Frooz vs Luxuria,Second Sight 9,2021-03-27,2021-04-03 12:36:35,Frooz,emcee1,scheduled,appeared,True,True
WVdTtw8tkQs,Frooz vs Luxuria,Second Sight 9,2021-03-27,2021-04-03 12:36:35,Luxuria,emcee2,scheduled,appeared,True,True
QEJuvfegSqI,G-Clown vs CNine,Second Sight 9,2021-03-27,2021-03-31 12:52:26,G-Clown,emcee1,scheduled,appeared,True,True
QEJuvfegSqI,G-Clown vs CNine,Second Sight 9,2021-03-27,2021-03-31 12:52:26,CNine,emcee2,scheduled,appeared,True,True
DKMZCA0QDew,Apekz vs Bagsik,Second Sight 9,2021-03-27,2021-03-27 12:44:48,Apekz,emcee1,scheduled,appeared,True,True
DKMZCA0QDew,Apekz vs Bagsik,Second Sight 9,2021-03-27,2021-03-27 12:44:48,Bagsik,emcee2,scheduled,appeared,True,True
r9MEFULGogQ,SlockOne vs JDee,Grain Assault 11,2021-02-06,2021-03-20 12:15:59,SlockOne,emcee1,scheduled,appeared,True,True
r9MEFULGogQ,SlockOne vs JDee,Grain Assault 11,2021-02-06,2021-03-20 12:15:59,JDee,emcee2,scheduled,appeared,True,True
ClpoBSSJpcg,Thike vs Numerhus,Grain Assault 11,2021-02-06,2021-03-17 13:05:26,Thike,emcee1,scheduled,appeared,True,True
ClpoBSSJpcg,Thike vs Numerhus,Grain Assault 11,2021-02-06,2021-03-17 13:05:26,Numerhus,emcee2,scheduled,appeared,True,True
WiQ6uIQBmNQ,Jonas vs Batang Rebelde,Grain Assault 11,2021-02-06,2021-03-13 12:46:49,Jonas,emcee1,scheduled,appeared,True,True
WiQ6uIQBmNQ,Jonas vs Batang Rebelde,Grain Assault 11,2021-02-06,2021-03-13 12:46:49,Batang Rebelde,emcee2,scheduled,appeared,True,True
DZggWk41MsU,Duma vs Supremo,Ahon 11,2020-12-26,2021-03-01 10:26:38,Duma,emcee1,scheduled,appeared,True,True
DZggWk41MsU,Duma vs Supremo,Ahon 11,2020-12-26,2021-03-01 10:26:38,Supremo,emcee2,scheduled,appeared,True,True
y6W_y3wohUI,JDee vs One Lie Ace,Ahon 11,2020-12-27,2021-02-25 10:20:54,JDee,emcee1,scheduled,appeared,True,True
y6W_y3wohUI,JDee vs One Lie Ace,Ahon 11,2020-12-27,2021-02-25 10:20:54,One Lie Ace,emcee2,scheduled,appeared,True,True
yeKIOhMONxg,Bagsik vs C-Quence,Ahon 11,2020-12-27,2021-02-21 09:48:57,Bagsik,emcee1,scheduled,appeared,True,True
yeKIOhMONxg,Bagsik vs C-Quence,Ahon 11,2020-12-27,2021-02-21 09:48:57,C-Quence,emcee2,scheduled,appeared,True,True
el9T-u81XZU,LilWeng vs SlockOne,Ahon 11,2020-12-26,2021-02-18 12:27:43,LilWeng,emcee1,scheduled,appeared,True,True
el9T-u81XZU,LilWeng vs SlockOne,Ahon 11,2020-12-26,2021-02-18 12:27:43,SlockOne,emcee2,scheduled,appeared,True,True
hnTRJtzeVcE,Illtimate vs Luxuria,Ahon 11,2020-12-27,2021-02-15 12:25:52,Illtimate,emcee1,scheduled,appeared,True,True
hnTRJtzeVcE,Illtimate vs Luxuria,Ahon 11,2020-12-27,2021-02-15 12:25:52,Luxuria,emcee2,scheduled,appeared,True,True
TeDGDuM9vNU,Lanzeta vs Marshall Bonifacio,Ahon 11,2020-12-26,2021-02-11 11:54:43,Lanzeta,emcee1,scheduled,appeared,True,True
TeDGDuM9vNU,Lanzeta vs Marshall Bonifacio,Ahon 11,2020-12-26,2021-02-11 11:54:43,Marshall Bonifacio,emcee2,scheduled,appeared,True,True
3JidI-4GQ0E,Damsa vs MastaFeat,Ahon 11,2020-12-26,2021-02-06 13:00:13,Damsa,emcee1,scheduled,appeared,True,True
3JidI-4GQ0E,Damsa vs MastaFeat,Ahon 11,2020-12-26,2021-02-06 13:00:13,MastaFeat,emcee2,scheduled,appeared,True,True
KkhNR9Fj_qc,Goriong Talas vs Batang Rebelde,Ahon 11,2020-12-26,2021-02-03 13:13:36,Goriong Talas,emcee1,scheduled,appeared,True,True
KkhNR9Fj_qc,Goriong Talas vs Batang Rebelde,Ahon 11,2020-12-26,2021-02-03 13:13:36,Batang Rebelde,emcee2,scheduled,appeared,True,True
L0MB-zKsjlc,Jonas vs CNine,Ahon 11,2020-12-26,2021-01-30 12:36:09,Jonas,emcee1,scheduled,appeared,True,True
L0MB-zKsjlc,Jonas vs CNine,Ahon 11,2020-12-26,2021-01-30 12:36:09,CNine,emcee2,scheduled,appeared,True,True
i7MWRGoftQE,M Zhayt vs Invictus,Ahon 11,2020-12-26,2021-01-27 12:38:28,M Zhayt,emcee1,scheduled,appeared,True,True
i7MWRGoftQE,M Zhayt vs Invictus,Ahon 11,2020-12-26,2021-01-27 12:38:28,Invictus,emcee2,scheduled,appeared,True,True
CcGODC1suoo,AKT vs SirDeo,Ahon 11,2020-12-27,2021-01-23 12:29:42,AKT,emcee1,scheduled,appeared,True,True
CcGODC1suoo,AKT vs SirDeo,Ahon 11,2020-12-27,2021-01-23 12:29:42,SirDeo,emcee2,scheduled,appeared,True,True
0bjh99QQspY,Yuniko vs K-Ram,Ahon 11,2020-12-27,2021-01-20 12:27:49,Yuniko,emcee1,scheduled,appeared,True,True
0bjh99QQspY,Yuniko vs K-Ram,Ahon 11,2020-12-27,2021-01-20 12:27:49,K-Ram,emcee2,scheduled,appeared,True,True
md0V3-ACZz8,Harlem vs Elbiz,Ahon 11,2020-12-27,2021-01-16 12:33:45,Harlem,emcee1,scheduled,appeared,True,True
md0V3-ACZz8,Harlem vs Elbiz,Ahon 11,2020-12-27,2021-01-16 12:33:45,Elbiz,emcee2,scheduled,appeared,True,True
GyNmOiuTxDM,Poison13 vs Plazma,Ahon 11,2020-12-27,2021-01-13 12:34:58,Poison13,emcee1,scheduled,appeared,True,True
GyNmOiuTxDM,Poison13 vs Plazma,Ahon 11,2020-12-27,2021-01-13 12:34:58,Plazma,emcee2,scheduled,appeared,True,True
_spdwIDIfB0,Lhipkram vs Hazky,Ahon 11,2020-12-27,2021-01-07 10:04:13,Lhipkram,emcee1,scheduled,appeared,True,True
_spdwIDIfB0,Lhipkram vs Hazky,Ahon 11,2020-12-27,2021-01-07 10:04:13,Hazky,emcee2,scheduled,appeared,True,True
qgSI0jeFbww,Batas vs Pistolero,Ahon 11,2020-12-26,2020-12-31 13:39:59,Batas,emcee1,scheduled,appeared,True,True
qgSI0jeFbww,Batas vs Pistolero,Ahon 11,2020-12-26,2020-12-31 13:39:59,Pistolero,emcee2,scheduled,appeared,True,True
hVZMkpdy9KY,Shernan vs Frooz,Ahon 11,2020-12-27,2020-12-28 12:38:53,Shernan,emcee1,scheduled,appeared,True,True
hVZMkpdy9KY,Shernan vs Frooz,Ahon 11,2020-12-27,2020-12-28 12:38:53,Frooz,emcee2,scheduled,appeared,True,True
0Vuvh7PIjpg,Lemi vs Bonet,Bwelta Balentong 7,2020-10-31,2020-12-10 10:03:34,Lemi,emcee1,scheduled,appeared,True,True
0Vuvh7PIjpg,Lemi vs Bonet,Bwelta Balentong 7,2020-10-31,2020-12-10 10:03:34,Bonet,emcee2,scheduled,appeared,True,True
od9Z7jIQgWk,Onaks vs LilWeng,Bwelta Balentong 7,2020-10-30,2020-12-06 09:32:03,Onaks,emcee1,scheduled,appeared,True,True
od9Z7jIQgWk,Onaks vs LilWeng,Bwelta Balentong 7,2020-10-30,2020-12-06 09:32:03,LilWeng,emcee2,scheduled,appeared,True,True
JWOgFDaBy00,Bagsik vs One Lie Ace,Bwelta Balentong 7,2020-10-30,2020-12-02 12:30:11,Bagsik,emcee1,scheduled,appeared,True,True
JWOgFDaBy00,Bagsik vs One Lie Ace,Bwelta Balentong 7,2020-10-30,2020-12-02 12:30:11,One Lie Ace,emcee2,scheduled,appeared,True,True
5HHTRGt-Vc4,C-Quence vs Supremo,Bwelta Balentong 7,2020-10-31,2020-11-29 08:47:21,C-Quence,emcee1,scheduled,appeared,True,True
5HHTRGt-Vc4,C-Quence vs Supremo,Bwelta Balentong 7,2020-10-31,2020-11-29 08:47:21,Supremo,emcee2,scheduled,appeared,True,True
mEm556N_CR0,Romano vs Elbiz,Bwelta Balentong 7,2020-10-30,2020-11-27 12:30:11,Romano,emcee1,scheduled,appeared,True,True
mEm556N_CR0,Romano vs Elbiz,Bwelta Balentong 7,2020-10-30,2020-11-27 12:30:11,Elbiz,emcee2,scheduled,appeared,True,True
WFzb5SYPelE,K-Ram vs Luxuria,Bwelta Balentong 7,2020-10-30,2020-11-21 12:18:40,K-Ram,emcee1,scheduled,appeared,True,True
WFzb5SYPelE,K-Ram vs Luxuria,Bwelta Balentong 7,2020-10-30,2020-11-21 12:18:40,Luxuria,emcee2,scheduled,appeared,True,True
bFWLApcPap0,K-Ram vs Vitrum,Bwelta Balentong 7,2020-10-31,2020-11-19 10:27:10,K-Ram,emcee1,scheduled,appeared,True,True
bFWLApcPap0,K-Ram vs Vitrum,Bwelta Balentong 7,2020-10-31,2020-11-19 10:27:10,Vitrum,emcee2,scheduled,appeared,True,True
T4zf76-Qmrc,Yuniko vs CNine,Bwelta Balentong 7,2020-10-31,2020-11-15 08:57:51,Yuniko,emcee1,scheduled,appeared,True,True
T4zf76-Qmrc,Yuniko vs CNine,Bwelta Balentong 7,2020-10-31,2020-11-15 08:57:51,CNine,emcee2,scheduled,appeared,True,True
m3YEYa96Uac,Righteous One vs MastaFeat,Bwelta Balentong 7,2020-10-30,2020-11-11 12:30:13,Righteous One,emcee1,scheduled,appeared,True,True
m3YEYa96Uac,Righteous One vs MastaFeat,Bwelta Balentong 7,2020-10-30,2020-11-11 12:30:13,MastaFeat,emcee2,scheduled,appeared,True,True
k4xo6Zq-CBA,Jonas vs Sayadd,Bwelta Balentong 7,2020-10-31,2020-11-07 12:35:07,Jonas,emcee1,scheduled,appeared,True,True
k4xo6Zq-CBA,Jonas vs Sayadd,Bwelta Balentong 7,2020-10-31,2020-11-07 12:35:07,Sayadd,emcee2,scheduled,appeared,True,True
i1HWoDTzwhk,Apoc vs Marshall Bonifacio,Bwelta Balentong 7,2020-10-31,2020-11-04 12:30:11,Apoc,emcee1,scheduled,appeared,True,True
i1HWoDTzwhk,Apoc vs Marshall Bonifacio,Bwelta Balentong 7,2020-10-31,2020-11-04 12:30:11,Marshall Bonifacio,emcee2,scheduled,appeared,True,True
z-UrUyjEXbM,Damsa vs Poison13,Bwelta Balentong 7,2020-10-30,2020-11-01 07:30:35,Damsa,emcee1,scheduled,appeared,True,True
z-UrUyjEXbM,Damsa vs Poison13,Bwelta Balentong 7,2020-10-30,2020-11-01 07:30:35,Poison13,emcee2,scheduled,appeared,True,True
krwRDjmCkmE,Duma vs JDee,Zoning 10,2020-09-30,2020-10-15 09:59:10,Duma,emcee1,scheduled,appeared,True,True
krwRDjmCkmE,Duma vs JDee,Zoning 10,2020-09-30,2020-10-15 09:59:10,JDee,emcee2,scheduled,appeared,True,True
p9CM6vENkEM,Batang Rebelde vs AKT,Zoning 10,2020-09-30,2020-10-07 12:48:16,Batang Rebelde,emcee1,scheduled,appeared,True,True
p9CM6vENkEM,Batang Rebelde vs AKT,Zoning 10,2020-09-30,2020-10-07 12:48:16,AKT,emcee2,scheduled,appeared,True,True
FFnMAuKVEBs,SirDeo vs SlockOne,Zoning 10,2020-09-30,2020-10-04 08:17:12,SirDeo,emcee1,scheduled,appeared,True,True
FFnMAuKVEBs,SirDeo vs SlockOne,Zoning 10,2020-09-30,2020-10-04 08:17:12,SlockOne,emcee2,scheduled,appeared,True,True
ftegVRryhlM,Goriong Talas vs Numerhus,Zoning 10,2020-09-30,2020-09-30 12:30:11,Goriong Talas,emcee1,scheduled,appeared,True,True
ftegVRryhlM,Goriong Talas vs Numerhus,Zoning 10,2020-09-30,2020-09-30 12:30:11,Numerhus,emcee2,scheduled,appeared,True,True
0xbnNthStkU,Lemi vs One Lie Ace,Unibersikulo 8,2020-09-01,2020-09-20 09:04:52,Lemi,emcee1,scheduled,appeared,True,True
0xbnNthStkU,Lemi vs One Lie Ace,Unibersikulo 8,2020-09-01,2020-09-20 09:04:52,One Lie Ace,emcee2,scheduled,appeared,True,True
UZ60w5aotaQ,CNine vs MastaFeat,Unibersikulo 8,2020-09-01,2020-09-16 12:44:52,CNine,emcee1,scheduled,appeared,True,True
UZ60w5aotaQ,CNine vs MastaFeat,Unibersikulo 8,2020-09-01,2020-09-16 12:44:52,MastaFeat,emcee2,scheduled,appeared,True,True
XJsW57m9AmY,Harlem vs Romano,Unibersikulo 8,2020-09-01,2020-09-12 12:31:56,Harlem,emcee1,scheduled,appeared,True,True
XJsW57m9AmY,Harlem vs Romano,Unibersikulo 8,2020-09-01,2020-09-12 12:31:56,Romano,emcee2,scheduled,appeared,True,True
zYeqglQYPAo,Lhipkram vs Lanzeta,Unibersikulo 8,2020-09-01,2020-09-09 12:30:20,Lhipkram,emcee1,scheduled,appeared,True,True
zYeqglQYPAo,Lhipkram vs Lanzeta,Unibersikulo 8,2020-09-01,2020-09-09 12:30:20,Lanzeta,emcee2,scheduled,appeared,True,True
pNklx7GJ7nM,Batas vs J-King,Unibersikulo 8,2020-09-01,2020-09-05 13:30:11,Batas,emcee1,scheduled,appeared,True,True
pNklx7GJ7nM,Batas vs J-King,Unibersikulo 8,2020-09-01,2020-09-05 13:30:11,J-King,emcee2,scheduled,appeared,True,True
1f75SGY2CHQ,Illtimate vs C-Quence,Second Sight 8,2020-07-26,2020-08-13 06:25:37,Illtimate,emcee1,scheduled,appeared,True,True
1f75SGY2CHQ,Illtimate vs C-Quence,Second Sight 8,2020-07-26,2020-08-13 06:25:37,C-Quence,emcee2,scheduled,appeared,True,True
cCdj_E-5tAo,Bagsik vs Vitrum,Second Sight 8,2020-07-26,2020-08-08 12:37:13,Bagsik,emcee1,scheduled,appeared,True,True
cCdj_E-5tAo,Bagsik vs Vitrum,Second Sight 8,2020-07-26,2020-08-08 12:37:13,Vitrum,emcee2,scheduled,appeared,True,True
fi6Ur1PY1Y8,Jonas vs Elbiz,Second Sight 8,2020-07-26,2020-08-05 12:30:13,Jonas,emcee1,scheduled,appeared,True,True
fi6Ur1PY1Y8,Jonas vs Elbiz,Second Sight 8,2020-07-26,2020-08-05 12:30:13,Elbiz,emcee2,scheduled,appeared,True,True
osZ9nqmIODo,Lhipkram vs Plazma,Second Sight 8,2020-07-26,2020-08-01 12:39:27,Lhipkram,emcee1,scheduled,appeared,True,True
osZ9nqmIODo,Lhipkram vs Plazma,Second Sight 8,2020-07-26,2020-08-01 12:39:27,Plazma,emcee2,scheduled,appeared,True,True
MdUa4sv14PU,M Zhayt vs Yuniko,Second Sight 8,2020-07-26,2020-07-29 12:42:35,M Zhayt,emcee1,scheduled,appeared,True,True
MdUa4sv14PU,M Zhayt vs Yuniko,Second Sight 8,2020-07-26,2020-07-29 12:42:35,Yuniko,emcee2,scheduled,appeared,True,True
JrKrg2ELX8w,Hazky vs Poison13,Second Sight 8,2020-07-26,2020-07-26 05:41:27,Hazky,emcee1,scheduled,appeared,True,True
JrKrg2ELX8w,Hazky vs Poison13,Second Sight 8,2020-07-26,2020-07-26 05:41:27,Poison13,emcee2,scheduled,appeared,True,True
2NLEQ3bzyC0,Zaito vs Sak Maestro,The FlipTop Festival,2020-02-08,2020-04-26 09:52:12,Zaito,emcee1,scheduled,appeared,True,True
2NLEQ3bzyC0,Zaito vs Sak Maestro,The FlipTop Festival,2020-02-08,2020-04-26 09:52:12,Sak Maestro,emcee2,scheduled,appeared,True,True
jtOnYVHQQUU,Pistolero vs Fukuda,The FlipTop Festival,2020-02-07,2020-04-22 12:31:45,Pistolero,emcee1,scheduled,appeared,True,True
jtOnYVHQQUU,Pistolero vs Fukuda,The FlipTop Festival,2020-02-07,2020-04-22 12:31:45,Fukuda,emcee2,scheduled,appeared,True,True
-JXx_n60obA,Shernan vs Poison13,The FlipTop Festival,2020-02-08,2020-04-15 10:37:18,Shernan,emcee1,scheduled,appeared,True,True
-JXx_n60obA,Shernan vs Poison13,The FlipTop Festival,2020-02-08,2020-04-15 10:37:18,Poison13,emcee2,scheduled,appeared,True,True
MLBMHkQFwL8,LilWeng vs YoungOne,Ahon 10,2019-12-13,2020-04-03 10:51:59,LilWeng,emcee1,scheduled,appeared,True,True
MLBMHkQFwL8,LilWeng vs YoungOne,Ahon 10,2019-12-13,2020-04-03 10:51:59,YoungOne,emcee2,scheduled,appeared,True,True
P3dNb2njEMc,J-Blaque vs Duma,Ahon 10,2019-12-14,2020-03-30 13:00:01,J-Blaque,emcee1,scheduled,appeared,True,True
P3dNb2njEMc,J-Blaque vs Duma,Ahon 10,2019-12-14,2020-03-30 13:00:01,Duma,emcee2,scheduled,appeared,True,True
NPnScYnJv2Q,Sur Henyo vs Plazma,Ahon 10,2019-12-14,2020-03-26 12:24:31,Sur Henyo,emcee1,scheduled,appeared,True,True
NPnScYnJv2Q,Sur Henyo vs Plazma,Ahon 10,2019-12-14,2020-03-26 12:24:31,Plazma,emcee2,scheduled,appeared,True,True
FmLQg78fcVg,J-King vs CripLi,Ahon 10,2019-12-14,2020-03-21 12:23:44,J-King,emcee1,scheduled,appeared,True,True
FmLQg78fcVg,J-King vs CripLi,Ahon 10,2019-12-14,2020-03-21 12:23:44,CripLi,emcee2,scheduled,appeared,True,True
g7N-Cj7qbsU,BLKD vs Fukuda,Ahon 10,2019-12-14,2020-03-18 13:46:53,BLKD,emcee1,scheduled,appeared,True,True
g7N-Cj7qbsU,BLKD vs Fukuda,Ahon 10,2019-12-14,2020-03-18 13:46:53,Fukuda,emcee2,scheduled,appeared,True,True
GSUj5hlTmY8,Yuniko vs Pen Pluma,Ahon 10,2019-12-13,2020-03-14 10:46:21,Yuniko,emcee1,scheduled,appeared,True,True
GSUj5hlTmY8,Yuniko vs Pen Pluma,Ahon 10,2019-12-13,2020-03-14 10:46:21,Pen Pluma,emcee2,scheduled,appeared,True,True
y5jcCqyNoMg,Lanzeta vs Apoc,Ahon 10,2019-12-14,2020-03-12 12:23:51,Lanzeta,emcee1,scheduled,appeared,True,True
y5jcCqyNoMg,Lanzeta vs Apoc,Ahon 10,2019-12-14,2020-03-12 12:23:51,Apoc,emcee2,scheduled,appeared,True,True
1HBQBkEhofE,Towpher vs Marshall Bonifacio,Ahon 10,2019-12-14,2020-03-08 12:16:42,Towpher,emcee1,scheduled,appeared,True,True
1HBQBkEhofE,Towpher vs Marshall Bonifacio,Ahon 10,2019-12-14,2020-03-08 12:16:42,Marshall Bonifacio,emcee2,scheduled,appeared,True,True
7RFE3Zwb5zQ,Sayadd vs Ilaya,Ahon 10,2019-12-13,2020-03-04 12:23:03,Sayadd,emcee1,scheduled,appeared,True,True
7RFE3Zwb5zQ,Sayadd vs Ilaya,Ahon 10,2019-12-13,2020-03-04 12:23:03,Ilaya,emcee2,scheduled,appeared,True,True
IPw-r5LW30U,Zend Luke vs GL,Ahon 10,2019-12-13,2020-02-29 11:52:23,Zend Luke,emcee1,scheduled,appeared,True,True
IPw-r5LW30U,Zend Luke vs GL,Ahon 10,2019-12-13,2020-02-29 11:52:23,GL,emcee2,scheduled,appeared,True,True
NlPRot88n_0,Damsa vs Numerhus,Ahon 10,2019-12-14,2020-02-24 12:33:34,Damsa,emcee1,scheduled,appeared,True,True
NlPRot88n_0,Damsa vs Numerhus,Ahon 10,2019-12-14,2020-02-24 12:33:34,Numerhus,emcee2,scheduled,appeared,True,True
lCYDCTcEpIY,Zaito vs Tweng,Ahon 10,2019-12-13,2020-02-20 07:23:36,Zaito,emcee1,scheduled,appeared,True,True
lCYDCTcEpIY,Zaito vs Tweng,Ahon 10,2019-12-13,2020-02-20 07:23:36,Tweng,emcee2,scheduled,appeared,True,True
3kRMC1okjsQ,Jonas vs Range,Ahon 10,2019-12-14,2020-02-13 12:25:41,Jonas,emcee1,scheduled,appeared,True,True
3kRMC1okjsQ,Jonas vs Range,Ahon 10,2019-12-14,2020-02-13 12:25:41,Range,emcee2,scheduled,appeared,True,True
NJtWAraeB6U,Hazky vs Nikki,Ahon 10,2019-12-13,2020-02-04 12:38:35,Hazky,emcee1,scheduled,appeared,True,True
NJtWAraeB6U,Hazky vs Nikki,Ahon 10,2019-12-13,2020-02-04 12:38:35,Nikki,emcee2,scheduled,appeared,True,True
SjtaroUyNtQ,G-Clown vs Poison13,Ahon 10,2019-12-13,2020-01-31 13:05:44,G-Clown,emcee1,scheduled,appeared,True,True
SjtaroUyNtQ,G-Clown vs Poison13,Ahon 10,2019-12-13,2020-01-31 13:05:44,Poison13,emcee2,scheduled,appeared,True,True
49QL1Cbcr4U,Sak Maestro vs Invictus,Ahon 10,2019-12-13,2020-01-26 12:33:39,Sak Maestro,emcee1,scheduled,appeared,True,True
49QL1Cbcr4U,Sak Maestro vs Invictus,Ahon 10,2019-12-13,2020-01-26 12:33:39,Invictus,emcee2,scheduled,appeared,True,True
jPwjKPoRb-s,Mhot vs Kregga,Ahon 10,2019-12-13,2020-01-23 12:50:05,Mhot,emcee1,scheduled,appeared,True,True
jPwjKPoRb-s,Mhot vs Kregga,Ahon 10,2019-12-13,2020-01-23 12:50:05,Kregga,emcee2,scheduled,appeared,True,True
K-WSwDDXVi0,Batas vs Tipsy D,Ahon 10,2019-12-13,2020-01-15 12:33:32,Batas,emcee1,scheduled,appeared,True,True
K-WSwDDXVi0,Batas vs Tipsy D,Ahon 10,2019-12-13,2020-01-15 12:33:32,Tipsy D,emcee2,scheduled,appeared,True,True
tK1X1rfEuRg,Sixth Threat vs Apekz,Ahon 10,2019-12-14,2020-01-11 11:34:26,Sixth Threat,emcee1,scheduled,appeared,True,True
tK1X1rfEuRg,Sixth Threat vs Apekz,Ahon 10,2019-12-14,2020-01-11 11:34:26,Apekz,emcee2,scheduled,appeared,True,True
zNw57UA1MJc,Apoc vs Invictus,Bwelta Balentong 6,2019-10-12,2020-01-08 12:10:19,Apoc,emcee1,scheduled,appeared,True,True
zNw57UA1MJc,Apoc vs Invictus,Bwelta Balentong 6,2019-10-12,2020-01-08 12:10:19,Invictus,emcee2,scheduled,appeared,True,True
1LzOO-vrl_8,BLKD vs Frooz,Bwelta Balentong 6,2019-10-12,2020-01-04 10:56:54,BLKD,emcee1,scheduled,appeared,True,True
1LzOO-vrl_8,BLKD vs Frooz,Bwelta Balentong 6,2019-10-12,2020-01-04 10:56:54,Frooz,emcee2,scheduled,appeared,True,True
WDmcqtoywb0,Zaito vs Thike,Bwelta Balentong 6,2019-10-12,2019-12-27 12:45:59,Zaito,emcee1,scheduled,appeared,True,True
WDmcqtoywb0,Zaito vs Thike,Bwelta Balentong 6,2019-10-12,2019-12-27 12:45:59,Thike,emcee2,scheduled,appeared,True,True
4DLJ60CgDp8,Shernan vs Hazky,Bwelta Balentong 6,2019-10-12,2019-12-19 12:52:34,Shernan,emcee1,scheduled,appeared,True,True
4DLJ60CgDp8,Shernan vs Hazky,Bwelta Balentong 6,2019-10-12,2019-12-19 12:52:34,Hazky,emcee2,scheduled,appeared,True,True
Nxd9sphibZI,Apekz vs G-Clown,Bwelta Balentong 6,2019-10-12,2019-12-11 12:19:52,Apekz,emcee1,scheduled,appeared,True,True
Nxd9sphibZI,Apekz vs G-Clown,Bwelta Balentong 6,2019-10-12,2019-12-11 12:19:52,G-Clown,emcee2,scheduled,appeared,True,True
gkNYlG4e8hY,Sixth Threat vs Poison13,Bwelta Balentong 6,2019-10-12,2019-12-10 10:04:10,Sixth Threat,emcee1,scheduled,appeared,True,True
gkNYlG4e8hY,Sixth Threat vs Poison13,Bwelta Balentong 6,2019-10-12,2019-12-10 10:04:10,Poison13,emcee2,scheduled,appeared,True,True
N10ooYf54rs,Acid vs CJ,Won Minutes (Cebu) 2,2019-09-27,2019-12-09 14:09:27,Acid,emcee1,scheduled,appeared,True,True
N10ooYf54rs,Acid vs CJ,Won Minutes (Cebu) 2,2019-09-27,2019-12-09 14:09:27,CJ,emcee2,scheduled,appeared,True,True
L5KUQvOa-0Y,Barbarian vs Zinntax,Won Minutes (Cebu) 2,2019-09-27,2019-12-09 13:15:24,Barbarian,emcee1,scheduled,appeared,True,True
L5KUQvOa-0Y,Barbarian vs Zinntax,Won Minutes (Cebu) 2,2019-09-27,2019-12-09 13:15:24,Zinntax,emcee2,scheduled,appeared,True,True
4E26bKTu7Fs,Castillo vs Parz,Won Minutes (Cebu) 2,2019-09-27,2019-12-09 12:29:29,Castillo,emcee1,scheduled,appeared,True,True
4E26bKTu7Fs,Castillo vs Parz,Won Minutes (Cebu) 2,2019-09-27,2019-12-09 12:29:29,Parz,emcee2,scheduled,appeared,True,True
1ilAmoIxtaA,Climax vs Paktisoy,Won Minutes (Cebu) 2,2019-09-27,2019-12-08 09:18:48,Climax,emcee1,scheduled,appeared,True,True
1ilAmoIxtaA,Climax vs Paktisoy,Won Minutes (Cebu) 2,2019-09-27,2019-12-08 09:18:48,Paktisoy,emcee2,scheduled,appeared,True,True
HP_Vg8x2PMw,Gustav vs Chung,Won Minutes (Cebu) 2,2019-09-27,2019-12-08 08:49:22,Gustav,emcee1,scheduled,appeared,True,True
HP_Vg8x2PMw,Gustav vs Chung,Won Minutes (Cebu) 2,2019-09-27,2019-12-08 08:49:22,Chung,emcee2,scheduled,appeared,True,True
f6nSIvEZLvY,Arma vs Ares,Won Minutes (Cebu) 2,2019-09-27,2019-12-05 13:08:00,Arma,emcee1,scheduled,appeared,True,True
f6nSIvEZLvY,Arma vs Ares,Won Minutes (Cebu) 2,2019-09-27,2019-12-05 13:08:00,Ares,emcee2,scheduled,appeared,True,True
u7mYkxGWP4g,Makii vs Vampi,Won Minutes (Cebu) 2,2019-09-27,2019-12-04 12:08:33,Makii,emcee1,scheduled,appeared,True,True
u7mYkxGWP4g,Makii vs Vampi,Won Minutes (Cebu) 2,2019-09-27,2019-12-04 12:08:33,Vampi,emcee2,scheduled,appeared,True,True
zjOjzbno8jk,Cloud9 vs Jorer,Won Minutes (Cebu) 2,2019-09-27,2019-12-03 08:55:49,Cloud9,emcee1,scheduled,appeared,True,True
zjOjzbno8jk,Cloud9 vs Jorer,Won Minutes (Cebu) 2,2019-09-27,2019-12-03 08:55:49,Jorer,emcee2,scheduled,appeared,True,True
jtSy0niBR8o,LilJohn vs CripLi,Bwelta Balentong 6,2019-10-12,2019-11-29 12:33:05,LilJohn,emcee1,scheduled,appeared,True,True
jtSy0niBR8o,LilJohn vs CripLi,Bwelta Balentong 6,2019-10-12,2019-11-29 12:33:05,CripLi,emcee2,scheduled,appeared,True,True
iWC217Fns1Y,GI vs LilStrocks,Gubat 9,2019-09-28,2019-11-24 10:30:28,GI,emcee1,scheduled,appeared,True,True
iWC217Fns1Y,GI vs LilStrocks,Gubat 9,2019-09-28,2019-11-24 10:30:28,LilStrocks,emcee2,scheduled,appeared,True,True
hHaNPvxp1Ws,Doc Pau vs GL,Gubat 9,2019-09-28,2019-11-20 10:14:26,Doc Pau,emcee1,scheduled,appeared,True,True
hHaNPvxp1Ws,Doc Pau vs GL,Gubat 9,2019-09-28,2019-11-20 10:14:26,GL,emcee2,scheduled,appeared,True,True
oiN22Wyf_Uo,Chris Ace vs Pen Pluma,Gubat 9,2019-09-28,2019-11-17 09:35:59,Chris Ace,emcee1,scheduled,appeared,True,True
oiN22Wyf_Uo,Chris Ace vs Pen Pluma,Gubat 9,2019-09-28,2019-11-17 09:35:59,Pen Pluma,emcee2,scheduled,appeared,True,True
na6OocUIys0,J-Blaque vs Martin,Gubat 9,2019-09-28,2019-11-14 10:18:00,J-Blaque,emcee1,scheduled,appeared,True,True
na6OocUIys0,J-Blaque vs Martin,Gubat 9,2019-09-28,2019-11-14 10:18:00,Martin,emcee2,scheduled,appeared,True,True
kI7oBrjC0CE,Fangs vs Marshall Bonifacio,Gubat 9,2019-09-28,2019-11-07 11:23:56,Fangs,emcee1,scheduled,appeared,True,True
kI7oBrjC0CE,Fangs vs Marshall Bonifacio,Gubat 9,2019-09-28,2019-11-07 11:23:56,Marshall Bonifacio,emcee2,scheduled,appeared,True,True
GJ8rBdHR1qA,Tweng vs Asser,Gubat 9,2019-09-28,2019-11-02 12:35:17,Tweng,emcee1,scheduled,appeared,True,True
GJ8rBdHR1qA,Tweng vs Asser,Gubat 9,2019-09-28,2019-11-02 12:35:17,Asser,emcee2,scheduled,appeared,True,True
qgJVsJlVUp0,Batas vs Range,Gubat 9,2019-09-28,2019-10-30 09:17:07,Batas,emcee1,scheduled,appeared,True,True
qgJVsJlVUp0,Batas vs Range,Gubat 9,2019-09-28,2019-10-30 09:17:07,Range,emcee2,scheduled,appeared,True,True
qfTaZ_yXzg4,Maxford vs N-Flowinz,Pakusganay 6,2019-08-24,2019-10-27 09:00:14,Maxford,emcee1,scheduled,appeared,True,True
qfTaZ_yXzg4,Maxford vs N-Flowinz,Pakusganay 6,2019-08-24,2019-10-27 09:00:14,N-Flowinz,emcee2,scheduled,appeared,True,True
jJyu2XqBb0s,Rudic vs Ran,Pakusganay 6,2019-08-24,2019-10-24 12:11:33,Rudic,emcee1,scheduled,appeared,True,True
jJyu2XqBb0s,Rudic vs Ran,Pakusganay 6,2019-08-24,2019-10-24 12:11:33,Ran,emcee2,scheduled,appeared,True,True
FWogoAPtH44,Dopee vs Gameboy,Pakusganay 6,2019-08-24,2019-10-19 12:43:20,Dopee,emcee1,scheduled,appeared,True,True
FWogoAPtH44,Dopee vs Gameboy,Pakusganay 6,2019-08-24,2019-10-19 12:43:20,Gameboy,emcee2,scheduled,appeared,True,True
ONTyTzN9b94,Dosage vs Zend Luke,Pakusganay 6,2019-08-24,2019-10-16 13:04:10,Dosage,emcee1,scheduled,appeared,True,True
ONTyTzN9b94,Dosage vs Zend Luke,Pakusganay 6,2019-08-24,2019-10-16 13:04:10,Zend Luke,emcee2,scheduled,appeared,True,True
dZubxmBbMco,Sayadd vs Fukuda,Pakusganay 6,2019-08-24,2019-10-09 11:16:27,Sayadd,emcee1,scheduled,appeared,True,True
dZubxmBbMco,Sayadd vs Fukuda,Pakusganay 6,2019-08-24,2019-10-09 11:16:27,Fukuda,emcee2,scheduled,appeared,True,True
h0qgb-Qhpk8,Kregga vs Jonas,Pakusganay 6,2019-08-24,2019-10-05 11:43:29,Kregga,emcee1,scheduled,appeared,True,True
h0qgb-Qhpk8,Kregga vs Jonas,Pakusganay 6,2019-08-24,2019-10-05 11:43:29,Jonas,emcee2,scheduled,appeared,True,True
cRK8H17Vgq0,Sak Maestro vs Lanzeta,Pakusganay 6,2019-08-24,2019-10-02 12:37:47,Sak Maestro,emcee1,scheduled,appeared,True,True
cRK8H17Vgq0,Sak Maestro vs Lanzeta,Pakusganay 6,2019-08-24,2019-10-02 12:37:47,Lanzeta,emcee2,scheduled,appeared,True,True
DF2fGUWGK_U,JR Zero vs Supremo,Won Minutes (Davao) 2,2019-08-23,2019-09-28 08:09:40,JR Zero,emcee1,scheduled,appeared,True,True
DF2fGUWGK_U,JR Zero vs Supremo,Won Minutes (Davao) 2,2019-08-23,2019-09-28 08:09:40,Supremo,emcee2,scheduled,appeared,True,True
NgBRka0yjbM,Resiak vs Scars,Won Minutes (Davao) 2,2019-08-23,2019-09-27 11:46:01,Resiak,emcee1,scheduled,appeared,True,True
NgBRka0yjbM,Resiak vs Scars,Won Minutes (Davao) 2,2019-08-23,2019-09-27 11:46:01,Scars,emcee2,scheduled,appeared,True,True
zW-HOvPIiMw,Classico vs Sael,Won Minutes (Davao) 2,2019-08-23,2019-09-27 09:45:30,Classico,emcee1,scheduled,appeared,True,True
zW-HOvPIiMw,Classico vs Sael,Won Minutes (Davao) 2,2019-08-23,2019-09-27 09:45:30,Sael,emcee2,scheduled,appeared,True,True
2fjm0a3xgBk,Mardszen vs Malupit,Won Minutes (Davao) 2,2019-08-23,2019-09-22 13:22:24,Mardszen,emcee1,scheduled,appeared,True,True
2fjm0a3xgBk,Mardszen vs Malupit,Won Minutes (Davao) 2,2019-08-23,2019-09-22 13:22:24,Malupit,emcee2,scheduled,appeared,True,True
lStuw3Oe-w4,Plaridhel vs Placz,Won Minutes (Davao) 2,2019-08-23,2019-09-22 12:49:24,Plaridhel,emcee1,scheduled,appeared,True,True
lStuw3Oe-w4,Plaridhel vs Placz,Won Minutes (Davao) 2,2019-08-23,2019-09-22 12:49:24,Placz,emcee2,scheduled,appeared,True,True
ZS1yMD11X0Y,YoungOne vs K-Ram,Unibersikulo 7,2019-08-10,2019-09-18 12:28:59,YoungOne,emcee1,scheduled,appeared,True,True
ZS1yMD11X0Y,YoungOne vs K-Ram,Unibersikulo 7,2019-08-10,2019-09-18 12:28:59,K-Ram,emcee2,scheduled,appeared,True,True
ldm0YdF3ndA,Romano vs Papew,Unibersikulo 7,2019-08-10,2019-09-14 12:06:02,Romano,emcee1,scheduled,appeared,True,True
ldm0YdF3ndA,Romano vs Papew,Unibersikulo 7,2019-08-10,2019-09-14 12:06:02,Papew,emcee2,scheduled,appeared,True,True
qRzYDWZfJq0,CripLi vs Numerhus,Unibersikulo 7,2019-08-10,2019-09-11 10:48:59,CripLi,emcee1,scheduled,appeared,True,True
qRzYDWZfJq0,CripLi vs Numerhus,Unibersikulo 7,2019-08-10,2019-09-11 10:48:59,Numerhus,emcee2,scheduled,appeared,True,True
-04s-hMjTgI,Damsa vs Towpher,Unibersikulo 7,2019-08-10,2019-09-08 10:11:36,Damsa,emcee1,scheduled,appeared,True,True
-04s-hMjTgI,Damsa vs Towpher,Unibersikulo 7,2019-08-10,2019-09-08 10:11:36,Towpher,emcee2,scheduled,appeared,True,True
44FVeCvuW90,Pistolero vs Emar Industriya,Unibersikulo 7,2019-08-10,2019-09-05 10:56:30,Pistolero,emcee1,scheduled,appeared,True,True
44FVeCvuW90,Pistolero vs Emar Industriya,Unibersikulo 7,2019-08-10,2019-09-05 10:56:30,Emar Industriya,emcee2,scheduled,appeared,True,True
tOYVnJ-6aX8,Sur Henyo vs J-King,Unibersikulo 7,2019-08-10,2019-09-01 07:22:17,Sur Henyo,emcee1,scheduled,appeared,True,True
tOYVnJ-6aX8,Sur Henyo vs J-King,Unibersikulo 7,2019-08-10,2019-09-01 07:22:17,J-King,emcee2,scheduled,appeared,True,True
HUeIBCaW7Yc,Batas vs Mhot,Unibersikulo 7,2019-08-10,2019-08-29 13:53:26,Batas,emcee1,scheduled,appeared,True,True
HUeIBCaW7Yc,Batas vs Mhot,Unibersikulo 7,2019-08-10,2019-08-29 13:53:26,Mhot,emcee2,scheduled,appeared,True,True
p_0oRsNeIys,Tipsy D vs Zaito,Zoning 2019,2019-06-29,2019-08-09 10:25:45,Tipsy D,emcee1,scheduled,appeared,True,True
p_0oRsNeIys,Tipsy D vs Zaito,Zoning 2019,2019-06-29,2019-08-09 10:25:45,Zaito,emcee2,scheduled,appeared,True,True
5uEyb6iA3Gw,BLKD vs Poison13,Zoning 2019,2019-06-29,2019-08-03 12:02:03,BLKD,emcee1,scheduled,appeared,True,True
5uEyb6iA3Gw,BLKD vs Poison13,Zoning 2019,2019-06-29,2019-08-03 12:02:03,Poison13,emcee2,scheduled,appeared,True,True
YOPtHwVWzn4,Apekz vs Asser,Zoning 2019,2019-06-29,2019-07-31 13:09:08,Apekz,emcee1,scheduled,appeared,True,True
YOPtHwVWzn4,Apekz vs Asser,Zoning 2019,2019-06-29,2019-07-31 13:09:08,Asser,emcee2,scheduled,appeared,True,True
4yAuym4jGLU,Lanzeta vs Sixth Threat,Zoning 2019,2019-06-29,2019-07-27 10:20:15,Lanzeta,emcee1,scheduled,appeared,True,True
4yAuym4jGLU,Lanzeta vs Sixth Threat,Zoning 2019,2019-06-29,2019-07-27 10:20:15,Sixth Threat,emcee2,scheduled,appeared,True,True
jDJD3GO69Dk,Lhipkram vs G-Clown,Zoning 2019,2019-06-29,2019-07-24 10:32:41,Lhipkram,emcee1,scheduled,appeared,True,True
jDJD3GO69Dk,Lhipkram vs G-Clown,Zoning 2019,2019-06-29,2019-07-24 10:32:41,G-Clown,emcee2,scheduled,appeared,True,True
DXCdfjH-rN4,Plazma vs Invictus,Zoning 2019,2019-06-29,2019-07-20 08:25:59,Plazma,emcee1,scheduled,appeared,True,True
DXCdfjH-rN4,Plazma vs Invictus,Zoning 2019,2019-06-29,2019-07-20 08:25:59,Invictus,emcee2,scheduled,appeared,True,True
S5_uqVE8XlE,Numerhus vs LilWeng,Zoning 2019,2019-06-29,2019-07-17 11:24:47,Numerhus,emcee1,scheduled,appeared,True,True
S5_uqVE8XlE,Numerhus vs LilWeng,Zoning 2019,2019-06-29,2019-07-17 11:24:47,LilWeng,emcee2,scheduled,appeared,True,True
yIHCe30XQWE,Doc Pau vs Flipzydot1,Second Sight 7,2019-04-27,2019-07-13 09:59:05,Doc Pau,emcee1,scheduled,appeared,True,True
yIHCe30XQWE,Doc Pau vs Flipzydot1,Second Sight 7,2019-04-27,2019-07-13 09:59:05,Flipzydot1,emcee2,scheduled,appeared,True,True
Tx-PCGa-410,Pistolero vs Luxuria,Second Sight 7,2019-04-27,2019-07-10 10:43:21,Pistolero,emcee1,scheduled,appeared,True,True
Tx-PCGa-410,Pistolero vs Luxuria,Second Sight 7,2019-04-27,2019-07-10 10:43:21,Luxuria,emcee2,scheduled,appeared,True,True
tqVRTBe5Iy4,Duma vs Yuniko,Second Sight 7,2019-04-27,2019-07-05 10:48:19,Duma,emcee1,scheduled,appeared,True,True
tqVRTBe5Iy4,Duma vs Yuniko,Second Sight 7,2019-04-27,2019-07-05 10:48:19,Yuniko,emcee2,scheduled,appeared,True,True
I3hUINbPVik,Goriong Talas vs G-Clown,Second Sight 7,2019-04-27,2019-06-28 11:28:11,Goriong Talas,emcee1,scheduled,appeared,True,True
I3hUINbPVik,Goriong Talas vs G-Clown,Second Sight 7,2019-04-27,2019-06-28 11:28:11,G-Clown,emcee2,scheduled,appeared,True,True
6xpS4wcNePw,Sayadd vs Lanzeta,Second Sight 7,2019-04-27,2019-06-27 12:34:15,Sayadd,emcee1,scheduled,appeared,True,True
6xpS4wcNePw,Sayadd vs Lanzeta,Second Sight 7,2019-04-27,2019-06-27 12:34:15,Lanzeta,emcee2,scheduled,appeared,True,True
IfSm2raxnFE,Apekz vs Hazky,Second Sight 7,2019-04-27,2019-06-26 12:14:04,Apekz,emcee1,scheduled,appeared,True,True
IfSm2raxnFE,Apekz vs Hazky,Second Sight 7,2019-04-27,2019-06-26 12:14:04,Hazky,emcee2,scheduled,appeared,True,True
EfaNugB3A9o,Batas vs Sak Maestro,Second Sight 7,2019-04-27,2019-06-22 10:48:21,Batas,emcee1,scheduled,appeared,True,True
EfaNugB3A9o,Batas vs Sak Maestro,Second Sight 7,2019-04-27,2019-06-22 10:48:21,Sak Maestro,emcee2,scheduled,appeared,True,True
JxSYhkGGvrM,Ares vs Acid,Won Minutes (Cebu),2019-04-12,2019-06-22 10:18:38,Ares,emcee1,scheduled,appeared,True,True
JxSYhkGGvrM,Ares vs Acid,Won Minutes (Cebu),2019-04-12,2019-06-22 10:18:38,Acid,emcee2,scheduled,appeared,True,True
L0yCLGci6o0,Castillo vs Jahmen J,Won Minutes (Cebu),2019-04-12,2019-06-22 09:41:24,Castillo,emcee1,scheduled,appeared,True,True
L0yCLGci6o0,Castillo vs Jahmen J,Won Minutes (Cebu),2019-04-12,2019-06-22 09:41:24,Jahmen J,emcee2,scheduled,appeared,True,True
2ewn5ouwwpM,Climax vs Gustav,Won Minutes (Cebu),2019-04-12,2019-06-21 11:44:38,Climax,emcee1,scheduled,appeared,True,True
2ewn5ouwwpM,Climax vs Gustav,Won Minutes (Cebu),2019-04-12,2019-06-21 11:44:38,Gustav,emcee2,scheduled,appeared,True,True
nBT9r21aMlw,Arma vs Renzaurus,Won Minutes (Cebu),2019-04-12,2019-06-21 10:44:11,Arma,emcee1,scheduled,appeared,True,True
nBT9r21aMlw,Arma vs Renzaurus,Won Minutes (Cebu),2019-04-12,2019-06-21 10:44:11,Renzaurus,emcee2,scheduled,appeared,True,True
6JODJBIPTvo,Cloud9 vs Paktisoy,Won Minutes (Cebu),2019-04-12,2019-06-19 13:55:04,Cloud9,emcee1,scheduled,appeared,True,True
6JODJBIPTvo,Cloud9 vs Paktisoy,Won Minutes (Cebu),2019-04-12,2019-06-19 13:55:04,Paktisoy,emcee2,scheduled,appeared,True,True
PI47hp869MM,LilStrocks vs Jorer,Won Minutes (Cebu),2019-04-12,2019-06-19 13:07:25,LilStrocks,emcee1,scheduled,appeared,True,True
PI47hp869MM,LilStrocks vs Jorer,Won Minutes (Cebu),2019-04-12,2019-06-19 13:07:25,Jorer,emcee2,scheduled,appeared,True,True
wVc8akiuzbM,Makii vs Aelekz,Won Minutes (Cebu),2019-04-12,2019-06-19 12:42:31,Makii,emcee1,scheduled,appeared,True,True
wVc8akiuzbM,Makii vs Aelekz,Won Minutes (Cebu),2019-04-12,2019-06-19 12:42:31,Aelekz,emcee2,scheduled,appeared,True,True
GHPeRWceuic,Pen Pluma vs GL,Gubat 8,2019-04-13,2019-06-15 09:36:44,Pen Pluma,emcee1,scheduled,appeared,True,True
GHPeRWceuic,Pen Pluma vs GL,Gubat 8,2019-04-13,2019-06-15 09:36:44,GL,emcee2,scheduled,appeared,True,True
Sg966fl5_V4,Chris Ace vs GI,Gubat 8,2019-04-13,2019-06-13 12:55:42,Chris Ace,emcee1,scheduled,appeared,True,True
Sg966fl5_V4,Chris Ace vs GI,Gubat 8,2019-04-13,2019-06-13 12:55:42,GI,emcee2,scheduled,appeared,True,True
CyETE05hTTg,J-King vs Martin,Gubat 8,2019-04-13,2019-06-08 11:48:22,J-King,emcee1,scheduled,appeared,True,True
CyETE05hTTg,J-King vs Martin,Gubat 8,2019-04-13,2019-06-08 11:48:22,Martin,emcee2,scheduled,appeared,True,True
L-j0yW0rraU,Lhipkram vs J-Blaque,Gubat 8,2019-04-13,2019-06-05 11:57:06,Lhipkram,emcee1,scheduled,appeared,True,True
L-j0yW0rraU,Lhipkram vs J-Blaque,Gubat 8,2019-04-13,2019-06-05 11:57:06,J-Blaque,emcee2,scheduled,appeared,True,True
j5J-QMycLRQ,Asser vs Jonas,Gubat 8,2019-04-13,2019-06-01 09:33:02,Asser,emcee1,scheduled,appeared,True,True
j5J-QMycLRQ,Asser vs Jonas,Gubat 8,2019-04-13,2019-06-01 09:33:02,Jonas,emcee2,scheduled,appeared,True,True
pR4axEbcEbQ,BLKD vs Marshall Bonifacio,Gubat 8,2019-04-13,2019-05-30 11:17:47,BLKD,emcee1,scheduled,appeared,True,True
pR4axEbcEbQ,BLKD vs Marshall Bonifacio,Gubat 8,2019-04-13,2019-05-30 11:17:47,Marshall Bonifacio,emcee2,scheduled,appeared,True,True
pWUhqtsJ5iE,Shernan vs Range,Gubat 8,2019-04-13,2019-05-26 11:50:15,Shernan,emcee1,scheduled,appeared,True,True
pWUhqtsJ5iE,Shernan vs Range,Gubat 8,2019-04-13,2019-05-26 11:50:15,Range,emcee2,scheduled,appeared,True,True
sHFiBdKnwgU,Maxford vs Stiff,Won Minutes (Davao),2019-03-29,2019-05-26 11:25:54,Maxford,emcee1,scheduled,appeared,True,True
sHFiBdKnwgU,Maxford vs Stiff,Won Minutes (Davao),2019-03-29,2019-05-26 11:25:54,Stiff,emcee2,scheduled,appeared,True,True
0zOguB9zokA,Ran vs Mardszen,Pakusganay 5,2019-03-30,2019-05-22 12:37:35,Ran,emcee1,scheduled,appeared,True,True
0zOguB9zokA,Ran vs Mardszen,Pakusganay 5,2019-03-30,2019-05-22 12:37:35,Mardszen,emcee2,scheduled,appeared,True,True
6779WtjrhaY,Classico vs Zucchetto,Won Minutes (Davao),2019-03-29,2019-05-21 13:04:07,Classico,emcee1,scheduled,appeared,True,True
6779WtjrhaY,Classico vs Zucchetto,Won Minutes (Davao),2019-03-29,2019-05-21 13:04:07,Zucchetto,emcee2,scheduled,appeared,True,True
v0G2s1dt0Ik,Fukuda vs Tatz Maven,Pakusganay 5,2019-03-30,2019-05-16 12:37:26,Fukuda,emcee1,scheduled,appeared,True,True
v0G2s1dt0Ik,Fukuda vs Tatz Maven,Pakusganay 5,2019-03-30,2019-05-16 12:37:26,Tatz Maven,emcee2,scheduled,appeared,True,True
eb2aZkIcs2k,Plaridhel vs JR Zero,Won Minutes (Davao),2019-03-29,2019-05-14 12:30:44,Plaridhel,emcee1,scheduled,appeared,True,True
eb2aZkIcs2k,Plaridhel vs JR Zero,Won Minutes (Davao),2019-03-29,2019-05-14 12:30:44,JR Zero,emcee2,scheduled,appeared,True,True
UTn4q9FSXnU,Zend Luke vs N-Flowinz,Pakusganay 5,2019-03-30,2019-05-11 12:38:40,Zend Luke,emcee1,scheduled,appeared,True,True
UTn4q9FSXnU,Zend Luke vs N-Flowinz,Pakusganay 5,2019-03-30,2019-05-11 12:38:40,N-Flowinz,emcee2,scheduled,appeared,True,True
KbuvtcbnzOA,Resiak vs Placz,Won Minutes (Davao),2019-03-29,2019-05-10 12:17:36,Resiak,emcee1,scheduled,appeared,True,True
KbuvtcbnzOA,Resiak vs Placz,Won Minutes (Davao),2019-03-29,2019-05-10 12:17:36,Placz,emcee2,scheduled,appeared,True,True
3p7Vqg7TG4o,Zero Hour vs Emar Industriya,Pakusganay 5,2019-03-30,2019-05-08 12:35:11,Zero Hour,emcee1,scheduled,appeared,True,True
3p7Vqg7TG4o,Zero Hour vs Emar Industriya,Pakusganay 5,2019-03-30,2019-05-08 12:35:11,Emar Industriya,emcee2,scheduled,appeared,True,True
uVsgS5_ClM0,Sixth Threat vs Rudic,Pakusganay 5,2019-03-30,2019-05-04 12:45:01,Sixth Threat,emcee1,scheduled,appeared,True,True
uVsgS5_ClM0,Sixth Threat vs Rudic,Pakusganay 5,2019-03-30,2019-05-04 12:45:01,Rudic,emcee2,scheduled,appeared,True,True
AbiGZCaoZY8,Supremo vs Scars,Won Minutes (Davao),2019-03-29,2019-05-04 12:15:53,Supremo,emcee1,scheduled,appeared,True,True
AbiGZCaoZY8,Supremo vs Scars,Won Minutes (Davao),2019-03-29,2019-05-04 12:15:53,Scars,emcee2,scheduled,appeared,True,True
1x2LTkW2768,Poison13 vs Dosage,Pakusganay 5,2019-03-30,2019-05-01 13:10:05,Poison13,emcee1,scheduled,appeared,True,True
1x2LTkW2768,Poison13 vs Dosage,Pakusganay 5,2019-03-30,2019-05-01 13:10:05,Dosage,emcee2,scheduled,appeared,True,True
h8VBIYFO4qo,Gameboy vs Sael,Won Minutes (Davao),2019-03-29,2019-05-01 12:47:06,Gameboy,emcee1,scheduled,appeared,True,True
h8VBIYFO4qo,Gameboy vs Sael,Won Minutes (Davao),2019-03-29,2019-05-01 12:47:06,Sael,emcee2,scheduled,appeared,True,True
jOmCAf2nkng,Sinio vs Nikki,Pakusganay 5,2019-03-30,2019-04-26 12:00:27,Sinio,emcee1,scheduled,appeared,True,True
jOmCAf2nkng,Sinio vs Nikki,Pakusganay 5,2019-03-30,2019-04-26 12:00:27,Nikki,emcee2,scheduled,appeared,True,True
sx2QZLRCSs4,CNine vs JDee,Won Minutes (Manila),2019-03-22,2019-04-26 09:09:28,CNine,emcee1,scheduled,appeared,True,True
sx2QZLRCSs4,CNine vs JDee,Won Minutes (Manila),2019-03-22,2019-04-26 09:09:28,JDee,emcee2,scheduled,appeared,True,True
Wh30oebR_MQ,Lemi vs C-Quence,Won Minutes (Manila),2019-03-22,2019-04-25 12:02:54,Lemi,emcee1,scheduled,appeared,True,True
Wh30oebR_MQ,Lemi vs C-Quence,Won Minutes (Manila),2019-03-22,2019-04-25 12:02:54,C-Quence,emcee2,scheduled,appeared,True,True
TKKFI5auE7E,K-Ram vs One Lie Ace,Won Minutes (Manila),2019-03-22,2019-04-25 11:36:32,K-Ram,emcee1,scheduled,appeared,True,True
TKKFI5auE7E,K-Ram vs One Lie Ace,Won Minutes (Manila),2019-03-22,2019-04-25 11:36:32,One Lie Ace,emcee2,scheduled,appeared,True,True
xf9UfPniXgw,Cricket vs Bonet,Won Minutes (Manila),2019-03-22,2019-04-23 09:13:57,Cricket,emcee1,scheduled,appeared,True,True
xf9UfPniXgw,Cricket vs Bonet,Won Minutes (Manila),2019-03-22,2019-04-23 09:13:57,Bonet,emcee2,scheduled,appeared,True,True
A4S2yofCP7k,OG Ulo vs Crispy Fetus,Won Minutes (Manila),2019-03-22,2019-04-20 11:17:04,OG Ulo,emcee1,scheduled,appeared,True,True
A4S2yofCP7k,OG Ulo vs Crispy Fetus,Won Minutes (Manila),2019-03-22,2019-04-20 11:17:04,Crispy Fetus,emcee2,scheduled,appeared,True,True
N9qfacxt93c,SirDeo vs YoungOne,Won Minutes (Manila),2019-03-22,2019-04-17 10:00:22,SirDeo,emcee1,scheduled,appeared,True,True
N9qfacxt93c,SirDeo vs YoungOne,Won Minutes (Manila),2019-03-22,2019-04-17 10:00:22,YoungOne,emcee2,scheduled,appeared,True,True
TcJEedJa-HM,Duma vs SlockOne,Won Minutes (Manila),2019-03-22,2019-04-13 10:24:59,Duma,emcee1,scheduled,appeared,True,True
TcJEedJa-HM,Duma vs SlockOne,Won Minutes (Manila),2019-03-22,2019-04-13 10:24:59,SlockOne,emcee2,scheduled,appeared,True,True
O_KZuCcwol0,Illtimate vs Vitrum,Won Minutes (Manila),2019-03-22,2019-04-10 09:44:10,Illtimate,emcee1,scheduled,appeared,True,True
O_KZuCcwol0,Illtimate vs Vitrum,Won Minutes (Manila),2019-03-22,2019-04-10 09:44:10,Vitrum,emcee2,scheduled,appeared,True,True
H6Dnak4fN90,Numerhus vs MastaFeat,Won Minutes (Manila),2019-03-22,2019-04-06 09:33:56,Numerhus,emcee1,scheduled,appeared,True,True
H6Dnak4fN90,Numerhus vs MastaFeat,Won Minutes (Manila),2019-03-22,2019-04-06 09:33:56,MastaFeat,emcee2,scheduled,appeared,True,True
WGr56CQo3p0,Luxuria vs Bagsik,Won Minutes (Manila),2019-03-22,2019-04-03 12:48:05,Luxuria,emcee1,scheduled,appeared,True,True
WGr56CQo3p0,Luxuria vs Bagsik,Won Minutes (Manila),2019-03-22,2019-04-03 12:48:05,Bagsik,emcee2,scheduled,appeared,True,True
NN615PdJZP4,Yuniko vs Lil Weng,Won Minutes (Manila),2019-03-22,2019-03-30 10:11:57,Yuniko,emcee1,scheduled,appeared,True,True
NN615PdJZP4,Yuniko vs Lil Weng,Won Minutes (Manila),2019-03-22,2019-03-30 10:11:57,Lil Weng,emcee2,scheduled,appeared,True,True
UayzAGJfsMw,CripLi vs Ejo,Ahon 9,2018-12-15,2019-03-02 10:00:05,CripLi,emcee1,scheduled,appeared,True,True
UayzAGJfsMw,CripLi vs Ejo,Ahon 9,2018-12-15,2019-03-02 10:00:05,Ejo,emcee2,scheduled,appeared,True,True
oCCKRaRUtCY,Marshall Bonifacio vs Martin,Ahon 9,2018-12-15,2019-02-27 11:04:35,Marshall Bonifacio,emcee1,scheduled,appeared,True,True
oCCKRaRUtCY,Marshall Bonifacio vs Martin,Ahon 9,2018-12-15,2019-02-27 11:04:35,Martin,emcee2,scheduled,appeared,True,True
VseajutIVVk,J-King vs Tatz Maven,Ahon 9,2018-12-14,2019-02-23 08:46:45,J-King,emcee1,scheduled,appeared,True,True
VseajutIVVk,J-King vs Tatz Maven,Ahon 9,2018-12-14,2019-02-23 08:46:45,Tatz Maven,emcee2,scheduled,appeared,True,True
if-BPCBkcdc,Asser vs Towpher,Ahon 9,2018-12-15,2019-02-20 10:58:54,Asser,emcee1,scheduled,appeared,True,True
if-BPCBkcdc,Asser vs Towpher,Ahon 9,2018-12-15,2019-02-20 10:58:54,Towpher,emcee2,scheduled,appeared,True,True
mt5b1OVxQq8,Sayadd vs Flict-G,Ahon 9,2018-12-14,2019-02-14 10:48:13,Sayadd,emcee1,scheduled,appeared,True,True
mt5b1OVxQq8,Sayadd vs Flict-G,Ahon 9,2018-12-14,2019-02-14 10:48:13,Flict-G,emcee2,scheduled,appeared,True,True
R6SiU2cp-7U,Fukuda vs Goriong Talas,Ahon 9,2018-12-15,2019-02-09 09:46:48,Fukuda,emcee1,scheduled,appeared,True,True
R6SiU2cp-7U,Fukuda vs Goriong Talas,Ahon 9,2018-12-15,2019-02-09 09:46:48,Goriong Talas,emcee2,scheduled,appeared,True,True
15FnwiXTplY,Damsa vs Range,Ahon 9,2018-12-14,2019-02-03 12:38:01,Damsa,emcee1,scheduled,appeared,True,True
15FnwiXTplY,Damsa vs Range,Ahon 9,2018-12-14,2019-02-03 12:38:01,Range,emcee2,scheduled,appeared,True,True
9Fcq6pEO2XE,Kregga vs Invictus,Ahon 9,2018-12-14,2019-01-31 10:50:10,Kregga,emcee1,scheduled,appeared,True,True
9Fcq6pEO2XE,Kregga vs Invictus,Ahon 9,2018-12-14,2019-01-31 10:50:10,Invictus,emcee2,scheduled,appeared,True,True
vnGIj6jY5wY,Zaito vs Hazky,Ahon 9,2018-12-14,2019-01-23 12:02:56,Zaito,emcee1,scheduled,appeared,True,True
vnGIj6jY5wY,Zaito vs Hazky,Ahon 9,2018-12-14,2019-01-23 12:02:56,Hazky,emcee2,scheduled,appeared,True,True
pCRpC1-XSL4,Tweng vs Poison13,Ahon 9,2018-12-14,2019-01-20 12:18:54,Tweng,emcee1,scheduled,appeared,True,True
pCRpC1-XSL4,Tweng vs Poison13,Ahon 9,2018-12-14,2019-01-20 12:18:54,Poison13,emcee2,scheduled,appeared,True,True
W6WQ5FaLHUI,BLKD vs LilJohn,Ahon 9,2018-12-15,2019-01-17 11:55:50,BLKD,emcee1,scheduled,appeared,True,True
W6WQ5FaLHUI,BLKD vs LilJohn,Ahon 9,2018-12-15,2019-01-17 11:55:50,LilJohn,emcee2,scheduled,appeared,True,True
8UMk5DbRX-Y,Shernan vs Lanzeta,Ahon 9,2018-12-14,2019-01-13 07:27:34,Shernan,emcee1,scheduled,appeared,True,True
8UMk5DbRX-Y,Shernan vs Lanzeta,Ahon 9,2018-12-14,2019-01-13 07:27:34,Lanzeta,emcee2,scheduled,appeared,True,True
mnHMQjFccX8,Shehyee vs Pistolero,Ahon 9,2018-12-15,2018-12-30 10:33:38,Shehyee,emcee1,scheduled,appeared,True,True
mnHMQjFccX8,Shehyee vs Pistolero,Ahon 9,2018-12-15,2018-12-30 10:33:38,Pistolero,emcee2,scheduled,appeared,True,True
80b0N-IJJU8,Tipsy D vs Sak Maestro,Ahon 9,2018-12-14,2018-12-26 12:15:08,Tipsy D,emcee1,scheduled,appeared,True,True
80b0N-IJJU8,Tipsy D vs Sak Maestro,Ahon 9,2018-12-14,2018-12-26 12:15:08,Sak Maestro,emcee2,scheduled,appeared,True,True
Xz0skivZuI4,Romano vs CripLi,Unibersikulo 6,2018-10-20,2018-12-12 10:45:40,Romano,emcee1,scheduled,appeared,True,True
Xz0skivZuI4,Romano vs CripLi,Unibersikulo 6,2018-10-20,2018-12-12 10:45:40,CripLi,emcee2,scheduled,appeared,True,True
uIOWVMwgMds,BLKD vs Damsa,Unibersikulo 6,2018-10-20,2018-12-08 12:39:55,BLKD,emcee1,scheduled,appeared,True,True
uIOWVMwgMds,BLKD vs Damsa,Unibersikulo 6,2018-10-20,2018-12-08 12:39:55,Damsa,emcee2,scheduled,appeared,True,True
UslUIIgeK9I,Towpher vs Emar Industriya,Unibersikulo 6,2018-10-20,2018-12-05 12:16:52,Towpher,emcee1,scheduled,appeared,True,True
UslUIIgeK9I,Towpher vs Emar Industriya,Unibersikulo 6,2018-10-20,2018-12-05 12:16:52,Emar Industriya,emcee2,scheduled,appeared,True,True
SFqHAVbhvPY,Zaito vs Flict-G,Unibersikulo 6,2018-10-20,2018-12-01 11:32:49,Zaito,emcee1,scheduled,appeared,True,True
SFqHAVbhvPY,Zaito vs Flict-G,Unibersikulo 6,2018-10-20,2018-12-01 11:32:49,Flict-G,emcee2,scheduled,appeared,True,True
UIu1GS1usiQ,Abra vs Pistolero,Unibersikulo 6,2018-10-20,2018-11-29 12:38:12,Abra,emcee1,scheduled,appeared,True,True
UIu1GS1usiQ,Abra vs Pistolero,Unibersikulo 6,2018-10-20,2018-11-29 12:38:12,Pistolero,emcee2,scheduled,appeared,True,True
FJYcuxb7Exc,M Zhayt vs Poison13,Unibersikulo 6,2018-10-20,2018-11-21 12:47:39,M Zhayt,emcee1,scheduled,appeared,True,True
FJYcuxb7Exc,M Zhayt vs Poison13,Unibersikulo 6,2018-10-20,2018-11-21 12:47:39,Poison13,emcee2,scheduled,appeared,True,True
v4KV_nhJjLY,Shehyee vs Fukuda,Unibersikulo 6,2018-10-20,2018-11-17 10:29:42,Shehyee,emcee1,scheduled,appeared,True,True
v4KV_nhJjLY,Shehyee vs Fukuda,Unibersikulo 6,2018-10-20,2018-11-17 10:29:42,Fukuda,emcee2,scheduled,appeared,True,True
t1lTYxSr3tM,Shernan vs Hearty,Bwelta Balentong 5,2018-09-08,2018-11-11 09:04:35,Shernan,emcee1,scheduled,appeared,True,True
t1lTYxSr3tM,Shernan vs Hearty,Bwelta Balentong 5,2018-09-08,2018-11-11 09:04:35,Hearty,emcee2,scheduled,appeared,True,True
ZmJhgW1ZxVc,Lhipkram vs Jonas,Bwelta Balentong 5,2018-09-08,2018-11-07 12:30:13,Lhipkram,emcee1,scheduled,appeared,True,True
ZmJhgW1ZxVc,Lhipkram vs Jonas,Bwelta Balentong 5,2018-09-08,2018-11-07 12:30:13,Jonas,emcee2,scheduled,appeared,True,True
O6tnJAa-U58,Tipsy D vs Apoc,Bwelta Balentong 5,2018-09-08,2018-10-31 13:33:54,Tipsy D,emcee1,scheduled,appeared,True,True
O6tnJAa-U58,Tipsy D vs Apoc,Bwelta Balentong 5,2018-09-08,2018-10-31 13:33:54,Apoc,emcee2,scheduled,appeared,True,True
YN3kLkiLzXA,Shehyee vs J-King,Bwelta Balentong 5,2018-09-08,2018-10-19 12:37:35,Shehyee,emcee1,scheduled,appeared,True,True
YN3kLkiLzXA,Shehyee vs J-King,Bwelta Balentong 5,2018-09-08,2018-10-19 12:37:35,J-King,emcee2,scheduled,appeared,True,True
ZXavy6Bo8t4,Abra vs Invictus,Bwelta Balentong 5,2018-09-08,2018-10-18 11:50:51,Abra,emcee1,scheduled,appeared,True,True
ZXavy6Bo8t4,Abra vs Invictus,Bwelta Balentong 5,2018-09-08,2018-10-18 11:50:51,Invictus,emcee2,scheduled,appeared,True,True
Ufqj2SR9IMA,Plazma vs Pistolero,Bwelta Balentong 5,2018-09-08,2018-10-18 10:04:12,Plazma,emcee1,scheduled,appeared,True,True
Ufqj2SR9IMA,Plazma vs Pistolero,Bwelta Balentong 5,2018-09-08,2018-10-18 10:04:12,Pistolero,emcee2,scheduled,appeared,True,True
Eyb4PNJ7uaw,Batas vs Fukuda,Bwelta Balentong 5,2018-09-08,2018-10-17 12:33:14,Batas,emcee1,scheduled,appeared,True,True
Eyb4PNJ7uaw,Batas vs Fukuda,Bwelta Balentong 5,2018-09-08,2018-10-17 12:33:14,Fukuda,emcee2,scheduled,appeared,True,True
Zdrsm1QEhn4,Stiff vs Snob,Pakusganay 4,2018-07-21,2018-10-15 13:02:51,Stiff,emcee1,scheduled,appeared,True,True
Zdrsm1QEhn4,Stiff vs Snob,Pakusganay 4,2018-07-21,2018-10-15 13:02:51,Snob,emcee2,scheduled,appeared,True,True
L67aVFER9eg,Rudic vs Dosage,Pakusganay 4,2018-07-21,2018-10-15 12:44:18,Rudic,emcee1,scheduled,appeared,True,True
L67aVFER9eg,Rudic vs Dosage,Pakusganay 4,2018-07-21,2018-10-15 12:44:18,Dosage,emcee2,scheduled,appeared,True,True
polVYt9qcZ4,Sixth Threat vs Tatz Maven,Pakusganay 4,2018-07-21,2018-10-10 12:40:52,Sixth Threat,emcee1,scheduled,appeared,True,True
polVYt9qcZ4,Sixth Threat vs Tatz Maven,Pakusganay 4,2018-07-21,2018-10-10 12:40:52,Tatz Maven,emcee2,scheduled,appeared,True,True
vpsL3C9hokA,Sayadd vs Nikki,Pakusganay 4,2018-07-21,2018-10-06 12:15:49,Sayadd,emcee1,scheduled,appeared,True,True
vpsL3C9hokA,Sayadd vs Nikki,Pakusganay 4,2018-07-21,2018-10-06 12:15:49,Nikki,emcee2,scheduled,appeared,True,True
gB6fFketHYs,Pistolero vs Aelekz,Pakusganay 4,2018-07-21,2018-10-04 13:00:58,Pistolero,emcee1,scheduled,appeared,True,True
gB6fFketHYs,Pistolero vs Aelekz,Pakusganay 4,2018-07-21,2018-10-04 13:00:58,Aelekz,emcee2,scheduled,appeared,True,True
cBei6d3dxJI,Fukuda vs Maxford,Pakusganay 4,2018-07-21,2018-10-04 12:15:36,Fukuda,emcee1,scheduled,appeared,True,True
cBei6d3dxJI,Fukuda vs Maxford,Pakusganay 4,2018-07-21,2018-10-04 12:15:36,Maxford,emcee2,scheduled,appeared,True,True
kLopYRzlm4M,Sak Maestro vs M Zhayt,Pakusganay 4,2018-07-21,2018-09-28 13:52:01,Sak Maestro,emcee1,scheduled,appeared,True,True
kLopYRzlm4M,Sak Maestro vs M Zhayt,Pakusganay 4,2018-07-21,2018-09-28 13:52:01,M Zhayt,emcee2,scheduled,appeared,True,True
SuZ4Igvvah4,GI vs Munchito,Gubat 7,2018-07-14,2018-09-21 09:48:28,GI,emcee1,scheduled,appeared,True,True
SuZ4Igvvah4,GI vs Munchito,Gubat 7,2018-07-14,2018-09-21 09:48:28,Munchito,emcee2,scheduled,appeared,True,True
4upCrIZXSP8,J-Blaque vs Makii,Gubat 7,2018-07-14,2018-09-15 10:20:10,J-Blaque,emcee1,scheduled,appeared,True,True
4upCrIZXSP8,J-Blaque vs Makii,Gubat 7,2018-07-14,2018-09-15 10:20:10,Makii,emcee2,scheduled,appeared,True,True
gWIq4coT0_I,Ejo vs Chris Ace,Gubat 7,2018-07-14,2018-09-12 09:58:00,Ejo,emcee1,scheduled,appeared,True,True
gWIq4coT0_I,Ejo vs Chris Ace,Gubat 7,2018-07-14,2018-09-12 09:58:00,Chris Ace,emcee2,scheduled,appeared,True,True
kHS6kUJRkp0,Asser vs Martin,Gubat 7,2018-07-14,2018-09-08 11:38:00,Asser,emcee1,scheduled,appeared,True,True
kHS6kUJRkp0,Asser vs Martin,Gubat 7,2018-07-14,2018-09-08 11:38:00,Martin,emcee2,scheduled,appeared,True,True
RgsYs5tyA1k,LilJohn vs Tweng,Gubat 7,2018-07-14,2018-09-05 10:24:18,LilJohn,emcee1,scheduled,appeared,True,True
RgsYs5tyA1k,LilJohn vs Tweng,Gubat 7,2018-07-14,2018-09-05 10:24:18,Tweng,emcee2,scheduled,appeared,True,True
tiPgGVS-_M8,Invictus vs Marshall Bonifacio,Gubat 7,2018-07-14,2018-08-30 12:26:42,Invictus,emcee1,scheduled,appeared,True,True
tiPgGVS-_M8,Invictus vs Marshall Bonifacio,Gubat 7,2018-07-14,2018-08-30 12:26:42,Marshall Bonifacio,emcee2,scheduled,appeared,True,True
1e3vj4Usj34,Zaito vs Range,Gubat 7,2018-07-14,2018-08-27 12:30:18,Zaito,emcee1,scheduled,appeared,True,True
1e3vj4Usj34,Zaito vs Range,Gubat 7,2018-07-14,2018-08-27 12:30:18,Range,emcee2,scheduled,appeared,True,True
fjdkWiPq70k,Damsa vs Khen Magat,Zoning 2018,2018-06-29,2018-08-09 08:29:31,Damsa,emcee1,scheduled,appeared,True,True
fjdkWiPq70k,Damsa vs Khen Magat,Zoning 2018,2018-06-29,2018-08-09 08:29:31,Khen Magat,emcee2,scheduled,appeared,True,True
nrIJyYiA4rU,Frooz vs Lhipkram,Zoning 2018,2018-06-29,2018-08-04 10:31:37,Frooz,emcee1,scheduled,appeared,True,True
nrIJyYiA4rU,Frooz vs Lhipkram,Zoning 2018,2018-06-29,2018-08-04 10:31:37,Lhipkram,emcee2,scheduled,appeared,True,True
Qu-IY_vfnSU,Kregga vs Sur Henyo,Zoning 2018,2018-06-29,2018-08-01 12:04:04,Kregga,emcee1,scheduled,appeared,True,True
Qu-IY_vfnSU,Kregga vs Sur Henyo,Zoning 2018,2018-06-29,2018-08-01 12:04:04,Sur Henyo,emcee2,scheduled,appeared,True,True
AgvrFCCRHdY,Jonas vs Hazky,Zoning 2018,2018-06-29,2018-07-29 08:53:43,Jonas,emcee1,scheduled,appeared,True,True
AgvrFCCRHdY,Jonas vs Hazky,Zoning 2018,2018-06-29,2018-07-29 08:53:43,Hazky,emcee2,scheduled,appeared,True,True
rbB0NbE2v-4,J-Skeelz vs Thike,Zoning 2018,2018-06-29,2018-07-25 12:03:47,J-Skeelz,emcee1,scheduled,appeared,True,True
rbB0NbE2v-4,J-Skeelz vs Thike,Zoning 2018,2018-06-29,2018-07-25 12:03:47,Thike,emcee2,scheduled,appeared,True,True
C9kAWUDTg8M,Romano vs Poison13,Zoning 2018,2018-06-29,2018-07-21 09:53:53,Romano,emcee1,scheduled,appeared,True,True
C9kAWUDTg8M,Romano vs Poison13,Zoning 2018,2018-06-29,2018-07-21 09:53:53,Poison13,emcee2,scheduled,appeared,True,True
e9dbvtAJjlA,BLKD vs Lanzeta,Zoning 2018,2018-06-29,2018-07-14 10:28:00,BLKD,emcee1,scheduled,appeared,True,True
e9dbvtAJjlA,BLKD vs Lanzeta,Zoning 2018,2018-06-29,2018-07-14 10:28:00,Lanzeta,emcee2,scheduled,appeared,True,True
TjJnuG8hhas,Sayadd vs J-King,Second Sight 6,2018-03-16,2018-06-10 09:14:38,Sayadd,emcee1,scheduled,appeared,True,True
TjJnuG8hhas,Sayadd vs J-King,Second Sight 6,2018-03-16,2018-06-10 09:14:38,J-King,emcee2,scheduled,appeared,True,True
jK4AdX5zwTc,Plazma vs Batang Rebelde,Second Sight 6,2018-03-16,2018-06-07 13:10:51,Plazma,emcee1,scheduled,appeared,True,True
jK4AdX5zwTc,Plazma vs Batang Rebelde,Second Sight 6,2018-03-16,2018-06-07 13:10:51,Batang Rebelde,emcee2,scheduled,appeared,True,True
X_IkGInw_lE,Batas vs Jonas,Second Sight 6,2018-03-16,2018-06-02 12:48:07,Batas,emcee1,scheduled,appeared,True,True
X_IkGInw_lE,Batas vs Jonas,Second Sight 6,2018-03-16,2018-06-02 12:48:07,Jonas,emcee2,scheduled,appeared,True,True
8ojejswb3Lw,Abra vs Poison13,Second Sight 6,2018-03-16,2018-05-30 13:53:13,Abra,emcee1,scheduled,appeared,True,True
8ojejswb3Lw,Abra vs Poison13,Second Sight 6,2018-03-16,2018-05-30 13:53:13,Poison13,emcee2,scheduled,appeared,True,True
KELX-x_1ZGg,Shehyee vs Lhipkram,Second Sight 6,2018-03-16,2018-05-30 11:58:36,Shehyee,emcee1,scheduled,appeared,True,True
KELX-x_1ZGg,Shehyee vs Lhipkram,Second Sight 6,2018-03-16,2018-05-30 11:58:36,Lhipkram,emcee2,scheduled,appeared,True,True
hr6CxxuHwcw,Loonie vs Mark Grist,Unibersikulo 4,2016-10-29,2018-05-25 10:39:19,Loonie,emcee1,scheduled,appeared,True,True
hr6CxxuHwcw,Loonie vs Mark Grist,Unibersikulo 4,2016-10-29,2018-05-25 10:39:19,Mark Grist,emcee2,scheduled,appeared,True,True
R465GdZsIR4,Lhipkram vs Sixth Threat,Ahon 8,2017-12-09,2018-05-03 09:36:42,Lhipkram,emcee1,scheduled,appeared,True,True
R465GdZsIR4,Lhipkram vs Sixth Threat,Ahon 8,2017-12-09,2018-05-03 09:36:42,Sixth Threat,emcee2,scheduled,appeared,True,True
d60VR04Udrs,G-Clown vs Towpher,Ahon 8,2017-12-08,2018-05-03 09:36:42,G-Clown,emcee1,scheduled,appeared,True,True
d60VR04Udrs,G-Clown vs Towpher,Ahon 8,2017-12-08,2018-05-03 09:36:42,Towpher,emcee2,scheduled,appeared,True,True
xIXPyHZg8dI,Ilaya vs Emar Industriya,Ahon 8,2017-12-09,2018-05-03 09:36:41,Ilaya,emcee1,scheduled,appeared,True,True
xIXPyHZg8dI,Ilaya vs Emar Industriya,Ahon 8,2017-12-09,2018-05-03 09:36:41,Emar Industriya,emcee2,scheduled,appeared,True,True
VgugLPhVlqU,Jonas vs CripLi,Ahon 8,2017-12-08,2018-04-27 12:45:55,Jonas,emcee1,scheduled,appeared,True,True
VgugLPhVlqU,Jonas vs CripLi,Ahon 8,2017-12-08,2018-04-27 12:45:55,CripLi,emcee2,scheduled,appeared,True,True
mXmZ3hQLOY0,Plazma vs Romano,Ahon 8,2017-12-08,2018-04-27 12:13:33,Plazma,emcee1,scheduled,appeared,True,True
mXmZ3hQLOY0,Plazma vs Romano,Ahon 8,2017-12-08,2018-04-27 12:13:33,Romano,emcee2,scheduled,appeared,True,True
RDX9rWnsXy4,Batang Rebelde vs Fukuda,Ahon 8,2017-12-09,2018-04-25 12:00:59,Batang Rebelde,emcee1,scheduled,appeared,True,True
RDX9rWnsXy4,Batang Rebelde vs Fukuda,Ahon 8,2017-12-09,2018-04-25 12:00:59,Fukuda,emcee2,scheduled,appeared,True,True
-VkCoPH4HMo,Invictus vs Tatz Maven,Ahon 8,2017-12-09,2018-04-19 12:23:22,Invictus,emcee1,scheduled,appeared,True,True
-VkCoPH4HMo,Invictus vs Tatz Maven,Ahon 8,2017-12-09,2018-04-19 12:23:22,Tatz Maven,emcee2,scheduled,appeared,True,True
QdEnZ0wE_H0,J-Skeelz vs Khen Magat,Ahon 8,2017-12-08,2018-04-18 10:12:51,J-Skeelz,emcee1,scheduled,appeared,True,True
QdEnZ0wE_H0,J-Skeelz vs Khen Magat,Ahon 8,2017-12-08,2018-04-18 10:12:51,Khen Magat,emcee2,scheduled,appeared,True,True
IL3lHs8oEmE,Hazky vs Martin,Ahon 8,2017-12-09,2018-04-13 11:50:53,Hazky,emcee1,scheduled,appeared,True,True
IL3lHs8oEmE,Hazky vs Martin,Ahon 8,2017-12-09,2018-04-13 11:50:53,Martin,emcee2,scheduled,appeared,True,True
fxGAfrn4e4A,J-King vs Poison13,Ahon 8,2017-12-08,2018-04-09 10:24:18,J-King,emcee1,scheduled,appeared,True,True
fxGAfrn4e4A,J-King vs Poison13,Ahon 8,2017-12-08,2018-04-09 10:24:18,Poison13,emcee2,scheduled,appeared,True,True
yg5Ng-3mzAE,Thike vs Marshall Bonifacio,Ahon 8,2017-12-09,2018-04-06 12:34:08,Thike,emcee1,scheduled,appeared,True,True
yg5Ng-3mzAE,Thike vs Marshall Bonifacio,Ahon 8,2017-12-09,2018-04-06 12:34:08,Marshall Bonifacio,emcee2,scheduled,appeared,True,True
3n-APHn1anY,Pistolero vs Lanzeta,Ahon 8,2017-12-09,2018-04-01 10:55:09,Pistolero,emcee1,scheduled,appeared,True,True
3n-APHn1anY,Pistolero vs Lanzeta,Ahon 8,2017-12-09,2018-04-01 10:55:09,Lanzeta,emcee2,scheduled,appeared,True,True
s9rssg0tXYg,Kregga vs Frooz,Ahon 8,2017-12-08,2018-04-01 10:20:00,Kregga,emcee1,scheduled,appeared,True,True
s9rssg0tXYg,Kregga vs Frooz,Ahon 8,2017-12-08,2018-04-01 10:20:00,Frooz,emcee2,scheduled,appeared,True,True
H1bveyONVpY,Zaito vs Nikki,Ahon 8,2017-12-08,2018-03-28 10:25:54,Zaito,emcee1,scheduled,appeared,True,True
H1bveyONVpY,Zaito vs Nikki,Ahon 8,2017-12-08,2018-03-28 10:25:54,Nikki,emcee2,scheduled,appeared,True,True
2vg1zFN0dGc,Damsa vs Asser,Ahon 8,2017-12-08,2018-03-23 12:46:42,Damsa,emcee1,scheduled,appeared,True,True
2vg1zFN0dGc,Damsa vs Asser,Ahon 8,2017-12-08,2018-03-23 12:46:42,Asser,emcee2,scheduled,appeared,True,True
JWJz_MS1-I8,Mhot vs Sur Henyo,Ahon 8,2017-12-09,2018-03-20 10:11:49,Mhot,emcee1,scheduled,appeared,True,True
JWJz_MS1-I8,Mhot vs Sur Henyo,Ahon 8,2017-12-09,2018-03-20 10:11:49,Sur Henyo,emcee2,scheduled,appeared,True,True
jZgGidI-EW8,LilJohn vs Sayadd,Ahon 8,2017-12-08,2018-03-16 12:04:14,LilJohn,emcee1,scheduled,appeared,True,True
jZgGidI-EW8,LilJohn vs Sayadd,Ahon 8,2017-12-08,2018-03-16 12:04:14,Sayadd,emcee2,scheduled,appeared,True,True
qbegs9-zzV8,Dhuski vs Rich Flo,Aspakan 5,2017-10-20,2018-02-09 09:08:22,Dhuski,emcee1,scheduled,appeared,True,True
qbegs9-zzV8,Dhuski vs Rich Flo,Aspakan 5,2017-10-20,2018-02-09 09:08:22,Rich Flo,emcee2,scheduled,appeared,True,True
i1k-FSWOOps,KJap vs Wrathsol,Aspakan 5,2017-10-20,2018-02-08 12:32:42,KJap,emcee1,scheduled,appeared,True,True
i1k-FSWOOps,KJap vs Wrathsol,Aspakan 5,2017-10-20,2018-02-08 12:32:42,Wrathsol,emcee2,scheduled,appeared,True,True
906DViRVArw,Lhipkram vs Mocks Wun,Aspakan 5,2017-10-20,2018-01-27 08:19:51,Lhipkram,emcee1,scheduled,appeared,True,True
906DViRVArw,Lhipkram vs Mocks Wun,Aspakan 5,2017-10-20,2018-01-27 08:19:51,Mocks Wun,emcee2,scheduled,appeared,True,True
EMWLmxkrnII,Frooz vs Harlem,Aspakan 5,2017-10-20,2018-01-20 08:52:09,Frooz,emcee1,scheduled,appeared,True,True
EMWLmxkrnII,Frooz vs Harlem,Aspakan 5,2017-10-20,2018-01-20 08:52:09,Harlem,emcee2,scheduled,appeared,True,True
Yo94Z6I3YVs,Lanzeta vs Poison13,Aspakan 5,2017-10-20,2018-01-13 08:08:27,Lanzeta,emcee1,scheduled,appeared,True,True
Yo94Z6I3YVs,Lanzeta vs Poison13,Aspakan 5,2017-10-20,2018-01-13 08:08:27,Poison13,emcee2,scheduled,appeared,True,True
MJfuZgAswwo,CripLi vs Range,Zoning (B),2017-10-13,2017-12-23 12:35:07,CripLi,emcee1,scheduled,appeared,True,True
MJfuZgAswwo,CripLi vs Range,Zoning (B),2017-10-13,2017-12-23 12:35:07,Range,emcee2,scheduled,appeared,True,True
ulmgxgFb1PA,Batang Rebelde vs Pistolero,Zoning (B),2017-10-13,2017-12-21 10:32:14,Batang Rebelde,emcee1,scheduled,appeared,True,True
ulmgxgFb1PA,Batang Rebelde vs Pistolero,Zoning (B),2017-10-13,2017-12-21 10:32:14,Pistolero,emcee2,scheduled,appeared,True,True
mhLT3Z1hU6w,LilJohn vs Khen Magat,Zoning (B),2017-10-13,2017-12-16 11:55:09,LilJohn,emcee1,scheduled,appeared,True,True
mhLT3Z1hU6w,LilJohn vs Khen Magat,Zoning (B),2017-10-13,2017-12-16 11:55:09,Khen Magat,emcee2,scheduled,appeared,True,True
IVxwCqFHjRc,Hazky vs Mikidee,Zoning (B),2017-10-13,2017-12-13 12:08:38,Hazky,emcee1,scheduled,appeared,True,True
IVxwCqFHjRc,Hazky vs Mikidee,Zoning (B),2017-10-13,2017-12-13 12:08:38,Mikidee,emcee2,scheduled,appeared,True,True
_pD83Bl3dRg,Sur Henyo vs Fukuda,Zoning (B),2017-10-13,2017-12-02 12:22:38,Sur Henyo,emcee1,scheduled,appeared,True,True
_pD83Bl3dRg,Sur Henyo vs Fukuda,Zoning (B),2017-10-13,2017-12-02 12:22:38,Fukuda,emcee2,scheduled,appeared,True,True
j3zUyCyzt2I,Invictus vs Jonas,Bwelta Balentong 4,2017-08-25,2017-11-25 13:04:05,Invictus,emcee1,scheduled,appeared,True,True
j3zUyCyzt2I,Invictus vs Jonas,Bwelta Balentong 4,2017-08-25,2017-11-25 13:04:05,Jonas,emcee2,scheduled,appeared,True,True
gFno5uyGziY,Plazma vs LilJohn,Bwelta Balentong 4,2017-08-25,2017-11-23 10:37:13,Plazma,emcee1,scheduled,appeared,True,True
gFno5uyGziY,Plazma vs LilJohn,Bwelta Balentong 4,2017-08-25,2017-11-23 10:37:13,LilJohn,emcee2,scheduled,appeared,True,True
cT0FYlsW2c4,Asser vs Fukuda,Bwelta Balentong 4,2017-08-25,2017-11-17 12:17:21,Asser,emcee1,scheduled,appeared,True,True
cT0FYlsW2c4,Asser vs Fukuda,Bwelta Balentong 4,2017-08-25,2017-11-17 12:17:21,Fukuda,emcee2,scheduled,appeared,True,True
xzeMQviMwLE,Apekz vs Mhot,Bwelta Balentong 4,2017-08-25,2017-11-04 11:54:48,Apekz,emcee1,scheduled,appeared,True,True
xzeMQviMwLE,Apekz vs Mhot,Bwelta Balentong 4,2017-08-25,2017-11-04 11:54:48,Mhot,emcee2,scheduled,appeared,True,True
EH9fubutE-k,Frooz vs Batang Rebelde,Zoning (A),2017-06-16,2017-10-18 11:04:07,Frooz,emcee1,scheduled,appeared,True,True
EH9fubutE-k,Frooz vs Batang Rebelde,Zoning (A),2017-06-16,2017-10-18 11:04:07,Batang Rebelde,emcee2,scheduled,appeared,True,True
Dj6Y0PKFOtM,Mhot vs Goriong Talas,Zoning (A),2017-06-16,2017-10-05 12:26:29,Mhot,emcee1,scheduled,appeared,True,True
Dj6Y0PKFOtM,Mhot vs Goriong Talas,Zoning (A),2017-06-16,2017-10-05 12:26:29,Goriong Talas,emcee2,scheduled,appeared,True,True
NUUgm_EqOig,Apekz vs Sayadd,Zoning (A),2017-06-16,2017-10-03 12:56:21,Apekz,emcee1,scheduled,appeared,True,True
NUUgm_EqOig,Apekz vs Sayadd,Zoning (A),2017-06-16,2017-10-03 12:56:21,Sayadd,emcee2,scheduled,appeared,True,True
to9lxyOjNfE,Batas vs Sur Henyo,Zoning (A),2017-06-16,2017-09-26 10:56:51,Batas,emcee1,scheduled,appeared,True,True
to9lxyOjNfE,Batas vs Sur Henyo,Zoning (A),2017-06-16,2017-09-26 10:56:51,Sur Henyo,emcee2,scheduled,appeared,True,True
QPlUWTlok24,Cedie vs Mardszen,Pakusganay 3,2017-05-13,2017-09-22 08:16:33,Cedie,emcee1,scheduled,appeared,True,True
QPlUWTlok24,Cedie vs Mardszen,Pakusganay 3,2017-05-13,2017-09-22 08:16:33,Mardszen,emcee2,scheduled,appeared,True,True
4DN3rg8tPDY,Tatz Maven vs Marshall Bonifacio,Pakusganay 3,2017-05-13,2017-09-20 10:33:37,Tatz Maven,emcee1,scheduled,appeared,True,True
4DN3rg8tPDY,Tatz Maven vs Marshall Bonifacio,Pakusganay 3,2017-05-13,2017-09-20 10:33:37,Marshall Bonifacio,emcee2,scheduled,appeared,True,True
b8mcEjax5fs,BLKD vs Kregga,Pakusganay 3,2017-05-13,2017-09-15 09:47:19,BLKD,emcee1,scheduled,appeared,True,True
b8mcEjax5fs,BLKD vs Kregga,Pakusganay 3,2017-05-13,2017-09-15 09:47:19,Kregga,emcee2,scheduled,appeared,True,True
Yn-OfMIz478,LilJohn vs Nikki,Pakusganay 3,2017-05-13,2017-09-07 12:07:53,LilJohn,emcee1,scheduled,appeared,True,True
Yn-OfMIz478,LilJohn vs Nikki,Pakusganay 3,2017-05-13,2017-09-07 12:07:53,Nikki,emcee2,scheduled,appeared,True,True
w8mrUR0InAs,Fukuda vs Sixth Threat,Pakusganay 3,2017-05-13,2017-09-05 12:40:26,Fukuda,emcee1,scheduled,appeared,True,True
w8mrUR0InAs,Fukuda vs Sixth Threat,Pakusganay 3,2017-05-13,2017-09-05 12:40:26,Sixth Threat,emcee2,scheduled,appeared,True,True
PFGRn5uJi9Y,Asser vs Rudic,Pakusganay 3,2017-05-13,2017-08-23 12:23:20,Asser,emcee1,scheduled,appeared,True,True
PFGRn5uJi9Y,Asser vs Rudic,Pakusganay 3,2017-05-13,2017-08-23 12:23:20,Rudic,emcee2,scheduled,appeared,True,True
3TGFI8zob8s,Wrathsol vs Rich Flo,Kabanata,2017-04-08,2017-08-09 12:35:35,Wrathsol,emcee1,scheduled,appeared,True,True
3TGFI8zob8s,Wrathsol vs Rich Flo,Kabanata,2017-04-08,2017-08-09 12:35:35,Rich Flo,emcee2,scheduled,appeared,True,True
J3-NFthpJLA,Frooz vs Righteous One,Kabanata,2017-04-08,2017-08-06 12:03:16,Frooz,emcee1,scheduled,appeared,True,True
J3-NFthpJLA,Frooz vs Righteous One,Kabanata,2017-04-08,2017-08-06 12:03:16,Righteous One,emcee2,scheduled,appeared,True,True
VU5hNrSiT8M,Poison13 vs Mocks Wun,Kabanata,2017-04-08,2017-08-05 12:04:59,Poison13,emcee1,scheduled,appeared,True,True
VU5hNrSiT8M,Poison13 vs Mocks Wun,Kabanata,2017-04-08,2017-08-05 12:04:59,Mocks Wun,emcee2,scheduled,appeared,True,True
riAVLe9oRxs,LilJohn vs Hearty,Kabanata,2017-04-08,2017-08-02 10:54:56,LilJohn,emcee1,scheduled,appeared,True,True
riAVLe9oRxs,LilJohn vs Hearty,Kabanata,2017-04-08,2017-08-02 10:54:56,Hearty,emcee2,scheduled,appeared,True,True
AJlCGpeDI4M,Jamal vs Zeus,Gubat 6,2017-05-06,2017-07-31 10:29:59,Jamal,emcee1,scheduled,appeared,True,True
AJlCGpeDI4M,Jamal vs Zeus,Gubat 6,2017-05-06,2017-07-31 10:29:59,Zeus,emcee2,scheduled,appeared,True,True
8nD6vrvx1uo,Jecoy vs Raizen,Gubat 6,2017-05-06,2017-07-22 10:03:44,Jecoy,emcee1,scheduled,appeared,True,True
8nD6vrvx1uo,Jecoy vs Raizen,Gubat 6,2017-05-06,2017-07-22 10:03:44,Raizen,emcee2,scheduled,appeared,True,True
UKa_IX39ZeY,Makii vs Martin,Gubat 6,2017-05-06,2017-07-19 10:47:39,Makii,emcee1,scheduled,appeared,True,True
UKa_IX39ZeY,Makii vs Martin,Gubat 6,2017-05-06,2017-07-19 10:47:39,Martin,emcee2,scheduled,appeared,True,True
VGRJQgBnpcQ,J-Blaque vs Vampi,Gubat 6,2017-05-06,2017-07-15 07:16:15,J-Blaque,emcee1,scheduled,appeared,True,True
VGRJQgBnpcQ,J-Blaque vs Vampi,Gubat 6,2017-05-06,2017-07-15 07:16:15,Vampi,emcee2,scheduled,appeared,True,True
EG2K9X2j_gQ,Chris Ace vs Munchito,Gubat 6,2017-05-06,2017-07-14 12:38:04,Chris Ace,emcee1,scheduled,appeared,True,True
EG2K9X2j_gQ,Chris Ace vs Munchito,Gubat 6,2017-05-06,2017-07-14 12:38:04,Munchito,emcee2,scheduled,appeared,True,True
XVvIEXOt_D4,Marshall Bonifacio vs Chaliz,Gubat 6,2017-05-06,2017-07-08 09:27:23,Marshall Bonifacio,emcee1,scheduled,appeared,True,True
XVvIEXOt_D4,Marshall Bonifacio vs Chaliz,Gubat 6,2017-05-06,2017-07-08 09:27:23,Chaliz,emcee2,scheduled,appeared,True,True
mqDGY8D-YT8,Frooz vs Range,Gubat 6,2017-05-06,2017-07-05 12:16:18,Frooz,emcee1,scheduled,appeared,True,True
mqDGY8D-YT8,Frooz vs Range,Gubat 6,2017-05-06,2017-07-05 12:16:18,Range,emcee2,scheduled,appeared,True,True
JpeWP3lRlVI,Goriong Talas vs Dhuski,Unibersikulo 5,2017-03-25,2017-06-15 10:19:53,Goriong Talas,emcee1,scheduled,appeared,True,True
JpeWP3lRlVI,Goriong Talas vs Dhuski,Unibersikulo 5,2017-03-25,2017-06-15 10:19:53,Dhuski,emcee2,scheduled,appeared,True,True
go5_4Vp1wB4,Khen Magat vs Abaddon,Unibersikulo 5,2017-03-25,2017-06-11 07:24:53,Khen Magat,emcee1,scheduled,appeared,True,True
go5_4Vp1wB4,Khen Magat vs Abaddon,Unibersikulo 5,2017-03-25,2017-06-11 07:24:53,Abaddon,emcee2,scheduled,appeared,True,True
USmtYdK4u7M,Apekz vs Badang,Unibersikulo 5,2017-03-25,2017-05-29 10:53:41,Apekz,emcee1,scheduled,appeared,True,True
USmtYdK4u7M,Apekz vs Badang,Unibersikulo 5,2017-03-25,2017-05-29 10:53:41,Badang,emcee2,scheduled,appeared,True,True
mqYIEWNUtkI,Plazma vs Mhot,Unibersikulo 5,2017-03-25,2017-05-25 10:19:01,Plazma,emcee1,scheduled,appeared,True,True
mqYIEWNUtkI,Plazma vs Mhot,Unibersikulo 5,2017-03-25,2017-05-25 10:19:01,Mhot,emcee2,scheduled,appeared,True,True
_NahblOJVJ4,Poison13 vs KJap,Second Sight 5,2017-02-24,2017-05-17 10:21:55,Poison13,emcee1,scheduled,appeared,True,True
_NahblOJVJ4,Poison13 vs KJap,Second Sight 5,2017-02-24,2017-05-17 10:21:55,KJap,emcee2,scheduled,appeared,True,True
cf7SSpWq9Hw,Batang Rebelde vs Sur Henyo,Second Sight 5,2017-02-24,2017-05-15 12:39:38,Batang Rebelde,emcee1,scheduled,appeared,True,True
cf7SSpWq9Hw,Batang Rebelde vs Sur Henyo,Second Sight 5,2017-02-24,2017-05-15 12:39:38,Sur Henyo,emcee2,scheduled,appeared,True,True
CNck6JN57xY,Sayadd vs Omar Baliw,Second Sight 5,2017-02-24,2017-05-11 11:53:50,Sayadd,emcee1,scheduled,appeared,True,True
CNck6JN57xY,Sayadd vs Omar Baliw,Second Sight 5,2017-02-24,2017-05-11 11:53:50,Omar Baliw,emcee2,scheduled,appeared,True,True
g5OFqEv70nk,Frooz vs EJ Power,Second Sight 5,2017-02-24,2017-05-03 10:11:33,Frooz,emcee1,scheduled,appeared,True,True
g5OFqEv70nk,Frooz vs EJ Power,Second Sight 5,2017-02-24,2017-05-03 10:11:33,EJ Power,emcee2,scheduled,appeared,True,True
4XjH4uGirQw,Shernan vs Elbiz,Second Sight 5,2017-02-24,2017-04-29 12:59:59,Shernan,emcee1,scheduled,appeared,True,True
4XjH4uGirQw,Shernan vs Elbiz,Second Sight 5,2017-02-24,2017-04-29 12:59:59,Elbiz,emcee2,scheduled,appeared,True,True
87f6nD_l-JU,Batas vs Hearty,Second Sight 5,2017-02-24,2017-04-26 12:04:44,Batas,emcee1,scheduled,appeared,True,True
87f6nD_l-JU,Batas vs Hearty,Second Sight 5,2017-02-24,2017-04-26 12:04:44,Hearty,emcee2,scheduled,appeared,True,True
mgH-oWVP1Ic,Pistolero vs Range,Ahon 7,2016-12-17,2017-04-11 10:08:43,Pistolero,emcee1,scheduled,appeared,True,True
mgH-oWVP1Ic,Pistolero vs Range,Ahon 7,2016-12-17,2017-04-11 10:08:43,Range,emcee2,scheduled,appeared,True,True
Y7q1NUrxEZo,Lhipkram vs Marshall Bonifacio,Ahon 7,2016-12-17,2017-04-08 11:22:50,Lhipkram,emcee1,scheduled,appeared,True,True
Y7q1NUrxEZo,Lhipkram vs Marshall Bonifacio,Ahon 7,2016-12-17,2017-04-08 11:22:50,Marshall Bonifacio,emcee2,scheduled,appeared,True,True
gj08m8twsKU,Poison13 vs Tatz Maven,Ahon 7,2016-12-16,2017-04-06 08:50:36,Poison13,emcee1,scheduled,appeared,True,True
gj08m8twsKU,Poison13 vs Tatz Maven,Ahon 7,2016-12-16,2017-04-06 08:50:36,Tatz Maven,emcee2,scheduled,appeared,True,True
y8BKpG8mkHE,Mikidee vs Sixth Threat,Ahon 7,2016-12-17,2017-04-06 08:01:26,Mikidee,emcee1,scheduled,appeared,True,True
y8BKpG8mkHE,Mikidee vs Sixth Threat,Ahon 7,2016-12-17,2017-04-06 08:01:26,Sixth Threat,emcee2,scheduled,appeared,True,True
7iQSEd0VfSQ,Ilaya vs Righteous One,Ahon 7,2016-12-16,2017-04-01 11:46:20,Ilaya,emcee1,scheduled,appeared,True,True
7iQSEd0VfSQ,Ilaya vs Righteous One,Ahon 7,2016-12-16,2017-04-01 11:46:20,Righteous One,emcee2,scheduled,appeared,True,True
dUlQfGAyvLU,Rapido vs Badang,Ahon 7,2016-12-17,2017-03-29 12:05:35,Rapido,emcee1,scheduled,appeared,True,True
dUlQfGAyvLU,Rapido vs Badang,Ahon 7,2016-12-17,2017-03-29 12:05:35,Badang,emcee2,scheduled,appeared,True,True
wR_TM2MON6Y,Melchrist vs Romano,Ahon 7,2016-12-17,2017-03-29 09:52:20,Melchrist,emcee1,scheduled,appeared,True,True
wR_TM2MON6Y,Melchrist vs Romano,Ahon 7,2016-12-17,2017-03-29 09:52:20,Romano,emcee2,scheduled,appeared,True,True
yFiGismDYoo,M Zhayt vs EJ Power,Ahon 7,2016-12-16,2017-03-24 11:37:59,M Zhayt,emcee1,scheduled,appeared,True,True
yFiGismDYoo,M Zhayt vs EJ Power,Ahon 7,2016-12-16,2017-03-24 11:37:59,EJ Power,emcee2,scheduled,appeared,True,True
Kv2Kej-eMqs,J-King vs Jonas,Ahon 7,2016-12-17,2017-03-22 11:06:29,J-King,emcee1,scheduled,appeared,True,True
Kv2Kej-eMqs,J-King vs Jonas,Ahon 7,2016-12-17,2017-03-22 11:06:29,Jonas,emcee2,scheduled,appeared,True,True
yveLwhAiVcI,Kregga vs Asser,Ahon 7,2016-12-16,2017-03-18 10:51:29,Kregga,emcee1,scheduled,appeared,True,True
yveLwhAiVcI,Kregga vs Asser,Ahon 7,2016-12-16,2017-03-18 10:51:29,Asser,emcee2,scheduled,appeared,True,True
up0vGLXQA-s,Mhot vs Fangs,Ahon 7,2016-12-17,2017-03-16 09:29:50,Mhot,emcee1,scheduled,appeared,True,True
up0vGLXQA-s,Mhot vs Fangs,Ahon 7,2016-12-17,2017-03-16 09:29:50,Fangs,emcee2,scheduled,appeared,True,True
gjT8kbjmgKA,Frooz vs Tweng,Ahon 7,2016-12-16,2017-03-09 12:43:46,Frooz,emcee1,scheduled,appeared,True,True
gjT8kbjmgKA,Frooz vs Tweng,Ahon 7,2016-12-16,2017-03-09 12:43:46,Tweng,emcee2,scheduled,appeared,True,True
dAQPkpvH3fA,Dello vs Thike,Ahon 7,2016-12-16,2017-02-27 09:49:21,Dello,emcee1,scheduled,appeared,True,True
dAQPkpvH3fA,Dello vs Thike,Ahon 7,2016-12-16,2017-02-27 09:49:21,Thike,emcee2,scheduled,appeared,True,True
fEOuvQA4IFc,Zaito vs LilJohn,Ahon 7,2016-12-16,2017-02-23 10:21:58,Zaito,emcee1,scheduled,appeared,True,True
fEOuvQA4IFc,Zaito vs LilJohn,Ahon 7,2016-12-16,2017-02-23 10:21:58,LilJohn,emcee2,scheduled,appeared,True,True
2jpJQTkLvUQ,Apoc vs Apekz,Ahon 7,2016-12-17,2017-02-18 13:43:35,Apoc,emcee1,scheduled,appeared,True,True
2jpJQTkLvUQ,Apoc vs Apekz,Ahon 7,2016-12-17,2017-02-18 13:43:35,Apekz,emcee2,scheduled,appeared,True,True
UBMOw8Fm4e4,Shernan vs Lil Sisa,Ahon 7,2016-12-17,2017-02-13 10:17:30,Shernan,emcee1,scheduled,appeared,True,True
UBMOw8Fm4e4,Shernan vs Lil Sisa,Ahon 7,2016-12-17,2017-02-13 10:17:30,Lil Sisa,emcee2,scheduled,appeared,True,True
Z8_K6viaZ7o,Smugglaz vs G-Clown,Ahon 7,2016-12-16,2017-02-10 09:21:17,Smugglaz,emcee1,scheduled,appeared,True,True
Z8_K6viaZ7o,Smugglaz vs G-Clown,Ahon 7,2016-12-16,2017-02-10 09:21:17,G-Clown,emcee2,scheduled,appeared,True,True
BVi9KrcbsA0,Abra vs Damsa,Ahon 7,2016-12-17,2017-02-05 10:03:49,Abra,emcee1,scheduled,appeared,True,True
BVi9KrcbsA0,Abra vs Damsa,Ahon 7,2016-12-17,2017-02-05 10:03:49,Damsa,emcee2,scheduled,appeared,True,True
yg1W-LdDb_I,Shehyee vs Sinio,Ahon 7,2016-12-16,2017-02-02 08:52:35,Shehyee,emcee1,scheduled,appeared,True,True
yg1W-LdDb_I,Shehyee vs Sinio,Ahon 7,2016-12-16,2017-02-02 08:52:35,Sinio,emcee2,scheduled,appeared,True,True
axq1ByTBwGs,Batas vs PriceTagg,Ahon 7,2016-12-16,2017-01-29 11:00:32,Batas,emcee1,scheduled,appeared,True,True
axq1ByTBwGs,Batas vs PriceTagg,Ahon 7,2016-12-16,2017-01-29 11:00:32,PriceTagg,emcee2,scheduled,appeared,True,True
kr5xh8aLjrA,Loonie vs Plazma,Ahon 7,2016-12-17,2017-01-25 15:41:52,Loonie,emcee1,scheduled,appeared,True,True
kr5xh8aLjrA,Loonie vs Plazma,Ahon 7,2016-12-17,2017-01-25 15:41:52,Plazma,emcee2,scheduled,appeared,True,True
Akf72KvdnHw,Melchrist vs Pistolero,Unibersikulo 4,2016-10-29,2016-12-31 12:18:53,Melchrist,emcee1,scheduled,appeared,True,True
Akf72KvdnHw,Melchrist vs Pistolero,Unibersikulo 4,2016-10-29,2016-12-31 12:18:53,Pistolero,emcee2,scheduled,appeared,True,True
JGe7xiw4Xtg,M Zhayt vs Jonas,Unibersikulo 4,2016-10-29,2016-12-30 10:06:14,M Zhayt,emcee1,scheduled,appeared,True,True
JGe7xiw4Xtg,M Zhayt vs Jonas,Unibersikulo 4,2016-10-29,2016-12-30 10:06:14,Jonas,emcee2,scheduled,appeared,True,True
HdrJzU189ZA,Goriong Talas vs Invictus,Unibersikulo 4,2016-10-29,2016-12-27 13:02:45,Goriong Talas,emcee1,scheduled,appeared,True,True
HdrJzU189ZA,Goriong Talas vs Invictus,Unibersikulo 4,2016-10-29,2016-12-27 13:02:45,Invictus,emcee2,scheduled,appeared,True,True
DtqYEwOxa20,Rapido vs Damsa,Unibersikulo 4,2016-10-29,2016-12-27 12:32:08,Rapido,emcee1,scheduled,appeared,True,True
DtqYEwOxa20,Rapido vs Damsa,Unibersikulo 4,2016-10-29,2016-12-27 12:32:08,Damsa,emcee2,scheduled,appeared,True,True
U4NpeaZ7kbo,Batas vs Badang,Unibersikulo 4,2016-10-29,2016-12-15 12:36:02,Batas,emcee1,scheduled,appeared,True,True
U4NpeaZ7kbo,Batas vs Badang,Unibersikulo 4,2016-10-29,2016-12-15 12:36:02,Badang,emcee2,scheduled,appeared,True,True
b4oPKYahBow,Mackata vs Jecoy,Gubat 5,2016-09-24,2016-12-09 09:35:33,Mackata,emcee1,scheduled,appeared,True,True
b4oPKYahBow,Mackata vs Jecoy,Gubat 5,2016-09-24,2016-12-09 09:35:33,Jecoy,emcee2,scheduled,appeared,True,True
TW4r7CMNnyc,Marshall Bonifacio vs Jamal,Gubat 5,2016-09-24,2016-12-05 08:34:16,Marshall Bonifacio,emcee1,scheduled,appeared,True,True
TW4r7CMNnyc,Marshall Bonifacio vs Jamal,Gubat 5,2016-09-24,2016-12-05 08:34:16,Jamal,emcee2,scheduled,appeared,True,True
mWtIt0xNGq0,Chris Ace vs Martin,Gubat 5,2016-09-24,2016-11-27 12:29:27,Chris Ace,emcee1,scheduled,appeared,True,True
mWtIt0xNGq0,Chris Ace vs Martin,Gubat 5,2016-09-24,2016-11-27 12:29:27,Martin,emcee2,scheduled,appeared,True,True
NYHI3wJzeE0,Aelekz vs J-Blaque,Gubat 5,2016-09-24,2016-11-27 12:00:58,Aelekz,emcee1,scheduled,appeared,True,True
NYHI3wJzeE0,Aelekz vs J-Blaque,Gubat 5,2016-09-24,2016-11-27 12:00:58,J-Blaque,emcee2,scheduled,appeared,True,True
QGLR66YRy-Q,Range vs Chaliz,Gubat 5,2016-09-24,2016-11-24 11:04:18,Range,emcee1,scheduled,appeared,True,True
QGLR66YRy-Q,Range vs Chaliz,Gubat 5,2016-09-24,2016-11-24 11:04:18,Chaliz,emcee2,scheduled,appeared,True,True
t_3dYLDjB8Q,Flict-G vs Damsa,Gubat 5,2016-09-24,2016-11-20 06:50:39,Flict-G,emcee1,scheduled,appeared,True,True
t_3dYLDjB8Q,Flict-G vs Damsa,Gubat 5,2016-09-24,2016-11-20 06:50:39,Damsa,emcee2,scheduled,appeared,True,True
psABWn3ilvM,Apekz vs Shernan,Gubat 5,2016-09-24,2016-11-17 12:36:05,Apekz,emcee1,scheduled,appeared,True,True
psABWn3ilvM,Apekz vs Shernan,Gubat 5,2016-09-24,2016-11-17 12:36:05,Shernan,emcee2,scheduled,appeared,True,True
tYZoTyuz4Wg,Plazma vs Asser,Gubat 5,2016-09-24,2016-11-13 10:06:48,Plazma,emcee1,scheduled,appeared,True,True
tYZoTyuz4Wg,Plazma vs Asser,Gubat 5,2016-09-24,2016-11-13 10:06:48,Asser,emcee2,scheduled,appeared,True,True
ZDqJh4mLcn4,J-Skeelz vs Juan Tamad,Bwelta Balentong 3,2016-09-17,2016-11-10 12:10:47,J-Skeelz,emcee1,scheduled,appeared,True,True
ZDqJh4mLcn4,J-Skeelz vs Juan Tamad,Bwelta Balentong 3,2016-09-17,2016-11-10 12:10:47,Juan Tamad,emcee2,scheduled,appeared,True,True
Mbj4cNZ2Odc,Mhot vs Onaks,Bwelta Balentong 3,2016-09-17,2016-11-10 09:14:50,Mhot,emcee1,scheduled,appeared,True,True
Mbj4cNZ2Odc,Mhot vs Onaks,Bwelta Balentong 3,2016-09-17,2016-11-10 09:14:50,Onaks,emcee2,scheduled,appeared,True,True
x46WuzFAcAM,Romano vs Jonas,Bwelta Balentong 3,2016-09-17,2016-11-06 11:35:35,Romano,emcee1,scheduled,appeared,True,True
x46WuzFAcAM,Romano vs Jonas,Bwelta Balentong 3,2016-09-17,2016-11-06 11:35:35,Jonas,emcee2,scheduled,appeared,True,True
y_1ZMvRfcrc,Target vs Thike,Bwelta Balentong 3,2016-09-17,2016-11-02 05:41:00,Target,emcee1,scheduled,appeared,True,True
y_1ZMvRfcrc,Target vs Thike,Bwelta Balentong 3,2016-09-17,2016-11-02 05:41:00,Thike,emcee2,scheduled,appeared,True,True
0d8GMq5a0y0,J-King vs Fangs,Bwelta Balentong 3,2016-09-17,2016-10-28 09:58:37,J-King,emcee1,scheduled,appeared,True,True
0d8GMq5a0y0,J-King vs Fangs,Bwelta Balentong 3,2016-09-17,2016-10-28 09:58:37,Fangs,emcee2,scheduled,appeared,True,True
SBjqtV9un78,LilJohn vs EJ Power,Bwelta Balentong 3,2016-09-17,2016-10-22 12:20:15,LilJohn,emcee1,scheduled,appeared,True,True
SBjqtV9un78,LilJohn vs EJ Power,Bwelta Balentong 3,2016-09-17,2016-10-22 12:20:15,EJ Power,emcee2,scheduled,appeared,True,True
a4bo-nYRxSo,Smugglaz vs Rapido,Bwelta Balentong 3,2016-09-17,2016-10-19 10:44:47,Smugglaz,emcee1,scheduled,appeared,True,True
a4bo-nYRxSo,Smugglaz vs Rapido,Bwelta Balentong 3,2016-09-17,2016-10-19 10:44:47,Rapido,emcee2,scheduled,appeared,True,True
TdUeQZpzrmY,Loonie vs Tipsy D,Bwelta Balentong 3,2016-09-17,2016-10-16 06:36:33,Loonie,emcee1,scheduled,appeared,True,True
TdUeQZpzrmY,Loonie vs Tipsy D,Bwelta Balentong 3,2016-09-17,2016-10-16 06:36:33,Tipsy D,emcee2,scheduled,appeared,True,True
Mx95efchRkU,Fukuda vs Dosage,Pakusganay 2,2016-07-16,2016-10-05 10:21:05,Fukuda,emcee1,scheduled,appeared,True,True
Mx95efchRkU,Fukuda vs Dosage,Pakusganay 2,2016-07-16,2016-10-05 10:21:05,Dosage,emcee2,scheduled,appeared,True,True
71gi9Ix82rA,Sixth Threat vs Cedie,Pakusganay 2,2016-07-16,2016-10-01 11:18:27,Sixth Threat,emcee1,scheduled,appeared,True,True
71gi9Ix82rA,Sixth Threat vs Cedie,Pakusganay 2,2016-07-16,2016-10-01 11:18:27,Cedie,emcee2,scheduled,appeared,True,True
duQju77-2fc,Cool Kidd vs Tatz Maven,Pakusganay 2,2016-07-16,2016-09-28 11:40:59,Cool Kidd,emcee1,scheduled,appeared,True,True
duQju77-2fc,Cool Kidd vs Tatz Maven,Pakusganay 2,2016-07-16,2016-09-28 11:40:59,Tatz Maven,emcee2,scheduled,appeared,True,True
E55hGAOgUew,Ran vs Hizuka,Pakusganay 2,2016-07-16,2016-09-24 08:43:22,Ran,emcee1,scheduled,appeared,True,True
E55hGAOgUew,Ran vs Hizuka,Pakusganay 2,2016-07-16,2016-09-24 08:43:22,Hizuka,emcee2,scheduled,appeared,True,True
86YkNfkWM6E,Rudic vs Maxford,Pakusganay 2,2016-07-16,2016-09-21 08:39:59,Rudic,emcee1,scheduled,appeared,True,True
86YkNfkWM6E,Rudic vs Maxford,Pakusganay 2,2016-07-16,2016-09-21 08:39:59,Maxford,emcee2,scheduled,appeared,True,True
vOuPV_syJGk,Nikki vs Silent Effect,Pakusganay 2,2016-07-16,2016-09-15 11:52:43,Nikki,emcee1,scheduled,appeared,True,True
vOuPV_syJGk,Nikki vs Silent Effect,Pakusganay 2,2016-07-16,2016-09-15 11:52:43,Silent Effect,emcee2,scheduled,appeared,True,True
FOjUCdfAp0I,Kregga vs Sak Maestro,Pakusganay 2,2016-07-16,2016-09-10 10:30:09,Kregga,emcee1,scheduled,appeared,True,True
FOjUCdfAp0I,Kregga vs Sak Maestro,Pakusganay 2,2016-07-16,2016-09-10 10:30:09,Sak Maestro,emcee2,scheduled,appeared,True,True
9yKx7_cVchE,BLKD vs Zero Hour,Pakusganay 2,2016-07-16,2016-09-07 12:05:52,BLKD,emcee1,scheduled,appeared,True,True
9yKx7_cVchE,BLKD vs Zero Hour,Pakusganay 2,2016-07-16,2016-09-07 12:05:52,Zero Hour,emcee2,scheduled,appeared,True,True
lBsg9m1GLIY,Loonie vs G-Clown,Pakusganay 2,2016-07-16,2016-09-04 10:37:55,Loonie,emcee1,scheduled,appeared,True,True
lBsg9m1GLIY,Loonie vs G-Clown,Pakusganay 2,2016-07-16,2016-09-04 10:37:55,G-Clown,emcee2,scheduled,appeared,True,True
kXwLP5IP1zM,Righteous One vs KJap,Aspakan 4,2016-06-11,2016-08-24 12:53:37,Righteous One,emcee1,scheduled,appeared,True,True
kXwLP5IP1zM,Righteous One vs KJap,Aspakan 4,2016-06-11,2016-08-24 12:53:37,KJap,emcee2,scheduled,appeared,True,True
rhj8sq96-qo,Hazky vs Dhuski,Aspakan 4,2016-06-11,2016-08-20 09:05:42,Hazky,emcee1,scheduled,appeared,True,True
rhj8sq96-qo,Hazky vs Dhuski,Aspakan 4,2016-06-11,2016-08-20 09:05:42,Dhuski,emcee2,scheduled,appeared,True,True
SwEi7XWTocE,Invictus vs Poison13,Aspakan 4,2016-06-11,2016-08-17 11:22:25,Invictus,emcee1,scheduled,appeared,True,True
SwEi7XWTocE,Invictus vs Poison13,Aspakan 4,2016-06-11,2016-08-17 11:22:25,Poison13,emcee2,scheduled,appeared,True,True
1zlZiX9IOIY,AKT vs Romano,Aspakan 4,2016-06-11,2016-08-15 09:53:40,AKT,emcee1,scheduled,appeared,True,True
1zlZiX9IOIY,AKT vs Romano,Aspakan 4,2016-06-11,2016-08-15 09:53:40,Romano,emcee2,scheduled,appeared,True,True
fGnbqVL7G0Y,LilJohn vs Lanzeta,Aspakan 4,2016-06-11,2016-08-10 10:32:13,LilJohn,emcee1,scheduled,appeared,True,True
fGnbqVL7G0Y,LilJohn vs Lanzeta,Aspakan 4,2016-06-11,2016-08-10 10:32:13,Lanzeta,emcee2,scheduled,appeared,True,True
o344Ipfq3UU,Sinio vs Zaito,Aspakan 4,2016-06-11,2016-08-06 10:01:43,Sinio,emcee1,scheduled,appeared,True,True
o344Ipfq3UU,Sinio vs Zaito,Aspakan 4,2016-06-11,2016-08-06 10:01:43,Zaito,emcee2,scheduled,appeared,True,True
9xwBIOUF_lI,Rapido vs Asser,Aspakan 4,2016-06-11,2016-08-06 08:19:56,Rapido,emcee1,scheduled,appeared,True,True
9xwBIOUF_lI,Rapido vs Asser,Aspakan 4,2016-06-11,2016-08-06 08:19:56,Asser,emcee2,scheduled,appeared,True,True
TsfHbqZej68,Tipsy D vs J-King,Aspakan 4,2016-06-11,2016-08-03 10:05:42,Tipsy D,emcee1,scheduled,appeared,True,True
TsfHbqZej68,Tipsy D vs J-King,Aspakan 4,2016-06-11,2016-08-03 10:05:42,J-King,emcee2,scheduled,appeared,True,True
Z3J1IlETeIo,Nerd Skillz vs Prince Rhyme,Second Sight 4,2016-05-07,2016-07-30 10:22:34,Nerd Skillz,emcee1,scheduled,appeared,True,True
Z3J1IlETeIo,Nerd Skillz vs Prince Rhyme,Second Sight 4,2016-05-07,2016-07-30 10:22:34,Prince Rhyme,emcee2,scheduled,appeared,True,True
iHsow0_k6v8,Harlem vs Thike,Second Sight 4,2016-05-07,2016-07-30 09:51:31,Harlem,emcee1,scheduled,appeared,True,True
iHsow0_k6v8,Harlem vs Thike,Second Sight 4,2016-05-07,2016-07-30 09:51:31,Thike,emcee2,scheduled,appeared,True,True
awb3QTd0wYM,Lhipkram vs El Quiel,Second Sight 4,2016-05-07,2016-07-28 09:50:29,Lhipkram,emcee1,scheduled,appeared,True,True
awb3QTd0wYM,Lhipkram vs El Quiel,Second Sight 4,2016-05-07,2016-07-28 09:50:29,El Quiel,emcee2,scheduled,appeared,True,True
KDo2sx4pnSU,Batang Rebelde vs Kris Delano,Second Sight 4,2016-05-07,2016-07-27 10:58:17,Batang Rebelde,emcee1,scheduled,appeared,True,True
KDo2sx4pnSU,Batang Rebelde vs Kris Delano,Second Sight 4,2016-05-07,2016-07-27 10:58:17,Kris Delano,emcee2,scheduled,appeared,True,True
d-c785qBKbQ,Poison13 vs Towpher,Second Sight 4,2016-05-07,2016-07-20 10:52:20,Poison13,emcee1,scheduled,appeared,True,True
d-c785qBKbQ,Poison13 vs Towpher,Second Sight 4,2016-05-07,2016-07-20 10:52:20,Towpher,emcee2,scheduled,appeared,True,True
BgbcyhISlmw,Damsa vs Jonas,Second Sight 4,2016-05-07,2016-07-20 10:07:39,Damsa,emcee1,scheduled,appeared,True,True
BgbcyhISlmw,Damsa vs Jonas,Second Sight 4,2016-05-07,2016-07-20 10:07:39,Jonas,emcee2,scheduled,appeared,True,True
9JAF7iICrWI,Sayadd vs Pistolero,Second Sight 4,2016-05-07,2016-07-16 09:12:56,Sayadd,emcee1,scheduled,appeared,True,True
9JAF7iICrWI,Sayadd vs Pistolero,Second Sight 4,2016-05-07,2016-07-16 09:12:56,Pistolero,emcee2,scheduled,appeared,True,True
V0jIjeDG3rU,Plazma vs M Zhayt,Second Sight 4,2016-05-07,2016-07-15 10:40:58,Plazma,emcee1,scheduled,appeared,True,True
V0jIjeDG3rU,Plazma vs M Zhayt,Second Sight 4,2016-05-07,2016-07-15 10:40:58,M Zhayt,emcee2,scheduled,appeared,True,True
gPd9vKCVisI,Nikki vs Ice Bergg,Gubat 4,2016-03-12,2016-06-28 12:45:17,Nikki,emcee1,scheduled,appeared,True,True
gPd9vKCVisI,Nikki vs Ice Bergg,Gubat 4,2016-03-12,2016-06-28 12:45:17,Ice Bergg,emcee2,scheduled,appeared,True,True
odo1eX64ucM,Aelekz vs Mackata,Gubat 4,2016-03-12,2016-06-27 15:34:06,Aelekz,emcee1,scheduled,appeared,True,True
odo1eX64ucM,Aelekz vs Mackata,Gubat 4,2016-03-12,2016-06-27 15:34:06,Mackata,emcee2,scheduled,appeared,True,True
bw98VPcJj8U,Fangs vs Ran,Gubat 4,2016-03-12,2016-06-13 11:44:02,Fangs,emcee1,scheduled,appeared,True,True
bw98VPcJj8U,Fangs vs Ran,Gubat 4,2016-03-12,2016-06-13 11:44:02,Ran,emcee2,scheduled,appeared,True,True
VrbMjuCqwWI,LilJohn vs Zeus,Gubat 4,2016-03-12,2016-06-12 12:21:46,LilJohn,emcee1,scheduled,appeared,True,True
VrbMjuCqwWI,LilJohn vs Zeus,Gubat 4,2016-03-12,2016-06-12 12:21:46,Zeus,emcee2,scheduled,appeared,True,True
8iEzx2dDJBA,Range vs Makii,Gubat 4,2016-03-12,2016-06-08 12:07:01,Range,emcee1,scheduled,appeared,True,True
8iEzx2dDJBA,Range vs Makii,Gubat 4,2016-03-12,2016-06-08 12:07:01,Makii,emcee2,scheduled,appeared,True,True
e07pwmloZOY,Shernan vs Tweng,Gubat 4,2016-03-12,2016-06-08 11:10:13,Shernan,emcee1,scheduled,appeared,True,True
e07pwmloZOY,Shernan vs Tweng,Gubat 4,2016-03-12,2016-06-08 11:10:13,Tweng,emcee2,scheduled,appeared,True,True
2mz8Nn81Olw,Aklas vs Asser,Gubat 4,2016-03-12,2016-06-04 09:42:36,Aklas,emcee1,scheduled,appeared,True,True
2mz8Nn81Olw,Aklas vs Asser,Gubat 4,2016-03-12,2016-06-04 09:42:36,Asser,emcee2,scheduled,appeared,True,True
njsDvhOKw-Y,Loonie vs Badang,Gubat 4,2016-03-12,2016-06-01 12:25:05,Loonie,emcee1,scheduled,appeared,True,True
njsDvhOKw-Y,Loonie vs Badang,Gubat 4,2016-03-12,2016-06-01 12:25:05,Badang,emcee2,scheduled,appeared,True,True
EXUY3no4b3M,Emar Industriya vs Castyboy,Kataga 3,2016-02-20,2016-05-30 12:20:01,Emar Industriya,emcee1,scheduled,appeared,True,True
EXUY3no4b3M,Emar Industriya vs Castyboy,Kataga 3,2016-02-20,2016-05-30 12:20:01,Castyboy,emcee2,scheduled,appeared,True,True
CP6p-GBDiCI,Mikidee vs Dilim,Kataga 3,2016-02-20,2016-05-30 10:11:13,Mikidee,emcee1,scheduled,appeared,True,True
CP6p-GBDiCI,Mikidee vs Dilim,Kataga 3,2016-02-20,2016-05-30 10:11:13,Dilim,emcee2,scheduled,appeared,True,True
AqDHenZCnHM,J2DP vs Sanctuz,Kataga 3,2016-02-20,2016-05-26 12:45:19,J2DP,emcee1,scheduled,appeared,True,True
AqDHenZCnHM,J2DP vs Sanctuz,Kataga 3,2016-02-20,2016-05-26 12:45:19,Sanctuz,emcee2,scheduled,appeared,True,True
sYsHMEeVNf0,Towpher vs Tikboy,Kataga 3,2016-02-20,2016-05-26 09:58:39,Towpher,emcee1,scheduled,appeared,True,True
sYsHMEeVNf0,Towpher vs Tikboy,Kataga 3,2016-02-20,2016-05-26 09:58:39,Tikboy,emcee2,scheduled,appeared,True,True
8dB8lNFiOEw,Mhot vs Wise Wun,Kataga 3,2016-02-20,2016-05-25 10:45:25,Mhot,emcee1,scheduled,appeared,True,True
8dB8lNFiOEw,Mhot vs Wise Wun,Kataga 3,2016-02-20,2016-05-25 10:45:25,Wise Wun,emcee2,scheduled,appeared,True,True
LJW7ya_Dxm0,Hazky vs Onaks,Kataga 3,2016-02-20,2016-05-25 09:56:00,Hazky,emcee1,scheduled,appeared,True,True
LJW7ya_Dxm0,Hazky vs Onaks,Kataga 3,2016-02-20,2016-05-25 09:56:00,Onaks,emcee2,scheduled,appeared,True,True
uQsh1UgnI6Q,Damsa vs Left Eye Blind,Kataga 3,2016-02-20,2016-05-19 12:58:35,Damsa,emcee1,scheduled,appeared,True,True
uQsh1UgnI6Q,Damsa vs Left Eye Blind,Kataga 3,2016-02-20,2016-05-19 12:58:35,Left Eye Blind,emcee2,scheduled,appeared,True,True
MuwryF_LOOs,Frooz vs G-Clown,Kataga 3,2016-02-20,2016-05-19 10:32:56,Frooz,emcee1,scheduled,appeared,True,True
MuwryF_LOOs,Frooz vs G-Clown,Kataga 3,2016-02-20,2016-05-19 10:32:56,G-Clown,emcee2,scheduled,appeared,True,True
jT6M6R1kJnY,Batang Rebelde vs Icaruz,Kataga 3,2016-02-20,2016-05-15 10:14:41,Batang Rebelde,emcee1,scheduled,appeared,True,True
jT6M6R1kJnY,Batang Rebelde vs Icaruz,Kataga 3,2016-02-20,2016-05-15 10:14:41,Icaruz,emcee2,scheduled,appeared,True,True
dy2cv1wDZEI,Smugglaz vs M Zhayt,Kataga 3,2016-02-20,2016-05-15 06:40:51,Smugglaz,emcee1,scheduled,appeared,True,True
dy2cv1wDZEI,Smugglaz vs M Zhayt,Kataga 3,2016-02-20,2016-05-15 06:40:51,M Zhayt,emcee2,scheduled,appeared,True,True
gvGB6brbXE8,Invictus vs CripLi,Grain Assault 7,2016-02-06,2016-05-04 13:48:44,Invictus,emcee1,scheduled,appeared,True,True
gvGB6brbXE8,Invictus vs CripLi,Grain Assault 7,2016-02-06,2016-05-04 13:48:44,CripLi,emcee2,scheduled,appeared,True,True
YHLut41dCG8,Rapido vs Romano,Grain Assault 7,2016-02-06,2016-05-04 10:34:19,Rapido,emcee1,scheduled,appeared,True,True
YHLut41dCG8,Rapido vs Romano,Grain Assault 7,2016-02-06,2016-05-04 10:34:19,Romano,emcee2,scheduled,no_show,False,False
YHLut41dCG8,Rapido vs Romano,Grain Assault 7,2016-02-06,2016-05-04 10:34:19,LilJohn,helper,helper,appeared,True,False
3z8jqwu_yUM,AKT vs Righteous One,Grain Assault 7,2016-02-06,2016-04-30 10:22:36,AKT,emcee1,scheduled,appeared,True,True
3z8jqwu_yUM,AKT vs Righteous One,Grain Assault 7,2016-02-06,2016-04-30 10:22:36,Righteous One,emcee2,scheduled,appeared,True,True
MPLaQWJdYGM,Plazma vs KJap,Grain Assault 7,2016-02-06,2016-04-30 09:57:58,Plazma,emcee1,scheduled,appeared,True,True
MPLaQWJdYGM,Plazma vs KJap,Grain Assault 7,2016-02-06,2016-04-30 09:57:58,KJap,emcee2,scheduled,appeared,True,True
nHAv4Fb_7KI,Pistolero vs J-King,Grain Assault 7,2016-02-06,2016-04-28 13:34:01,Pistolero,emcee1,scheduled,appeared,True,True
nHAv4Fb_7KI,Pistolero vs J-King,Grain Assault 7,2016-02-06,2016-04-28 13:34:01,J-King,emcee2,scheduled,appeared,True,True
pefDgL-3QeU,Jonas vs EJ Power,Grain Assault 7,2016-02-06,2016-04-28 12:52:30,Jonas,emcee1,scheduled,appeared,True,True
pefDgL-3QeU,Jonas vs EJ Power,Grain Assault 7,2016-02-06,2016-04-28 12:52:30,EJ Power,emcee2,scheduled,appeared,True,True
NfmuIt_IvXk,Tipsy D vs Flict-G,Grain Assault 7,2016-02-06,2016-04-25 12:06:29,Tipsy D,emcee1,scheduled,appeared,True,True
NfmuIt_IvXk,Tipsy D vs Flict-G,Grain Assault 7,2016-02-06,2016-04-25 12:06:29,Flict-G,emcee2,scheduled,appeared,True,True
CoGBvfTVOzA,Thike vs Maxford,Ahon 6,2015-12-13,2016-04-21 10:39:03,Thike,emcee1,scheduled,appeared,True,True
CoGBvfTVOzA,Thike vs Maxford,Ahon 6,2015-12-13,2016-04-21 10:39:03,Maxford,emcee2,scheduled,no_show,False,False
CoGBvfTVOzA,Thike vs Maxford,Ahon 6,2015-12-13,2016-04-21 10:39:03,AKT,helper,helper,appeared,True,False
rKTEzskZLrY,Hazky vs Blackfaith,Ahon 6,2015-12-13,2016-04-17 12:24:43,Hazky,emcee1,scheduled,appeared,True,True
rKTEzskZLrY,Hazky vs Blackfaith,Ahon 6,2015-12-13,2016-04-17 12:24:43,Blackfaith,emcee2,scheduled,appeared,True,True
3eokoKdkfRw,EJ Power vs El Quiel,Ahon 6,2015-12-13,2016-04-13 13:01:59,EJ Power,emcee1,scheduled,appeared,True,True
3eokoKdkfRw,EJ Power vs El Quiel,Ahon 6,2015-12-13,2016-04-13 13:01:59,El Quiel,emcee2,scheduled,appeared,True,True
5QMvZIAmVZA,Poison13 vs Crazy3ck,Ahon 6,2015-12-13,2016-04-13 12:25:28,Poison13,emcee1,scheduled,appeared,True,True
5QMvZIAmVZA,Poison13 vs Crazy3ck,Ahon 6,2015-12-13,2016-04-13 12:25:28,Crazy3ck,emcee2,scheduled,appeared,True,True
1I6Ed9IWUaQ,Mhot vs Sibil,Ahon 6,2015-12-13,2016-04-09 11:02:24,Mhot,emcee1,scheduled,appeared,True,True
1I6Ed9IWUaQ,Mhot vs Sibil,Ahon 6,2015-12-13,2016-04-09 11:02:24,Sibil,emcee2,scheduled,appeared,True,True
_91hINDmHxA,Jigsaw vs Prince Rhyme,Ahon 6,2015-12-13,2016-04-09 10:38:49,Jigsaw,emcee1,scheduled,appeared,True,True
_91hINDmHxA,Jigsaw vs Prince Rhyme,Ahon 6,2015-12-13,2016-04-09 10:38:49,Prince Rhyme,emcee2,scheduled,appeared,True,True
UhWHRo9OvKA,Lhipkram vs Doc Pau,Ahon 6,2015-12-13,2016-04-07 13:52:28,Lhipkram,emcee1,scheduled,appeared,True,True
UhWHRo9OvKA,Lhipkram vs Doc Pau,Ahon 6,2015-12-13,2016-04-07 13:52:28,Doc Pau,emcee2,scheduled,appeared,True,True
951knu3FaAM,Jonas vs Onaks,Ahon 6,2015-12-13,2016-04-07 13:20:26,Jonas,emcee1,scheduled,appeared,True,True
951knu3FaAM,Jonas vs Onaks,Ahon 6,2015-12-13,2016-04-07 13:20:26,Onaks,emcee2,scheduled,appeared,True,True
D_sQrM7tUKI,G-Clown vs Damsa,Ahon 6,2015-12-12,2016-04-07 12:30:28,G-Clown,emcee1,scheduled,appeared,True,True
D_sQrM7tUKI,G-Clown vs Damsa,Ahon 6,2015-12-12,2016-04-07 12:30:28,Damsa,emcee2,scheduled,appeared,True,True
4lIEulWFdDk,Lanzeta vs Range,Ahon 6,2015-12-11,2016-03-30 11:03:01,Lanzeta,emcee1,scheduled,appeared,True,True
4lIEulWFdDk,Lanzeta vs Range,Ahon 6,2015-12-11,2016-03-30 11:03:01,Range,emcee2,scheduled,appeared,True,True
A42tEZLiw7A,Rapido vs Sayadd,Ahon 6,2015-12-11,2016-03-30 10:30:14,Rapido,emcee1,scheduled,appeared,True,True
A42tEZLiw7A,Rapido vs Sayadd,Ahon 6,2015-12-11,2016-03-30 10:30:14,Sayadd,emcee2,scheduled,appeared,True,True
G7_0lnew0EA,Harlem vs Plazma,Ahon 6,2015-12-12,2016-03-26 10:53:31,Harlem,emcee1,scheduled,appeared,True,True
G7_0lnew0EA,Harlem vs Plazma,Ahon 6,2015-12-12,2016-03-26 10:53:31,Plazma,emcee2,scheduled,appeared,True,True
HFAUZ5w5osY,Thike vs Dhictah,Ahon 6,2015-12-12,2016-03-26 10:10:57,Thike,emcee1,scheduled,appeared,True,True
HFAUZ5w5osY,Thike vs Dhictah,Ahon 6,2015-12-12,2016-03-26 10:10:57,Dhictah,emcee2,scheduled,appeared,True,True
NQzddAr3eUM,M Zhayt vs Goriong Talas,Ahon 6,2015-12-12,2016-03-23 12:32:49,M Zhayt,emcee1,scheduled,appeared,True,True
NQzddAr3eUM,M Zhayt vs Goriong Talas,Ahon 6,2015-12-12,2016-03-23 12:32:49,Goriong Talas,emcee2,scheduled,appeared,True,True
chSqZvbAcqs,Pistolero vs Andy G,Ahon 6,2015-12-12,2016-03-23 11:58:49,Pistolero,emcee1,scheduled,appeared,True,True
chSqZvbAcqs,Pistolero vs Andy G,Ahon 6,2015-12-12,2016-03-23 11:58:49,Andy G,emcee2,scheduled,appeared,True,True
apJQez_V6-Q,Elbiz vs Badang,Ahon 6,2015-12-12,2016-03-19 11:49:06,Elbiz,emcee1,scheduled,appeared,True,True
apJQez_V6-Q,Elbiz vs Badang,Ahon 6,2015-12-12,2016-03-19 11:49:06,Badang,emcee2,scheduled,appeared,True,True
6HjZ27CyX0Q,Kregga vs Cerberus,Ahon 6,2015-12-11,2016-03-17 11:10:23,Kregga,emcee1,scheduled,appeared,True,True
6HjZ27CyX0Q,Kregga vs Cerberus,Ahon 6,2015-12-11,2016-03-17 11:10:23,Cerberus,emcee2,scheduled,appeared,True,True
UoheaN0Q6fM,Apekz vs Righteous One,Ahon 6,2015-12-12,2016-03-15 12:32:13,Apekz,emcee1,scheduled,appeared,True,True
UoheaN0Q6fM,Apekz vs Righteous One,Ahon 6,2015-12-12,2016-03-15 12:32:13,Righteous One,emcee2,scheduled,appeared,True,True
nm8qwjNbg0w,J-King vs Aelekz,Ahon 6,2015-12-11,2016-03-12 10:29:01,J-King,emcee1,scheduled,appeared,True,True
nm8qwjNbg0w,J-King vs Aelekz,Ahon 6,2015-12-11,2016-03-12 10:29:01,Aelekz,emcee2,scheduled,appeared,True,True
T-qXrpkd0Z8,Tweng vs Kial,Ahon 6,2015-12-11,2016-03-08 10:42:33,Tweng,emcee1,scheduled,appeared,True,True
T-qXrpkd0Z8,Tweng vs Kial,Ahon 6,2015-12-11,2016-03-08 10:42:33,Kial,emcee2,scheduled,appeared,True,True
4A7s-DcqbO8,Frooz vs Asser,Ahon 6,2015-12-12,2016-03-07 10:59:37,Frooz,emcee1,scheduled,appeared,True,True
4A7s-DcqbO8,Frooz vs Asser,Ahon 6,2015-12-12,2016-03-07 10:59:37,Asser,emcee2,scheduled,appeared,True,True
aDgPm4e40TM,Zaito vs Shernan,Ahon 6,2015-12-11,2016-02-29 12:50:00,Zaito,emcee1,scheduled,appeared,True,True
aDgPm4e40TM,Zaito vs Shernan,Ahon 6,2015-12-11,2016-02-29 12:50:00,Shernan,emcee2,scheduled,appeared,True,True
oKrQf6-ALPo,Smugglaz vs Apoc,Ahon 6,2015-12-11,2016-02-27 15:20:08,Smugglaz,emcee1,scheduled,appeared,True,True
oKrQf6-ALPo,Smugglaz vs Apoc,Ahon 6,2015-12-11,2016-02-27 15:20:08,Apoc,emcee2,scheduled,appeared,True,True
iXukGfI2rR4,BLKD vs Tipsy D,Ahon 6,2015-12-11,2016-02-22 10:43:22,BLKD,emcee1,scheduled,appeared,True,True
iXukGfI2rR4,BLKD vs Tipsy D,Ahon 6,2015-12-11,2016-02-22 10:43:22,Tipsy D,emcee2,scheduled,appeared,True,True
STeBG-LSy94,Abra vs Aklas,Ahon 6,2015-12-12,2016-02-19 10:24:55,Abra,emcee1,scheduled,appeared,True,True
STeBG-LSy94,Abra vs Aklas,Ahon 6,2015-12-12,2016-02-19 10:24:55,Aklas,emcee2,scheduled,appeared,True,True
APNkS_Yh6FA,Loonie vs Shehyee,Ahon 6,2015-12-12,2016-02-15 10:22:11,Loonie,emcee1,scheduled,appeared,True,True
APNkS_Yh6FA,Loonie vs Shehyee,Ahon 6,2015-12-12,2016-02-15 10:22:11,Shehyee,emcee2,scheduled,appeared,True,True
o1t_Dr3s864,Batas vs Romano,Ahon 6,2015-12-11,2016-02-13 10:12:08,Batas,emcee1,scheduled,appeared,True,True
o1t_Dr3s864,Batas vs Romano,Ahon 6,2015-12-11,2016-02-13 10:12:08,Romano,emcee2,scheduled,appeared,True,True
lbO4KibzgVk,Tatz Maven vs Dosage,082 Magnitude 3,2015-11-27,2016-01-30 10:49:14,Tatz Maven,emcee1,scheduled,appeared,True,True
lbO4KibzgVk,Tatz Maven vs Dosage,082 Magnitude 3,2015-11-27,2016-01-30 10:49:14,Dosage,emcee2,scheduled,appeared,True,True
fEm_8k_dy8A,Hizuka vs Dave Ill,082 Magnitude 3,2015-11-27,2016-01-28 10:46:13,Hizuka,emcee1,scheduled,appeared,True,True
fEm_8k_dy8A,Hizuka vs Dave Ill,082 Magnitude 3,2015-11-27,2016-01-28 10:46:13,Dave Ill,emcee2,scheduled,appeared,True,True
eWO0x_McjQ8,Snob vs Fukuda,082 Magnitude 3,2015-11-27,2016-01-28 09:53:43,Snob,emcee1,scheduled,appeared,True,True
eWO0x_McjQ8,Snob vs Fukuda,082 Magnitude 3,2015-11-27,2016-01-28 09:53:43,Fukuda,emcee2,scheduled,appeared,True,True
qiA45ugCjf4,Cool Kidd vs Stiff,082 Magnitude 3,2015-11-27,2016-01-23 12:45:21,Cool Kidd,emcee1,scheduled,appeared,True,True
qiA45ugCjf4,Cool Kidd vs Stiff,082 Magnitude 3,2015-11-27,2016-01-23 12:45:21,Stiff,emcee2,scheduled,appeared,True,True
mrEAu-16qWw,Dopee vs Ran,082 Magnitude 3,2015-11-27,2016-01-23 11:55:17,Dopee,emcee1,scheduled,appeared,True,True
mrEAu-16qWw,Dopee vs Ran,082 Magnitude 3,2015-11-27,2016-01-23 11:55:17,Ran,emcee2,scheduled,appeared,True,True
y4tamIir-TE,Rapido vs Silent Effect,082 Magnitude 3,2015-11-27,2016-01-22 13:00:35,Rapido,emcee1,scheduled,appeared,True,True
y4tamIir-TE,Rapido vs Silent Effect,082 Magnitude 3,2015-11-27,2016-01-22 13:00:35,Silent Effect,emcee2,scheduled,appeared,True,True
Xdd_GxVzTug,Kregga vs Maxford,082 Magnitude 3,2015-11-27,2016-01-21 10:14:05,Kregga,emcee1,scheduled,appeared,True,True
Xdd_GxVzTug,Kregga vs Maxford,082 Magnitude 3,2015-11-27,2016-01-21 10:14:05,Maxford,emcee2,scheduled,appeared,True,True
8-Pder4GRd4,Badang vs G-Spot,082 Magnitude 3,2015-11-27,2016-01-18 10:06:36,Badang,emcee1,scheduled,appeared,True,True
8-Pder4GRd4,Badang vs G-Spot,082 Magnitude 3,2015-11-27,2016-01-18 10:06:36,G-Spot,emcee2,scheduled,appeared,True,True
6rbRPPUEuUI,Pistolero vs Nikki,082 Magnitude 3,2015-11-27,2016-01-17 12:07:39,Pistolero,emcee1,scheduled,appeared,True,True
6rbRPPUEuUI,Pistolero vs Nikki,082 Magnitude 3,2015-11-27,2016-01-17 12:07:39,Nikki,emcee2,scheduled,appeared,True,True
8eQQ0f7Eo4k,Dhuski vs Sur Henyo,Aspakan 3,2015-10-10,2016-01-04 14:40:35,Dhuski,emcee1,scheduled,appeared,True,True
8eQQ0f7Eo4k,Dhuski vs Sur Henyo,Aspakan 3,2015-10-10,2016-01-04 14:40:35,Sur Henyo,emcee2,scheduled,appeared,True,True
cffBTU2xSO8,EJ Power vs Rich Flo,Aspakan 3,2015-10-10,2016-01-02 10:04:50,EJ Power,emcee1,scheduled,appeared,True,True
cffBTU2xSO8,EJ Power vs Rich Flo,Aspakan 3,2015-10-10,2016-01-02 10:04:50,Rich Flo,emcee2,scheduled,appeared,True,True
vbFHdcAOUQI,KJap vs Invictus,Aspakan 3,2015-10-10,2015-12-30 09:43:37,KJap,emcee1,scheduled,appeared,True,True
vbFHdcAOUQI,KJap vs Invictus,Aspakan 3,2015-10-10,2015-12-30 09:43:37,Invictus,emcee2,scheduled,appeared,True,True
2YZeen-wrTU,El Quiel vs Twister,Aspakan 3,2015-10-10,2015-12-30 09:30:54,El Quiel,emcee1,scheduled,appeared,True,True
2YZeen-wrTU,El Quiel vs Twister,Aspakan 3,2015-10-10,2015-12-30 09:30:54,Twister,emcee2,scheduled,appeared,True,True
xki1k_yS_jE,LilJohn vs Mocks Wun,Aspakan 3,2015-10-10,2015-12-28 10:52:47,LilJohn,emcee1,scheduled,appeared,True,True
xki1k_yS_jE,LilJohn vs Mocks Wun,Aspakan 3,2015-10-10,2015-12-28 10:52:47,Mocks Wun,emcee2,scheduled,appeared,True,True
gb3Kh_rSbco,Poison13 vs Rentao,Aspakan 3,2015-10-10,2015-12-27 13:00:06,Poison13,emcee1,scheduled,appeared,True,True
gb3Kh_rSbco,Poison13 vs Rentao,Aspakan 3,2015-10-10,2015-12-27 13:00:06,Rentao,emcee2,scheduled,appeared,True,True
2qp3PpMBv-o,Thike vs AKT,Aspakan 3,2015-10-10,2015-12-09 10:54:54,Thike,emcee1,scheduled,appeared,True,True
2qp3PpMBv-o,Thike vs AKT,Aspakan 3,2015-10-10,2015-12-09 10:54:54,AKT,emcee2,scheduled,appeared,True,True
9HYCWMi3aFg,Tipsy D vs Sayadd,Aspakan 3,2015-10-10,2015-12-06 08:30:11,Tipsy D,emcee1,scheduled,appeared,True,True
9HYCWMi3aFg,Tipsy D vs Sayadd,Aspakan 3,2015-10-10,2015-12-06 08:30:11,Sayadd,emcee2,scheduled,appeared,True,True
cqM5xREWYmU,Prosecutor Billy vs J-King,Aspakan 3,2015-10-10,2015-12-05 10:19:56,Prosecutor Billy,emcee1,scheduled,appeared,True,True
cqM5xREWYmU,Prosecutor Billy vs J-King,Aspakan 3,2015-10-10,2015-12-05 10:19:56,J-King,emcee2,scheduled,appeared,True,True
nifdkNZFp_E,Cerberus vs Lanzeta,Aspakan 3,2015-10-10,2015-12-02 10:51:15,Cerberus,emcee1,scheduled,appeared,True,True
nifdkNZFp_E,Cerberus vs Lanzeta,Aspakan 3,2015-10-10,2015-12-02 10:51:15,Lanzeta,emcee2,scheduled,appeared,True,True
f6xKMWLHy-Y,Badang vs Romano,Aspakan 3,2015-10-10,2015-11-23 10:46:14,Badang,emcee1,scheduled,appeared,True,True
f6xKMWLHy-Y,Badang vs Romano,Aspakan 3,2015-10-10,2015-11-23 10:46:14,Romano,emcee2,scheduled,appeared,True,True
1ZTZoVklqCk,Plazma vs Omar Baliw,Unibersikulo 3,2015-09-12,2015-11-19 10:14:53,Plazma,emcee1,scheduled,appeared,True,True
1ZTZoVklqCk,Plazma vs Omar Baliw,Unibersikulo 3,2015-09-12,2015-11-19 10:14:53,Omar Baliw,emcee2,scheduled,appeared,True,True
e6uzjTULlrA,Target vs Apoc,Unibersikulo 3,2015-09-12,2015-11-15 12:41:01,Target,emcee1,scheduled,appeared,True,True
e6uzjTULlrA,Target vs Apoc,Unibersikulo 3,2015-09-12,2015-11-15 12:41:01,Apoc,emcee2,scheduled,appeared,True,True
wnvhNAl4zqs,Dello vs Romano,Unibersikulo 3,2015-09-12,2015-11-12 12:05:23,Dello,emcee1,scheduled,appeared,True,True
wnvhNAl4zqs,Dello vs Romano,Unibersikulo 3,2015-09-12,2015-11-12 12:05:23,Romano,emcee2,scheduled,appeared,True,True
SxTO7mRqVOE,Zaito vs Elbiz,Unibersikulo 3,2015-09-12,2015-11-04 11:07:48,Zaito,emcee1,scheduled,appeared,True,True
SxTO7mRqVOE,Zaito vs Elbiz,Unibersikulo 3,2015-09-12,2015-11-04 11:07:48,Elbiz,emcee2,scheduled,appeared,True,True
LAipw_BNi24,Sinio vs Flict-G,Unibersikulo 3,2015-09-12,2015-11-01 12:40:27,Sinio,emcee1,scheduled,appeared,True,True
LAipw_BNi24,Sinio vs Flict-G,Unibersikulo 3,2015-09-12,2015-11-01 12:40:27,Flict-G,emcee2,scheduled,appeared,True,True
SGfCoop7PWs,Abra vs PriceTagg,Unibersikulo 3,2015-09-12,2015-10-29 11:07:26,Abra,emcee1,scheduled,appeared,True,True
SGfCoop7PWs,Abra vs PriceTagg,Unibersikulo 3,2015-09-12,2015-10-29 11:07:26,PriceTagg,emcee2,scheduled,appeared,True,True
0Cf65PjHm84,Batas vs Shernan,Unibersikulo 3,2015-09-12,2015-10-26 10:01:01,Batas,emcee1,scheduled,appeared,True,True
0Cf65PjHm84,Batas vs Shernan,Unibersikulo 3,2015-09-12,2015-10-26 10:01:01,Shernan,emcee2,scheduled,appeared,True,True
J3joAazL0F4,Mackata vs Zeus,Gubat 3,2015-07-04,2015-08-23 09:47:24,Mackata,emcee1,scheduled,appeared,True,True
J3joAazL0F4,Mackata vs Zeus,Gubat 3,2015-07-04,2015-08-23 09:47:24,Zeus,emcee2,scheduled,appeared,True,True
Um2XyeCDEew,Makii vs Fongger,Gubat 3,2015-07-04,2015-08-19 11:09:15,Makii,emcee1,scheduled,appeared,True,True
Um2XyeCDEew,Makii vs Fongger,Gubat 3,2015-07-04,2015-08-19 11:09:15,Fongger,emcee2,scheduled,no_show,False,False
Um2XyeCDEew,Makii vs Fongger,Gubat 3,2015-07-04,2015-08-19 11:09:15,Aelekz,helper,helper,appeared,True,False
OxS28uUWZrM,Fangs vs Range,Gubat 3,2015-07-04,2015-08-15 13:03:24,Fangs,emcee1,scheduled,appeared,True,True
OxS28uUWZrM,Fangs vs Range,Gubat 3,2015-07-04,2015-08-15 13:03:24,Range,emcee2,scheduled,appeared,True,True
cUCqeBUh2JM,SinCity vs Ice Bergg,Gubat 3,2015-07-04,2015-08-12 11:37:30,SinCity,emcee1,scheduled,appeared,True,True
cUCqeBUh2JM,SinCity vs Ice Bergg,Gubat 3,2015-07-04,2015-08-12 11:37:30,Ice Bergg,emcee2,scheduled,appeared,True,True
Vz5SzkRo5Fc,M Zhayt vs Kregga,Gubat 3,2015-07-04,2015-08-05 09:46:22,M Zhayt,emcee1,scheduled,appeared,True,True
Vz5SzkRo5Fc,M Zhayt vs Kregga,Gubat 3,2015-07-04,2015-08-05 09:46:22,Kregga,emcee2,scheduled,appeared,True,True
5mYgPAwGqf8,Rapido vs Asser,Gubat 3,2015-07-04,2015-07-31 10:42:35,Rapido,emcee1,scheduled,appeared,True,True
5mYgPAwGqf8,Rapido vs Asser,Gubat 3,2015-07-04,2015-07-31 10:42:35,Asser,emcee2,scheduled,appeared,True,True
MsXnLddzvRs,Sinio vs Frooz,Bwelta Balentong 2,2015-05-30,2015-07-18 12:22:17,Sinio,emcee1,scheduled,appeared,True,True
MsXnLddzvRs,Sinio vs Frooz,Bwelta Balentong 2,2015-05-30,2015-07-18 12:22:17,Frooz,emcee2,scheduled,appeared,True,True
7QnkH5vCGwQ,Pistolero vs Romano,Bwelta Balentong 2,2015-05-30,2015-07-16 12:06:34,Pistolero,emcee1,scheduled,appeared,True,True
7QnkH5vCGwQ,Pistolero vs Romano,Bwelta Balentong 2,2015-05-30,2015-07-16 12:06:34,Romano,emcee2,scheduled,appeared,True,True
769OqI16Hhg,Dello vs Sak Maestro,Bwelta Balentong 2,2015-05-30,2015-07-12 13:05:13,Dello,emcee1,scheduled,appeared,True,True
769OqI16Hhg,Dello vs Sak Maestro,Bwelta Balentong 2,2015-05-30,2015-07-12 13:05:13,Sak Maestro,emcee2,scheduled,appeared,True,True
ksVYzeMPeCU,BLKD vs Shernan,Bwelta Balentong 2,2015-05-30,2015-07-04 11:53:08,BLKD,emcee1,scheduled,appeared,True,True
ksVYzeMPeCU,BLKD vs Shernan,Bwelta Balentong 2,2015-05-30,2015-07-04 11:53:08,Shernan,emcee2,scheduled,appeared,True,True
WGbHppei6ig,Batas vs Sayadd,Bwelta Balentong 2,2015-05-30,2015-07-01 10:39:36,Batas,emcee1,scheduled,appeared,True,True
WGbHppei6ig,Batas vs Sayadd,Bwelta Balentong 2,2015-05-30,2015-07-01 10:39:36,Sayadd,emcee2,scheduled,appeared,True,True
f-AchBC5eNM,Left Eye Blind vs Nerd Skillz,Second Sight 3,2015-03-13,2015-06-19 17:08:44,Left Eye Blind,emcee1,scheduled,appeared,True,True
f-AchBC5eNM,Left Eye Blind vs Nerd Skillz,Second Sight 3,2015-03-13,2015-06-19 17:08:44,Nerd Skillz,emcee2,scheduled,appeared,True,True
mJ3WBQYM4hI,G-Clown vs LilJohn,Second Sight 3,2015-03-13,2015-06-12 12:39:21,G-Clown,emcee1,scheduled,appeared,True,True
mJ3WBQYM4hI,G-Clown vs LilJohn,Second Sight 3,2015-03-13,2015-06-12 12:39:21,LilJohn,emcee2,scheduled,appeared,True,True
sq4I2KMWcfk,Ilaya vs Kial,Second Sight 3,2015-03-13,2015-06-10 11:12:54,Ilaya,emcee1,scheduled,appeared,True,True
sq4I2KMWcfk,Ilaya vs Kial,Second Sight 3,2015-03-13,2015-06-10 11:12:54,Kial,emcee2,scheduled,appeared,True,True
fzJ2qunagog,Shehyee vs Pistolero,Second Sight 3,2015-03-13,2015-05-28 13:56:17,Shehyee,emcee1,scheduled,appeared,True,True
fzJ2qunagog,Shehyee vs Pistolero,Second Sight 3,2015-03-13,2015-05-28 13:56:17,Pistolero,emcee2,scheduled,appeared,True,True
_V9UVeo2zDo,Sayadd vs Kregga,Second Sight 3,2015-03-13,2015-05-28 13:18:17,Sayadd,emcee1,scheduled,appeared,True,True
_V9UVeo2zDo,Sayadd vs Kregga,Second Sight 3,2015-03-13,2015-05-28 13:18:17,Kregga,emcee2,scheduled,appeared,True,True
pib1VW3SELA,Sak Maestro vs Fongger,Second Sight 3,2015-03-13,2015-05-25 11:19:44,Sak Maestro,emcee1,scheduled,appeared,True,True
pib1VW3SELA,Sak Maestro vs Fongger,Second Sight 3,2015-03-13,2015-05-25 11:19:44,Fongger,emcee2,scheduled,no_show,False,False
pib1VW3SELA,Sak Maestro vs Fongger,Second Sight 3,2015-03-13,2015-05-25 11:19:44,Zaito,helper,helper,appeared,True,False
PwTaeH0V--4,BLKD vs Thike,Second Sight 3,2015-03-13,2015-05-22 10:38:37,BLKD,emcee1,scheduled,appeared,True,True
PwTaeH0V--4,BLKD vs Thike,Second Sight 3,2015-03-13,2015-05-22 10:38:37,Thike,emcee2,scheduled,appeared,True,True
BvFp_-EBK_o,Plazma vs Troublesome,Grain Assault 6,2015-02-07,2015-05-18 11:01:34,Plazma,emcee1,scheduled,appeared,True,True
BvFp_-EBK_o,Plazma vs Troublesome,Grain Assault 6,2015-02-07,2015-05-18 11:01:34,Troublesome,emcee2,scheduled,appeared,True,True
mggK8wsLYCQ,PriceTagg vs Righteous One,Grain Assault 6,2015-02-07,2015-05-14 12:47:34,PriceTagg,emcee1,scheduled,appeared,True,True
mggK8wsLYCQ,PriceTagg vs Righteous One,Grain Assault 6,2015-02-07,2015-05-14 12:47:34,Righteous One,emcee2,scheduled,appeared,True,True
eTrp2cPm5z0,Target vs Zero Hour,Grain Assault 6,2015-02-07,2015-05-10 10:24:15,Target,emcee1,scheduled,appeared,True,True
eTrp2cPm5z0,Target vs Zero Hour,Grain Assault 6,2015-02-07,2015-05-10 10:24:15,Zero Hour,emcee2,scheduled,appeared,True,True
ftpO4-VV0Wg,M Zhayt vs Romano,Grain Assault 6,2015-02-07,2015-05-07 13:25:12,M Zhayt,emcee1,scheduled,appeared,True,True
ftpO4-VV0Wg,M Zhayt vs Romano,Grain Assault 6,2015-02-07,2015-05-07 13:25:12,Romano,emcee2,scheduled,appeared,True,True
KmCkQEkeVn8,Rapido vs Shernan,Grain Assault 6,2015-02-07,2015-05-01 10:04:23,Rapido,emcee1,scheduled,appeared,True,True
KmCkQEkeVn8,Rapido vs Shernan,Grain Assault 6,2015-02-07,2015-05-01 10:04:23,Shernan,emcee2,scheduled,appeared,True,True
r7IswnOaSA4,Batas vs Andy G,Grain Assault 6,2015-02-07,2015-04-25 12:17:39,Batas,emcee1,scheduled,appeared,True,True
r7IswnOaSA4,Batas vs Andy G,Grain Assault 6,2015-02-07,2015-04-25 12:17:39,Andy G,emcee2,scheduled,appeared,True,True
9OYcH1Om_0s,Dello vs Badang,Grain Assault 6,2015-02-07,2015-04-19 04:53:04,Dello,emcee1,scheduled,appeared,True,True
9OYcH1Om_0s,Dello vs Badang,Grain Assault 6,2015-02-07,2015-04-19 04:53:04,Badang,emcee2,scheduled,appeared,True,True
mZFdsaOIajM,Nikki vs Ejo,Ahon 5,2014-12-20,2015-04-13 13:27:24,Nikki,emcee1,scheduled,appeared,True,True
mZFdsaOIajM,Nikki vs Ejo,Ahon 5,2014-12-20,2015-04-13 13:27:24,Ejo,emcee2,scheduled,appeared,True,True
GbM67NUZWRA,Omar Baliw vs Cool Kidd,Ahon 5,2014-12-20,2015-04-13 13:13:26,Omar Baliw,emcee1,scheduled,appeared,True,True
GbM67NUZWRA,Omar Baliw vs Cool Kidd,Ahon 5,2014-12-20,2015-04-13 13:13:26,Cool Kidd,emcee2,scheduled,appeared,True,True
QRpwMRlbtNU,Thike vs LilJohn,Ahon 5,2014-12-19,2015-04-13 12:46:04,Thike,emcee1,scheduled,appeared,True,True
QRpwMRlbtNU,Thike vs LilJohn,Ahon 5,2014-12-19,2015-04-13 12:46:04,LilJohn,emcee2,scheduled,appeared,True,True
H5H4gXLOZno,Shernan vs Fongger,Ahon 5,2014-12-19,2015-04-09 10:52:09,Shernan,emcee1,scheduled,appeared,True,True
H5H4gXLOZno,Shernan vs Fongger,Ahon 5,2014-12-19,2015-04-09 10:52:09,Fongger,emcee2,scheduled,appeared,True,True
oD5ywOPBnaE,Elbiz vs Andy G,Ahon 5,2014-12-19,2015-04-09 10:22:58,Elbiz,emcee1,scheduled,appeared,True,True
oD5ywOPBnaE,Elbiz vs Andy G,Ahon 5,2014-12-19,2015-04-09 10:22:58,Andy G,emcee2,scheduled,appeared,True,True
f6zcSqVbxAI,Romano vs Makii,Ahon 5,2014-12-20,2015-04-05 08:14:15,Romano,emcee1,scheduled,appeared,True,True
f6zcSqVbxAI,Romano vs Makii,Ahon 5,2014-12-20,2015-04-05 08:14:15,Makii,emcee2,scheduled,appeared,True,True
QlmLXBvMJFI,Flict-G vs Badang,Ahon 5,2014-12-19,2015-03-31 10:11:28,Flict-G,emcee1,scheduled,appeared,True,True
QlmLXBvMJFI,Flict-G vs Badang,Ahon 5,2014-12-19,2015-03-31 10:11:28,Badang,emcee2,scheduled,appeared,True,True
v-OWCCqwGyM,Crazymix vs Damsa,Ahon 5,2014-12-20,2015-03-24 10:11:32,Crazymix,emcee1,scheduled,appeared,True,True
v-OWCCqwGyM,Crazymix vs Damsa,Ahon 5,2014-12-20,2015-03-24 10:11:32,Damsa,emcee2,scheduled,appeared,True,True
akxTbU1qwRs,Hearty vs Righteous One,Ahon 5,2014-12-20,2015-03-20 04:53:49,Hearty,emcee1,scheduled,appeared,True,True
akxTbU1qwRs,Hearty vs Righteous One,Ahon 5,2014-12-20,2015-03-20 04:53:49,Righteous One,emcee2,scheduled,appeared,True,True
Al5apOaya2Y,Pistolero vs Kregga,Ahon 5,2014-12-19,2015-03-12 11:56:57,Pistolero,emcee1,scheduled,appeared,True,True
Al5apOaya2Y,Pistolero vs Kregga,Ahon 5,2014-12-19,2015-03-12 11:56:57,Kregga,emcee2,scheduled,appeared,True,True
zAR8BM4JXcI,M Zhayt vs Asser,Ahon 5,2014-12-20,2015-03-09 16:13:39,M Zhayt,emcee1,scheduled,appeared,True,True
zAR8BM4JXcI,M Zhayt vs Asser,Ahon 5,2014-12-20,2015-03-09 16:13:39,Asser,emcee2,scheduled,appeared,True,True
n0ltrzxrWPQ,Tipsy D vs J-Skeelz,Ahon 5,2014-12-20,2015-03-04 14:22:58,Tipsy D,emcee1,scheduled,appeared,True,True
n0ltrzxrWPQ,Tipsy D vs J-Skeelz,Ahon 5,2014-12-20,2015-03-04 14:22:58,J-Skeelz,emcee2,scheduled,appeared,True,True
3yHJfcQT57E,Frooz vs PriceTagg,Ahon 5,2014-12-19,2015-02-26 10:51:52,Frooz,emcee1,scheduled,appeared,True,True
3yHJfcQT57E,Frooz vs PriceTagg,Ahon 5,2014-12-19,2015-02-26 10:51:52,PriceTagg,emcee2,scheduled,appeared,True,True
S87qsJZzGR0,Sinio vs Sak Maestro,Ahon 5,2014-12-20,2015-02-22 22:06:56,Sinio,emcee1,scheduled,appeared,True,True
S87qsJZzGR0,Sinio vs Sak Maestro,Ahon 5,2014-12-20,2015-02-22 22:06:56,Sak Maestro,emcee2,scheduled,appeared,True,True
B5XC3V3VqXQ,Smugglaz vs Zaito,Ahon 5,2014-12-19,2015-02-19 10:58:54,Smugglaz,emcee1,scheduled,appeared,True,True
B5XC3V3VqXQ,Smugglaz vs Zaito,Ahon 5,2014-12-19,2015-02-19 10:58:54,Zaito,emcee2,scheduled,appeared,True,True
x0fnpDyVm9s,Loonie vs Aklas,Ahon 5,2014-12-20,2015-02-15 08:27:56,Loonie,emcee1,scheduled,appeared,True,True
x0fnpDyVm9s,Loonie vs Aklas,Ahon 5,2014-12-20,2015-02-15 08:27:56,Aklas,emcee2,scheduled,appeared,True,True
E96ewuV_aL8,Batas vs Melchrist,Ahon 5,2014-12-19,2015-02-12 10:54:37,Batas,emcee1,scheduled,appeared,True,True
E96ewuV_aL8,Batas vs Melchrist,Ahon 5,2014-12-19,2015-02-12 10:54:37,Melchrist,emcee2,scheduled,appeared,True,True
aSz8tjCaycs,Kregga vs Nikki,Uprising in Davao,2014-11-23,2015-02-05 11:11:31,Kregga,emcee1,scheduled,appeared,True,True
aSz8tjCaycs,Kregga vs Nikki,Uprising in Davao,2014-11-23,2015-02-05 11:11:31,Nikki,emcee2,scheduled,appeared,True,True
DGriYX8qMgo,Batang Rebelde vs LilJohn,Zoning Semifinals,2014-11-08,2015-02-01 07:56:48,Batang Rebelde,emcee1,scheduled,appeared,True,True
DGriYX8qMgo,Batang Rebelde vs LilJohn,Zoning Semifinals,2014-11-08,2015-02-01 07:56:48,LilJohn,emcee2,scheduled,appeared,True,True
clgw5UsdEfM,Damsa vs Pistolero,Zoning Semifinals,2014-11-08,2015-01-28 12:11:52,Damsa,emcee1,scheduled,appeared,True,True
clgw5UsdEfM,Damsa vs Pistolero,Zoning Semifinals,2014-11-08,2015-01-28 12:11:52,Pistolero,emcee2,scheduled,appeared,True,True
sJtyWySyg3M,Romano vs Cerberus,Zoning Semifinals,2014-11-08,2015-01-28 11:29:35,Romano,emcee1,scheduled,appeared,True,True
sJtyWySyg3M,Romano vs Cerberus,Zoning Semifinals,2014-11-08,2015-01-28 11:29:35,Cerberus,emcee2,scheduled,appeared,True,True
G3yYUEsmCDs,Melchrist vs Kris Delano,Zoning Semifinals,2014-11-08,2015-01-26 13:09:10,Melchrist,emcee1,scheduled,appeared,True,True
G3yYUEsmCDs,Melchrist vs Kris Delano,Zoning Semifinals,2014-11-08,2015-01-26 13:09:10,Kris Delano,emcee2,scheduled,appeared,True,True
6ZEBxLxg4TE,Batas vs Rapido,Zoning Semifinals,2014-11-08,2015-01-25 11:40:56,Batas,emcee1,scheduled,appeared,True,True
6ZEBxLxg4TE,Batas vs Rapido,Zoning Semifinals,2014-11-08,2015-01-25 11:40:56,Rapido,emcee2,scheduled,appeared,True,True
odPvGpKNB_8,Range vs Zeus,Gubat 2,2014-10-18,2015-01-22 10:02:03,Range,emcee1,scheduled,appeared,True,True
odPvGpKNB_8,Range vs Zeus,Gubat 2,2014-10-18,2015-01-22 10:02:03,Zeus,emcee2,scheduled,appeared,True,True
1xv3-I5Rmc4,Fangs vs Mackata,Gubat 2,2014-10-18,2015-01-21 15:03:16,Fangs,emcee1,scheduled,appeared,True,True
1xv3-I5Rmc4,Fangs vs Mackata,Gubat 2,2014-10-18,2015-01-21 15:03:16,Mackata,emcee2,scheduled,appeared,True,True
fQQR6YN9_vY,Cool Kidd vs Aelekz,Gubat 2,2014-10-18,2015-01-18 14:27:24,Cool Kidd,emcee1,scheduled,appeared,True,True
fQQR6YN9_vY,Cool Kidd vs Aelekz,Gubat 2,2014-10-18,2015-01-18 14:27:24,Aelekz,emcee2,scheduled,appeared,True,True
2nM5-LeGZKA,Blackleaf vs Makii,Gubat 2,2014-10-18,2015-01-18 13:57:40,Blackleaf,emcee1,scheduled,appeared,True,True
2nM5-LeGZKA,Blackleaf vs Makii,Gubat 2,2014-10-18,2015-01-18 13:57:40,Makii,emcee2,scheduled,appeared,True,True
O3_GKWB8tj0,Sak Maestro vs Ice Bergg,Gubat 2,2014-10-18,2015-01-14 14:45:03,Sak Maestro,emcee1,scheduled,appeared,True,True
O3_GKWB8tj0,Sak Maestro vs Ice Bergg,Gubat 2,2014-10-18,2015-01-14 14:45:03,Ice Bergg,emcee2,scheduled,appeared,True,True
LYuhXYX6P7w,Aklas vs Tweng,Gubat 2,2014-10-18,2014-12-13 11:03:34,Aklas,emcee1,scheduled,appeared,True,True
LYuhXYX6P7w,Aklas vs Tweng,Gubat 2,2014-10-18,2014-12-13 11:03:34,Tweng,emcee2,scheduled,appeared,True,True
xC70a4W3SCc,Andy G vs Fongger,Gubat 2,2014-10-18,2014-12-10 10:14:17,Andy G,emcee1,scheduled,appeared,True,True
xC70a4W3SCc,Andy G vs Fongger,Gubat 2,2014-10-18,2014-12-10 10:14:17,Fongger,emcee2,scheduled,appeared,True,True
1xdwg-Y170U,Asser vs Goriong Talas,Gubat 2,2014-10-18,2014-12-05 10:46:50,Asser,emcee1,scheduled,appeared,True,True
1xdwg-Y170U,Asser vs Goriong Talas,Gubat 2,2014-10-18,2014-12-05 10:46:50,Goriong Talas,emcee2,scheduled,appeared,True,True
0ALUCCfv4hw,M Zhayt vs Damsa,Zoning Quarter Finals,2014-08-30,2014-11-26 12:26:31,M Zhayt,emcee1,scheduled,appeared,True,True
0ALUCCfv4hw,M Zhayt vs Damsa,Zoning Quarter Finals,2014-08-30,2014-11-26 12:26:31,Damsa,emcee2,scheduled,appeared,True,True
T2L1xXaP8NI,Thike vs Badang,Zoning Quarter Finals,2014-08-30,2014-11-20 09:08:17,Thike,emcee1,scheduled,appeared,True,True
T2L1xXaP8NI,Thike vs Badang,Zoning Quarter Finals,2014-08-30,2014-11-20 09:08:17,Badang,emcee2,scheduled,appeared,True,True
IQtPpzerEUw,Omar Baliw vs Left Eye Blind,Zoning Quarter Finals,2014-08-30,2014-11-16 14:18:57,Omar Baliw,emcee1,scheduled,appeared,True,True
IQtPpzerEUw,Omar Baliw vs Left Eye Blind,Zoning Quarter Finals,2014-08-30,2014-11-16 14:18:57,Left Eye Blind,emcee2,scheduled,appeared,True,True
0vJSKdQxlZw,Elbiz vs LilJohn,Zoning Quarter Finals,2014-08-30,2014-11-12 11:20:07,Elbiz,emcee1,scheduled,appeared,True,True
0vJSKdQxlZw,Elbiz vs LilJohn,Zoning Quarter Finals,2014-08-30,2014-11-12 11:20:07,LilJohn,emcee2,scheduled,appeared,True,True
7zTePLcK0gE,Kris Delano vs Prosecutor Billy,Zoning Quarter Finals,2014-08-30,2014-11-07 10:54:25,Kris Delano,emcee1,scheduled,appeared,True,True
7zTePLcK0gE,Kris Delano vs Prosecutor Billy,Zoning Quarter Finals,2014-08-30,2014-11-07 10:54:25,Prosecutor Billy,emcee2,scheduled,appeared,True,True
wkxxY43BrMo,Batas vs Rudic,Zoning Quarter Finals,2014-08-30,2014-11-07 10:54:25,Batas,emcee1,scheduled,appeared,True,True
wkxxY43BrMo,Batas vs Rudic,Zoning Quarter Finals,2014-08-30,2014-11-07 10:54:25,Rudic,emcee2,scheduled,appeared,True,True
Qj1eJV9m7lc,Asero vs Jaffie,Aspakan 2,2014-07-19,2014-11-03 02:16:19,Asero,emcee1,scheduled,appeared,True,True
Qj1eJV9m7lc,Asero vs Jaffie,Aspakan 2,2014-07-19,2014-11-03 02:16:19,Jaffie,emcee2,scheduled,appeared,True,True
lq_1doRWQhM,Romano vs Harvey,Aspakan 2,2014-07-19,2014-11-03 02:16:10,Romano,emcee1,scheduled,appeared,True,True
lq_1doRWQhM,Romano vs Harvey,Aspakan 2,2014-07-19,2014-11-03 02:16:10,Harvey,emcee2,scheduled,appeared,True,True
MJ3FvP8rMYM,Cerberus vs Sayantipiko,Aspakan 2,2014-07-19,2014-10-30 10:49:42,Cerberus,emcee1,scheduled,appeared,True,True
MJ3FvP8rMYM,Cerberus vs Sayantipiko,Aspakan 2,2014-07-19,2014-10-30 10:49:42,Sayantipiko,emcee2,scheduled,appeared,True,True
khpGSHEolQE,Shernan vs Mocks Wun,Aspakan 2,2014-07-19,2014-10-26 10:12:22,Shernan,emcee1,scheduled,appeared,True,True
khpGSHEolQE,Shernan vs Mocks Wun,Aspakan 2,2014-07-19,2014-10-26 10:12:22,Mocks Wun,emcee2,scheduled,appeared,True,True
2iPWsmUjyTI,Kris Delano vs AKT,Aspakan 2,2014-07-19,2014-10-22 16:16:00,Kris Delano,emcee1,scheduled,appeared,True,True
2iPWsmUjyTI,Kris Delano vs AKT,Aspakan 2,2014-07-19,2014-10-22 16:16:00,AKT,emcee2,scheduled,appeared,True,True
EWSdR5xgnpM,Frooz vs Third D,Aspakan 2,2014-07-19,2014-10-11 11:01:09,Frooz,emcee1,scheduled,appeared,True,True
EWSdR5xgnpM,Frooz vs Third D,Aspakan 2,2014-07-19,2014-10-11 11:01:09,Third D,emcee2,scheduled,appeared,True,True
IH0zJBb9drM,M Zhayt vs Pistolero,Aspakan 2,2014-07-19,2014-10-07 11:01:14,M Zhayt,emcee1,scheduled,appeared,True,True
IH0zJBb9drM,M Zhayt vs Pistolero,Aspakan 2,2014-07-19,2014-10-07 11:01:14,Pistolero,emcee2,scheduled,appeared,True,True
pVY-2Fqdum0,Tipsy D vs Sinio,Aspakan 2,2014-07-19,2014-10-03 10:00:42,Tipsy D,emcee1,scheduled,appeared,True,True
pVY-2Fqdum0,Tipsy D vs Sinio,Aspakan 2,2014-07-19,2014-10-03 10:00:42,Sinio,emcee2,scheduled,appeared,True,True
x5_EErMbcqw,LilJohn vs Damsa,Kataga 2,2014-06-28,2014-09-27 16:05:32,LilJohn,emcee1,scheduled,appeared,True,True
x5_EErMbcqw,LilJohn vs Damsa,Kataga 2,2014-06-28,2014-09-27 16:05:32,Damsa,emcee2,scheduled,appeared,True,True
pUqNl9LWwhw,Bogchick vs J-Lem,Kataga 2,2014-06-28,2014-09-24 12:19:48,Bogchick,emcee1,scheduled,appeared,True,True
pUqNl9LWwhw,Bogchick vs J-Lem,Kataga 2,2014-06-28,2014-09-24 12:19:48,J-Lem,emcee2,scheduled,appeared,True,True
uLK1jkXal1A,Omar Baliw vs K-Vill,Kataga 2,2014-06-28,2014-09-24 12:02:13,Omar Baliw,emcee1,scheduled,appeared,True,True
uLK1jkXal1A,Omar Baliw vs K-Vill,Kataga 2,2014-06-28,2014-09-24 12:02:13,K-Vill,emcee2,scheduled,appeared,True,True
dwvOj-nrzPs,Nerd Skillz vs Hazky,Kataga 2,2014-06-28,2014-09-21 13:02:01,Nerd Skillz,emcee1,scheduled,appeared,True,True
dwvOj-nrzPs,Nerd Skillz vs Hazky,Kataga 2,2014-06-28,2014-09-21 13:02:01,Hazky,emcee2,scheduled,appeared,True,True
QWH29MmaRQ8,Batang Rebelde vs G-Clown,Kataga 2,2014-06-28,2014-09-18 12:50:22,Batang Rebelde,emcee1,scheduled,appeared,True,True
QWH29MmaRQ8,Batang Rebelde vs G-Clown,Kataga 2,2014-06-28,2014-09-18 12:50:22,G-Clown,emcee2,scheduled,appeared,True,True
tw6xr3BDP-k,Thike vs Icaruz,Kataga 2,2014-06-28,2014-09-15 10:49:48,Thike,emcee1,scheduled,appeared,True,True
tw6xr3BDP-k,Thike vs Icaruz,Kataga 2,2014-06-28,2014-09-15 10:49:48,Icaruz,emcee2,scheduled,appeared,True,True
bhSOKoiEWZg,Rapido vs Hizuka,Kataga 2,2014-06-28,2014-09-12 09:31:07,Rapido,emcee1,scheduled,appeared,True,True
bhSOKoiEWZg,Rapido vs Hizuka,Kataga 2,2014-06-28,2014-09-12 09:31:07,Hizuka,emcee2,scheduled,appeared,True,True
xM5Z_AQzo5Y,Andy G vs Badang,Kataga 2,2014-06-28,2014-09-05 11:48:21,Andy G,emcee1,scheduled,appeared,True,True
xM5Z_AQzo5Y,Andy G vs Badang,Kataga 2,2014-06-28,2014-09-05 11:48:21,Badang,emcee2,scheduled,appeared,True,True
GI7e_lMzigQ,Melchrist vs Elbiz,Kataga 2,2014-06-28,2014-08-28 09:56:36,Melchrist,emcee1,scheduled,appeared,True,True
GI7e_lMzigQ,Melchrist vs Elbiz,Kataga 2,2014-06-28,2014-08-28 09:56:36,Elbiz,emcee2,scheduled,appeared,True,True
w-stMqCduMg,Hizuka vs Silent Effect,Oro/Mata,2014-05-09,2014-08-14 11:54:59,Hizuka,emcee1,scheduled,appeared,True,True
w-stMqCduMg,Hizuka vs Silent Effect,Oro/Mata,2014-05-09,2014-08-14 11:54:59,Silent Effect,emcee2,scheduled,appeared,True,True
eG96pPRwD2Y,G-Clown vs Kregga,Oro/Mata,2014-05-09,2014-08-11 13:38:19,G-Clown,emcee1,scheduled,appeared,True,True
eG96pPRwD2Y,G-Clown vs Kregga,Oro/Mata,2014-05-09,2014-08-11 13:38:19,Kregga,emcee2,scheduled,appeared,True,True
jhdocKYN07s,Rudic vs Nikki,Oro/Mata,2014-05-09,2014-08-06 09:48:17,Rudic,emcee1,scheduled,appeared,True,True
jhdocKYN07s,Rudic vs Nikki,Oro/Mata,2014-05-09,2014-08-06 09:48:17,Nikki,emcee2,scheduled,appeared,True,True
dxZ2UoKharc,Apoc vs Zero Hour,Oro/Mata,2014-05-09,2014-08-02 12:22:48,Apoc,emcee1,scheduled,appeared,True,True
dxZ2UoKharc,Apoc vs Zero Hour,Oro/Mata,2014-05-09,2014-08-02 12:22:48,Zero Hour,emcee2,scheduled,appeared,True,True
3Vwg12bn99E,Sak Maestro vs Sayadd,Oro/Mata,2014-05-09,2014-07-30 10:16:18,Sak Maestro,emcee1,scheduled,appeared,True,True
3Vwg12bn99E,Sak Maestro vs Sayadd,Oro/Mata,2014-05-09,2014-07-30 10:16:18,Sayadd,emcee2,scheduled,appeared,True,True
Y6vjhLIAWVc,Batas vs Dopee,Oro/Mata,2014-05-09,2014-07-26 09:28:53,Batas,emcee1,scheduled,appeared,True,True
Y6vjhLIAWVc,Batas vs Dopee,Oro/Mata,2014-05-09,2014-07-26 09:28:53,Dopee,emcee2,scheduled,appeared,True,True
kSaHstqhkX0,Sinio vs G-Spot,Oro/Mata,2014-05-09,2014-07-22 07:12:46,Sinio,emcee1,scheduled,appeared,True,True
kSaHstqhkX0,Sinio vs G-Spot,Oro/Mata,2014-05-09,2014-07-22 07:12:46,G-Spot,emcee2,scheduled,appeared,True,True
PBbDG-XPsNM,Mackata vs W Beat,Gubat,2014-04-25,2014-07-09 10:45:36,Mackata,emcee1,scheduled,appeared,True,True
PBbDG-XPsNM,Mackata vs W Beat,Gubat,2014-04-25,2014-07-09 10:45:36,W Beat,emcee2,scheduled,appeared,True,True
w8XCtTpakj0,Aelekz vs Range,Gubat,2014-04-25,2014-07-09 10:33:10,Aelekz,emcee1,scheduled,appeared,True,True
w8XCtTpakj0,Aelekz vs Range,Gubat,2014-04-25,2014-07-09 10:33:10,Range,emcee2,scheduled,appeared,True,True
MKVY095Hkio,Fangs vs Zeus,Gubat,2014-04-25,2014-07-04 09:30:15,Fangs,emcee1,scheduled,appeared,True,True
MKVY095Hkio,Fangs vs Zeus,Gubat,2014-04-25,2014-07-04 09:30:15,Zeus,emcee2,scheduled,appeared,True,True
hhgbmSMzYak,Tweng vs Batang X,Gubat,2014-04-25,2014-06-22 11:29:18,Tweng,emcee1,scheduled,appeared,True,True
hhgbmSMzYak,Tweng vs Batang X,Gubat,2014-04-25,2014-06-22 11:29:18,Batang X,emcee2,scheduled,appeared,True,True
Ghwb72kxCDc,Thike vs Makii,Gubat,2014-04-25,2014-06-19 11:21:45,Thike,emcee1,scheduled,appeared,True,True
Ghwb72kxCDc,Thike vs Makii,Gubat,2014-04-25,2014-06-19 11:21:45,Makii,emcee2,scheduled,appeared,True,True
DxmLSvUn25A,Fongger vs Batang Rebelde,Gubat,2014-04-25,2014-06-14 08:14:05,Fongger,emcee1,scheduled,appeared,True,True
DxmLSvUn25A,Fongger vs Batang Rebelde,Gubat,2014-04-25,2014-06-14 08:14:05,Batang Rebelde,emcee2,scheduled,appeared,True,True
W-w7s55c9z4,Asser vs Ejo,Gubat,2014-04-25,2014-06-11 09:15:49,Asser,emcee1,scheduled,appeared,True,True
W-w7s55c9z4,Asser vs Ejo,Gubat,2014-04-25,2014-06-11 09:15:49,Ejo,emcee2,scheduled,appeared,True,True
YVGlSfmFPzA,Notorious vs Prosecutor Billy,Second Sight 2,2014-04-11,2014-06-04 12:02:09,Notorious,emcee1,scheduled,appeared,True,True
YVGlSfmFPzA,Notorious vs Prosecutor Billy,Second Sight 2,2014-04-11,2014-06-04 12:02:09,Prosecutor Billy,emcee2,scheduled,appeared,True,True
xnrV0vKx9Lw,Elbiz vs Aklas,Second Sight 2,2014-04-11,2014-05-31 11:25:18,Elbiz,emcee1,scheduled,appeared,True,True
xnrV0vKx9Lw,Elbiz vs Aklas,Second Sight 2,2014-04-11,2014-05-31 11:25:18,Aklas,emcee2,scheduled,appeared,True,True
9rjJ6MPp10w,Melchrist vs Maxford,Second Sight 2,2014-04-11,2014-05-28 09:21:03,Melchrist,emcee1,scheduled,appeared,True,True
9rjJ6MPp10w,Melchrist vs Maxford,Second Sight 2,2014-04-11,2014-05-28 09:21:03,Maxford,emcee2,scheduled,appeared,True,True
FZEh1yZiS4c,Ilaya vs Left Eye Blind,Second Sight 2,2014-04-11,2014-05-24 07:33:33,Ilaya,emcee1,scheduled,appeared,True,True
FZEh1yZiS4c,Ilaya vs Left Eye Blind,Second Sight 2,2014-04-11,2014-05-24 07:33:33,Left Eye Blind,emcee2,scheduled,appeared,True,True
a--2Nwm4Wkw,Rapido vs Goriong Talas,Second Sight 2,2014-04-11,2014-05-20 12:10:13,Rapido,emcee1,scheduled,appeared,True,True
a--2Nwm4Wkw,Rapido vs Goriong Talas,Second Sight 2,2014-04-11,2014-05-20 12:10:13,Goriong Talas,emcee2,scheduled,appeared,True,True
-NDBdz_Y2oQ,Shernan vs Pistolero,Second Sight 2,2014-04-11,2014-05-18 06:32:17,Shernan,emcee1,scheduled,appeared,True,True
-NDBdz_Y2oQ,Shernan vs Pistolero,Second Sight 2,2014-04-11,2014-05-18 06:32:17,Pistolero,emcee2,scheduled,appeared,True,True
Q10fQjGC55I,Silencer vs LilJohn,Second Sight 2,2014-04-11,2014-05-13 12:27:38,Silencer,emcee1,scheduled,appeared,True,True
Q10fQjGC55I,Silencer vs LilJohn,Second Sight 2,2014-04-11,2014-05-13 12:27:38,LilJohn,emcee2,scheduled,appeared,True,True
1odPyhj--DE,M Zhayt vs Flipzydot1,Second Sight 2,2014-04-11,2014-05-13 12:03:48,M Zhayt,emcee1,scheduled,appeared,True,True
1odPyhj--DE,M Zhayt vs Flipzydot1,Second Sight 2,2014-04-11,2014-05-13 12:03:48,Flipzydot1,emcee2,scheduled,appeared,True,True
kZ5wejOOawU,Aklas vs AKT,Grain Assault 5,2014-02-07,2014-05-07 10:29:55,Aklas,emcee1,scheduled,appeared,True,True
kZ5wejOOawU,Aklas vs AKT,Grain Assault 5,2014-02-07,2014-05-07 10:29:55,AKT,emcee2,scheduled,appeared,True,True
6AifhCa39w4,Goriong Talas vs Kris Delano,Grain Assault 5,2014-02-07,2014-04-17 08:02:04,Goriong Talas,emcee1,scheduled,appeared,True,True
6AifhCa39w4,Goriong Talas vs Kris Delano,Grain Assault 5,2014-02-07,2014-04-17 08:02:04,Kris Delano,emcee2,scheduled,appeared,True,True
388iaJryNbA,Mocks Wun vs G-Clown,Grain Assault 5,2014-02-07,2014-04-11 06:08:14,Mocks Wun,emcee1,scheduled,appeared,True,True
388iaJryNbA,Mocks Wun vs G-Clown,Grain Assault 5,2014-02-07,2014-04-11 06:08:14,G-Clown,emcee2,scheduled,appeared,True,True
EFYN6wiyMCA,Thike vs Ejo,Grain Assault 5,2014-02-07,2014-04-06 11:22:57,Thike,emcee1,scheduled,appeared,True,True
EFYN6wiyMCA,Thike vs Ejo,Grain Assault 5,2014-02-07,2014-04-06 11:22:57,Ejo,emcee2,scheduled,appeared,True,True
lEJ9DVhqtY0,Aklas vs Batang Rebelde,Grain Assault 5,2014-02-07,2014-04-03 13:04:57,Aklas,emcee1,scheduled,appeared,True,True
lEJ9DVhqtY0,Aklas vs Batang Rebelde,Grain Assault 5,2014-02-07,2014-04-03 13:04:57,Batang Rebelde,emcee2,scheduled,appeared,True,True
iLo6xEvXRRA,Sayadd vs Zero Hour,Grain Assault 5,2014-02-07,2014-03-30 10:24:34,Sayadd,emcee1,scheduled,appeared,True,True
iLo6xEvXRRA,Sayadd vs Zero Hour,Grain Assault 5,2014-02-07,2014-03-30 10:24:34,Zero Hour,emcee2,scheduled,appeared,True,True
gZ1B7eAD90Q,Flict-G vs Sak Maestro,Grain Assault 5,2014-02-07,2014-03-27 10:34:58,Flict-G,emcee1,scheduled,appeared,True,True
gZ1B7eAD90Q,Flict-G vs Sak Maestro,Grain Assault 5,2014-02-07,2014-03-27 10:34:58,Sak Maestro,emcee2,scheduled,appeared,True,True
qTO6ACFQnxs,Sinio vs Rapido,Grain Assault 5,2014-02-07,2014-03-23 07:06:05,Sinio,emcee1,scheduled,appeared,True,True
qTO6ACFQnxs,Sinio vs Rapido,Grain Assault 5,2014-02-07,2014-03-23 07:06:05,Rapido,emcee2,scheduled,appeared,True,True
ga-4rNa1ZJs,Harlem vs Juan Tamad,Unibersikulo 2,2013-12-21,2014-03-10 09:43:34,Harlem,emcee1,scheduled,appeared,True,True
ga-4rNa1ZJs,Harlem vs Juan Tamad,Unibersikulo 2,2013-12-21,2014-03-10 09:43:34,Juan Tamad,emcee2,scheduled,appeared,True,True
vkhlvSeHGrw,Negatibo vs Melchrist,Unibersikulo 2,2013-12-21,2014-03-07 11:49:13,Negatibo,emcee1,scheduled,appeared,True,True
vkhlvSeHGrw,Negatibo vs Melchrist,Unibersikulo 2,2013-12-21,2014-03-07 11:49:13,Melchrist,emcee2,scheduled,appeared,True,True
YMIm1Xh2MRU,Andy G vs Righteous One,Unibersikulo 2,2013-12-21,2014-02-26 09:48:17,Andy G,emcee1,scheduled,appeared,True,True
YMIm1Xh2MRU,Andy G vs Righteous One,Unibersikulo 2,2013-12-21,2014-02-26 09:48:17,Righteous One,emcee2,scheduled,appeared,True,True
abyNh2wLYjw,Apekz vs Target,Unibersikulo 2,2013-12-21,2014-02-21 09:33:39,Apekz,emcee1,scheduled,appeared,True,True
abyNh2wLYjw,Apekz vs Target,Unibersikulo 2,2013-12-21,2014-02-21 09:33:39,Target,emcee2,scheduled,appeared,True,True
qQPTSgWVb7M,Aklas vs BLKD,Unibersikulo 2,2013-12-21,2014-02-06 12:29:20,Aklas,emcee1,scheduled,appeared,True,True
qQPTSgWVb7M,Aklas vs BLKD,Unibersikulo 2,2013-12-21,2014-02-06 12:29:20,BLKD,emcee2,scheduled,appeared,True,True
oowfcRhTdQ8,Stiff vs Ran,082 Magnitude Ikaduha,2013-11-09,2014-01-30 10:14:20,Stiff,emcee1,scheduled,appeared,True,True
oowfcRhTdQ8,Stiff vs Ran,082 Magnitude Ikaduha,2013-11-09,2014-01-30 10:14:20,Ran,emcee2,scheduled,appeared,True,True
-Aqn-8-VGMI,Cool Kidd vs Nikki,082 Magnitude Ikaduha,2013-11-09,2014-01-28 08:54:05,Cool Kidd,emcee1,scheduled,appeared,True,True
-Aqn-8-VGMI,Cool Kidd vs Nikki,082 Magnitude Ikaduha,2013-11-09,2014-01-28 08:54:05,Nikki,emcee2,scheduled,appeared,True,True
QLmYdRLqd5o,Mac T vs Fukuda,082 Magnitude Ikaduha,2013-11-09,2014-01-24 11:36:31,Mac T,emcee1,scheduled,appeared,True,True
QLmYdRLqd5o,Mac T vs Fukuda,082 Magnitude Ikaduha,2013-11-09,2014-01-24 11:36:31,Fukuda,emcee2,scheduled,appeared,True,True
w-Num_ojNgg,Tipsy D vs Juan Tamad,082 Magnitude Ikaduha,2013-11-09,2014-01-19 05:28:48,Tipsy D,emcee1,scheduled,appeared,True,True
w-Num_ojNgg,Tipsy D vs Juan Tamad,082 Magnitude Ikaduha,2013-11-09,2014-01-19 05:28:48,Juan Tamad,emcee2,scheduled,appeared,True,True
fIMCZ33Vxxs,Rudic vs Hizuka,082 Magnitude Ikaduha,2013-11-09,2014-01-16 11:22:22,Rudic,emcee1,scheduled,appeared,True,True
fIMCZ33Vxxs,Rudic vs Hizuka,082 Magnitude Ikaduha,2013-11-09,2014-01-16 11:22:22,Hizuka,emcee2,scheduled,appeared,True,True
Y2ah4V7CqiA,Harlem vs Zero Hour,082 Magnitude Ikaduha,2013-11-09,2014-01-12 17:48:23,Harlem,emcee1,scheduled,appeared,True,True
Y2ah4V7CqiA,Harlem vs Zero Hour,082 Magnitude Ikaduha,2013-11-09,2014-01-12 17:48:23,Zero Hour,emcee2,scheduled,appeared,True,True
PGpmhtUtyvc,Kregga vs JB,082 Magnitude Ikaduha,2013-11-09,2014-01-09 13:07:26,Kregga,emcee1,scheduled,appeared,True,True
PGpmhtUtyvc,Kregga vs JB,082 Magnitude Ikaduha,2013-11-09,2014-01-09 13:07:26,JB,emcee2,scheduled,appeared,True,True
gu-_mugqlLI,PriceTagg vs Maxford,082 Magnitude Ikaduha,2013-11-09,2014-01-05 12:55:52,PriceTagg,emcee1,scheduled,appeared,True,True
gu-_mugqlLI,PriceTagg vs Maxford,082 Magnitude Ikaduha,2013-11-09,2014-01-05 12:55:52,Maxford,emcee2,scheduled,appeared,True,True
btNyYRFMeyQ,Don Busabos vs Dave Ill,082 Magnitude Ikaduha,2013-11-09,2014-01-02 12:41:33,Don Busabos,emcee1,scheduled,appeared,True,True
btNyYRFMeyQ,Don Busabos vs Dave Ill,082 Magnitude Ikaduha,2013-11-09,2014-01-02 12:41:33,Dave Ill,emcee2,scheduled,appeared,True,True
UGbt13LNZJw,Andy G vs Malupit,082 Magnitude Ikaduha,2013-11-09,2013-12-21 07:56:32,Andy G,emcee1,scheduled,appeared,True,True
UGbt13LNZJw,Andy G vs Malupit,082 Magnitude Ikaduha,2013-11-09,2013-12-21 07:56:32,Malupit,emcee2,scheduled,appeared,True,True
LZF0v6ZGFcE,Apoc vs Sak Maestro,082 Magnitude Ikaduha,2013-11-09,2013-12-15 12:04:36,Apoc,emcee1,scheduled,appeared,True,True
LZF0v6ZGFcE,Apoc vs Sak Maestro,082 Magnitude Ikaduha,2013-11-09,2013-12-15 12:04:36,Sak Maestro,emcee2,scheduled,appeared,True,True
c-0BJdx3QMk,BLKD vs Flict-G,Tournament Semis,2013-09-27,2013-11-27 10:16:51,BLKD,emcee1,scheduled,appeared,True,True
c-0BJdx3QMk,BLKD vs Flict-G,Tournament Semis,2013-09-27,2013-11-27 10:16:51,Flict-G,emcee2,scheduled,appeared,True,True
-QKKtOnXYFA,Rudic vs Batang Rebelde,Tournament Semis,2013-09-27,2013-11-20 13:55:14,Rudic,emcee1,scheduled,appeared,True,True
-QKKtOnXYFA,Rudic vs Batang Rebelde,Tournament Semis,2013-09-27,2013-11-20 13:55:14,Batang Rebelde,emcee2,scheduled,appeared,True,True
IQDhOAkSPz8,Aklas vs Sinio,Tournament Semis,2013-09-27,2013-11-13 12:43:20,Aklas,emcee1,scheduled,appeared,True,True
IQDhOAkSPz8,Aklas vs Sinio,Tournament Semis,2013-09-27,2013-11-13 12:43:20,Sinio,emcee2,scheduled,appeared,True,True
c7YVtUx6W_Y,Thike vs Flipzydot1,Tournament Semis,2013-09-27,2013-11-06 09:23:40,Thike,emcee1,scheduled,appeared,True,True
c7YVtUx6W_Y,Thike vs Flipzydot1,Tournament Semis,2013-09-27,2013-11-06 09:23:40,Flipzydot1,emcee2,scheduled,appeared,True,True
XnxqXonZiVM,BLKD vs Goriong Talas,Tournament Round 2,2013-07-19,2013-09-14 13:16:17,BLKD,emcee1,scheduled,appeared,True,True
XnxqXonZiVM,BLKD vs Goriong Talas,Tournament Round 2,2013-07-19,2013-09-14 13:16:17,Goriong Talas,emcee2,scheduled,appeared,True,True
BqSn7mbHiyc,Andy G vs Sinio,Tournament Round 2,2013-07-20,2013-09-07 11:58:25,Andy G,emcee1,scheduled,appeared,True,True
BqSn7mbHiyc,Andy G vs Sinio,Tournament Round 2,2013-07-20,2013-09-07 11:58:25,Sinio,emcee2,scheduled,appeared,True,True
1fJpNkR6zcw,Flict-G vs Rudic,Tournament Round 2,2013-07-20,2013-08-29 03:39:47,Flict-G,emcee1,scheduled,appeared,True,True
1fJpNkR6zcw,Flict-G vs Rudic,Tournament Round 2,2013-07-20,2013-08-29 03:39:47,Rudic,emcee2,scheduled,appeared,True,True
HRF4brmlF3A,Aklas vs Jade Wunn,Tournament Round 2,2013-07-19,2013-08-21 12:17:13,Aklas,emcee1,scheduled,appeared,True,True
HRF4brmlF3A,Aklas vs Jade Wunn,Tournament Round 2,2013-07-19,2013-08-21 12:17:13,Jade Wunn,emcee2,scheduled,appeared,True,True
vX73SsaLdd0,Troublesome vs Notorious,Tournament Zoning,2013-05-17,2013-07-18 12:48:17,Troublesome,emcee1,scheduled,appeared,True,True
vX73SsaLdd0,Troublesome vs Notorious,Tournament Zoning,2013-05-17,2013-07-18 12:48:17,Notorious,emcee2,scheduled,appeared,True,True
AJm-kGThUfk,Aklas vs J-Lem,Tournament Zoning,2013-05-17,2013-07-15 12:03:01,Aklas,emcee1,scheduled,appeared,True,True
AJm-kGThUfk,Aklas vs J-Lem,Tournament Zoning,2013-05-17,2013-07-15 12:03:01,J-Lem,emcee2,scheduled,appeared,True,True
3EpABZlJ444,Sinio vs Batang Rebelde,Tournament Zoning,2013-05-17,2013-07-12 04:43:44,Sinio,emcee1,scheduled,appeared,True,True
3EpABZlJ444,Sinio vs Batang Rebelde,Tournament Zoning,2013-05-17,2013-07-12 04:43:44,Batang Rebelde,emcee2,scheduled,appeared,True,True
L63Ulrd6I_U,Flict-G vs Asero,Tournament Zoning,2013-05-17,2013-07-03 12:01:12,Flict-G,emcee1,scheduled,appeared,True,True
L63Ulrd6I_U,Flict-G vs Asero,Tournament Zoning,2013-05-17,2013-07-03 12:01:12,Asero,emcee2,scheduled,appeared,True,True
7qwAfRQCQak,Zaito vs Charron,Tectonics 2,2013-04-27,2013-06-28 10:08:02,Zaito,emcee1,scheduled,appeared,True,True
7qwAfRQCQak,Zaito vs Charron,Tectonics 2,2013-04-27,2013-06-28 10:08:02,Charron,emcee2,scheduled,appeared,True,True
CImQ3mNJYnQ,Protege vs Bender,Tectonics 2,2013-04-27,2013-06-24 11:12:54,Protege,emcee1,scheduled,appeared,True,True
CImQ3mNJYnQ,Protege vs Bender,Tectonics 2,2013-04-27,2013-06-24 11:12:54,Bender,emcee2,scheduled,appeared,True,True
37O6AE4DWN8,Anygma vs Loe Pesci,Tectonics 2,2013-04-27,2013-06-19 11:33:06,Anygma,emcee1,scheduled,appeared,True,True
37O6AE4DWN8,Anygma vs Loe Pesci,Tectonics 2,2013-04-27,2013-06-19 11:33:06,Loe Pesci,emcee2,scheduled,appeared,True,True
vtOT-rbGYH0,Plazma vs Tantrum,Tectonics 2,2013-04-27,2013-06-17 06:05:58,Plazma,emcee1,scheduled,appeared,True,True
vtOT-rbGYH0,Plazma vs Tantrum,Tectonics 2,2013-04-27,2013-06-17 06:05:58,Tantrum,emcee2,scheduled,appeared,True,True
j-UVdpN9n40,Batas vs Shazaam,Tectonics 2,2013-04-27,2013-06-12 12:40:53,Batas,emcee1,scheduled,appeared,True,True
j-UVdpN9n40,Batas vs Shazaam,Tectonics 2,2013-04-27,2013-06-12 12:40:53,Shazaam,emcee2,scheduled,appeared,True,True
H1F04mNCU7o,Skarm vs Charron,Tectonics 2,2013-04-27,2013-06-09 15:40:28,Skarm,emcee1,scheduled,appeared,True,True
H1F04mNCU7o,Skarm vs Charron,Tectonics 2,2013-04-27,2013-06-09 15:40:28,Charron,emcee2,scheduled,appeared,True,True
-Peab0i7NUM,SinCity vs Twizzie,Tectonics 2,2013-04-27,2013-06-06 10:40:53,SinCity,emcee1,scheduled,appeared,True,True
-Peab0i7NUM,SinCity vs Twizzie,Tectonics 2,2013-04-27,2013-06-06 10:40:53,Twizzie,emcee2,scheduled,appeared,True,True
TiK1WVN9vJA,Apoc vs One3d,Tectonics 2,2013-04-27,2013-06-02 05:05:24,Apoc,emcee1,scheduled,appeared,True,True
TiK1WVN9vJA,Apoc vs One3d,Tectonics 2,2013-04-27,2013-06-02 05:05:24,One3d,emcee2,scheduled,appeared,True,True
LKuTlQmJfmA,Cool Kidd vs Psykadelik,Pakusganay,2013-03-02,2013-05-25 12:46:50,Cool Kidd,emcee1,scheduled,appeared,True,True
LKuTlQmJfmA,Cool Kidd vs Psykadelik,Pakusganay,2013-03-02,2013-05-25 12:46:50,Psykadelik,emcee2,scheduled,appeared,True,True
pbVXx5-_Fak,Zaito vs Antz,Pakusganay,2013-03-02,2013-05-22 13:36:47,Zaito,emcee1,scheduled,appeared,True,True
pbVXx5-_Fak,Zaito vs Antz,Pakusganay,2013-03-02,2013-05-22 13:36:47,Antz,emcee2,scheduled,appeared,True,True
JINeOzwAuCU,Zero Hour vs Sak Maestro,Pakusganay,2013-03-02,2013-05-22 12:58:04,Zero Hour,emcee1,scheduled,appeared,True,True
JINeOzwAuCU,Zero Hour vs Sak Maestro,Pakusganay,2013-03-02,2013-05-22 12:58:04,Sak Maestro,emcee2,scheduled,appeared,True,True
oTaQkAu6I64,Juan Tamad vs Rudic,Pakusganay,2013-03-02,2013-05-11 12:47:27,Juan Tamad,emcee1,scheduled,appeared,True,True
oTaQkAu6I64,Juan Tamad vs Rudic,Pakusganay,2013-03-02,2013-05-11 12:47:27,Rudic,emcee2,scheduled,appeared,True,True
UypvEz_A2uo,BLKD vs Gin,Grain Assault 4,2013-02-08,2013-05-02 10:31:55,BLKD,emcee1,scheduled,appeared,True,True
UypvEz_A2uo,BLKD vs Gin,Grain Assault 4,2013-02-08,2013-05-02 10:31:55,Gin,emcee2,scheduled,appeared,True,True
O18oAkffSso,Jade Wunn vs Ranieboy,Grain Assault 4,2013-02-08,2013-05-02 10:05:58,Jade Wunn,emcee1,scheduled,appeared,True,True
O18oAkffSso,Jade Wunn vs Ranieboy,Grain Assault 4,2013-02-08,2013-05-02 10:05:58,Ranieboy,emcee2,scheduled,appeared,True,True
NbrLshFJ4m8,Goriong Talas vs Sparo,Grain Assault 4,2013-02-08,2013-04-20 12:13:33,Goriong Talas,emcee1,scheduled,appeared,True,True
NbrLshFJ4m8,Goriong Talas vs Sparo,Grain Assault 4,2013-02-08,2013-04-20 12:13:33,Sparo,emcee2,scheduled,appeared,True,True
tcxz94TPqtQ,Andy G vs Flipzydot1,Grain Assault 4,2013-02-08,2013-04-14 11:31:48,Andy G,emcee1,scheduled,appeared,True,True
tcxz94TPqtQ,Andy G vs Flipzydot1,Grain Assault 4,2013-02-08,2013-04-14 11:31:48,Flipzydot1,emcee2,scheduled,appeared,True,True
DUqOabogZRc,2khelle vs Jojo,Ahon 4,2012-11-09,2013-04-06 11:29:01,2khelle,emcee1,scheduled,appeared,True,True
DUqOabogZRc,2khelle vs Jojo,Ahon 4,2012-11-09,2013-04-06 11:29:01,Jojo,emcee2,scheduled,appeared,True,True
0_8OSf89YT8,Mastamine vs Mizayld,Ahon 4,2012-11-10,2013-04-06 11:20:35,Mastamine,emcee1,scheduled,appeared,True,True
0_8OSf89YT8,Mastamine vs Mizayld,Ahon 4,2012-11-10,2013-04-06 11:20:35,Mizayld,emcee2,scheduled,appeared,True,True
bLcDQOD0LQo,Prosecutor Billy vs Batang X,Ahon 4,2012-11-09,2013-04-03 10:41:10,Prosecutor Billy,emcee1,scheduled,appeared,True,True
bLcDQOD0LQo,Prosecutor Billy vs Batang X,Ahon 4,2012-11-09,2013-04-03 10:41:10,Batang X,emcee2,scheduled,appeared,True,True
HMnE4nuHHn0,G-Clown vs Lazta,Ahon 4,2012-11-09,2013-04-03 10:18:49,G-Clown,emcee1,scheduled,appeared,True,True
HMnE4nuHHn0,G-Clown vs Lazta,Ahon 4,2012-11-09,2013-04-03 10:18:49,Lazta,emcee2,scheduled,appeared,True,True
PFxQ6hp6Wi4,Mac T vs W Beat,Ahon 4,2012-11-10,2013-03-30 12:05:58,Mac T,emcee1,scheduled,appeared,True,True
PFxQ6hp6Wi4,Mac T vs W Beat,Ahon 4,2012-11-10,2013-03-30 12:05:58,W Beat,emcee2,scheduled,appeared,True,True
wi1ZRxh--0g,Snob vs Kamandag,Ahon 4,2012-11-09,2013-03-30 12:05:58,Snob,emcee1,scheduled,appeared,True,True
wi1ZRxh--0g,Snob vs Kamandag,Ahon 4,2012-11-09,2013-03-30 12:05:58,Kamandag,emcee2,scheduled,appeared,True,True
tl3_lKtsF-M,G-Spot vs Daddy Joe D,Ahon 4,2012-11-10,2013-03-28 12:37:45,G-Spot,emcee1,scheduled,appeared,True,True
tl3_lKtsF-M,G-Spot vs Daddy Joe D,Ahon 4,2012-11-10,2013-03-28 12:37:45,Daddy Joe D,emcee2,scheduled,appeared,True,True
HXlPq4WBrns,Elbiz vs Dopee,Ahon 4,2012-11-10,2013-03-28 12:13:01,Elbiz,emcee1,scheduled,appeared,True,True
HXlPq4WBrns,Elbiz vs Dopee,Ahon 4,2012-11-10,2013-03-28 12:13:01,Dopee,emcee2,scheduled,appeared,True,True
71Jc8_WBk48,Blackleaf vs Stielo,Ahon 4,2012-11-10,2013-03-23 12:39:03,Blackleaf,emcee1,scheduled,appeared,True,True
71Jc8_WBk48,Blackleaf vs Stielo,Ahon 4,2012-11-10,2013-03-23 12:39:03,Stielo,emcee2,scheduled,appeared,True,True
jAf6OHtH4hU,Sinio vs Jaytee,Ahon 4,2012-11-10,2013-03-20 14:54:19,Sinio,emcee1,scheduled,appeared,True,True
jAf6OHtH4hU,Sinio vs Jaytee,Ahon 4,2012-11-10,2013-03-20 14:54:19,Jaytee,emcee2,scheduled,appeared,True,True
jHlke-sI0BQ,Crazymix vs AKT,Ahon 4,2012-11-09,2013-03-18 16:32:55,Crazymix,emcee1,scheduled,appeared,True,True
jHlke-sI0BQ,Crazymix vs AKT,Ahon 4,2012-11-09,2013-03-18 16:32:55,AKT,emcee2,scheduled,appeared,True,True
PhLzuYcL3Y8,Batang Rebelde vs Negatibo,Ahon 4,2012-11-09,2013-03-13 13:48:41,Batang Rebelde,emcee1,scheduled,appeared,True,True
PhLzuYcL3Y8,Batang Rebelde vs Negatibo,Ahon 4,2012-11-09,2013-03-13 13:48:41,Negatibo,emcee2,scheduled,appeared,True,True
6sBWZ_rNxyQ,Tweng vs Zero Hour,Ahon 4,2012-11-09,2013-03-10 07:18:31,Tweng,emcee1,scheduled,appeared,True,True
6sBWZ_rNxyQ,Tweng vs Zero Hour,Ahon 4,2012-11-09,2013-03-10 07:18:31,Zero Hour,emcee2,scheduled,appeared,True,True
0HQ39ERiuJM,Frooz vs Sayadd,Ahon 4,2012-11-09,2013-03-07 14:43:11,Frooz,emcee1,scheduled,appeared,True,True
0HQ39ERiuJM,Frooz vs Sayadd,Ahon 4,2012-11-09,2013-03-07 14:43:11,Sayadd,emcee2,scheduled,appeared,True,True
C4Lp5PklBsc,PriceTagg vs Aklas,Ahon 4,2012-11-09,2013-03-02 07:23:00,PriceTagg,emcee1,scheduled,appeared,True,True
C4Lp5PklBsc,PriceTagg vs Aklas,Ahon 4,2012-11-09,2013-03-02 07:23:00,Aklas,emcee2,scheduled,appeared,True,True
-RFFeYRXtoE,Melchrist vs Rudic,Ahon 4,2012-11-09,2013-02-27 13:31:16,Melchrist,emcee1,scheduled,appeared,True,True
-RFFeYRXtoE,Melchrist vs Rudic,Ahon 4,2012-11-09,2013-02-27 13:31:16,Rudic,emcee2,scheduled,appeared,True,True
gO8B75deIT8,Rapido vs Mocks Wun,Ahon 4,2012-11-10,2013-02-24 07:37:32,Rapido,emcee1,scheduled,appeared,True,True
gO8B75deIT8,Rapido vs Mocks Wun,Ahon 4,2012-11-10,2013-02-24 07:37:32,Mocks Wun,emcee2,scheduled,appeared,True,True
G9YYPHpmZZo,Papew vs Ejo,Ahon 4,2012-11-10,2013-02-21 08:28:14,Papew,emcee1,scheduled,appeared,True,True
G9YYPHpmZZo,Papew vs Ejo,Ahon 4,2012-11-10,2013-02-21 08:28:14,Ejo,emcee2,scheduled,appeared,True,True
xjIk4tZ61Wg,KJah vs Maxford,Ahon 4,2012-11-09,2013-02-16 12:22:50,KJah,emcee1,scheduled,appeared,True,True
xjIk4tZ61Wg,KJah vs Maxford,Ahon 4,2012-11-09,2013-02-16 12:22:50,Maxford,emcee2,scheduled,appeared,True,True
zw0StGhysxY,Badang vs Zaito,Ahon 4,2012-11-10,2013-02-09 15:47:21,Badang,emcee1,scheduled,appeared,True,True
zw0StGhysxY,Badang vs Zaito,Ahon 4,2012-11-10,2013-02-09 15:47:21,Zaito,emcee2,scheduled,appeared,True,True
O06kWvWHQU4,Goriong Talas vs Malupit,Ahon 4,2012-11-10,2013-02-06 11:48:54,Goriong Talas,emcee1,scheduled,appeared,True,True
O06kWvWHQU4,Goriong Talas vs Malupit,Ahon 4,2012-11-10,2013-02-06 11:48:54,Malupit,emcee2,scheduled,appeared,True,True
kFTueyGjxB8,Fongger vs Bogchick,Ahon 4,2012-11-09,2013-02-02 22:16:09,Fongger,emcee1,scheduled,appeared,True,True
kFTueyGjxB8,Fongger vs Bogchick,Ahon 4,2012-11-09,2013-02-02 22:16:09,Bogchick,emcee2,scheduled,appeared,True,True
HHM2KQEpdZs,Thike vs Sparo,Ahon 4,2012-11-10,2013-01-30 13:18:28,Thike,emcee1,scheduled,appeared,True,True
HHM2KQEpdZs,Thike vs Sparo,Ahon 4,2012-11-10,2013-01-30 13:18:28,Sparo,emcee2,scheduled,appeared,True,True
p66IveXrfh4,Tipsy D vs Icaruz,Ahon 4,2012-11-10,2013-01-27 06:53:19,Tipsy D,emcee1,scheduled,appeared,True,True
p66IveXrfh4,Tipsy D vs Icaruz,Ahon 4,2012-11-10,2013-01-27 06:53:19,Icaruz,emcee2,scheduled,appeared,True,True
els9-KmLE98,Flict-G vs Daddy Joe D,Wall Lords Philippines,2012-10-13,2013-01-23 12:37:51,Flict-G,emcee1,scheduled,appeared,True,True
els9-KmLE98,Flict-G vs Daddy Joe D,Wall Lords Philippines,2012-10-13,2013-01-23 12:37:51,Daddy Joe D,emcee2,scheduled,appeared,True,True
Y2rF6cSCjmY,Goriong Talas vs Flipzydot1,Wall Lords Philippines,2012-10-13,2013-01-23 12:16:03,Goriong Talas,emcee1,scheduled,appeared,True,True
Y2rF6cSCjmY,Goriong Talas vs Flipzydot1,Wall Lords Philippines,2012-10-13,2013-01-23 12:16:03,Flipzydot1,emcee2,scheduled,appeared,True,True
_G_iDVDFnqE,Jade Wunn vs Lirikal,Aspakan,2012-10-06,2013-01-19 13:26:40,Jade Wunn,emcee1,scheduled,appeared,True,True
_G_iDVDFnqE,Jade Wunn vs Lirikal,Aspakan,2012-10-06,2013-01-19 13:26:40,Lirikal,emcee2,scheduled,appeared,True,True
xOz3Ju-Oq_c,Primethugz vs Verse1,Aspakan,2012-10-06,2013-01-19 13:26:40,Primethugz,emcee1,scheduled,appeared,True,True
xOz3Ju-Oq_c,Primethugz vs Verse1,Aspakan,2012-10-06,2013-01-19 13:26:40,Verse1,emcee2,scheduled,appeared,True,True
lCayXs4D_9M,AKT vs 2khelle,Aspakan,2012-10-06,2013-01-17 06:56:45,AKT,emcee1,scheduled,appeared,True,True
lCayXs4D_9M,AKT vs 2khelle,Aspakan,2012-10-06,2013-01-17 06:56:45,2khelle,emcee2,scheduled,appeared,True,True
iTldB0VfI3c,Righteous One vs Asero,Aspakan,2012-10-06,2013-01-12 12:40:56,Righteous One,emcee1,scheduled,appeared,True,True
iTldB0VfI3c,Righteous One vs Asero,Aspakan,2012-10-06,2013-01-12 12:40:56,Asero,emcee2,scheduled,appeared,True,True
-D6mQMbL3SU,Elbiz vs Jaffie,Aspakan,2012-10-06,2013-01-09 14:15:17,Elbiz,emcee1,scheduled,appeared,True,True
-D6mQMbL3SU,Elbiz vs Jaffie,Aspakan,2012-10-06,2013-01-09 14:15:17,Jaffie,emcee2,scheduled,appeared,True,True
MajDDHKrkCQ,Dhictah vs Third D,Aspakan,2012-10-06,2013-01-05 08:21:46,Dhictah,emcee1,scheduled,appeared,True,True
MajDDHKrkCQ,Dhictah vs Third D,Aspakan,2012-10-06,2013-01-05 08:21:46,Third D,emcee2,scheduled,appeared,True,True
Kz6_joURLko,Frooz vs Jhapormz,Aspakan,2012-10-06,2013-01-02 12:16:10,Frooz,emcee1,scheduled,appeared,True,True
Kz6_joURLko,Frooz vs Jhapormz,Aspakan,2012-10-06,2013-01-02 12:16:10,Jhapormz,emcee2,scheduled,appeared,True,True
sfqTztCnbG4,Prosecutor Billy vs El D'no,Aspakan,2012-10-06,2012-12-29 12:10:08,Prosecutor Billy,emcee1,scheduled,appeared,True,True
sfqTztCnbG4,Prosecutor Billy vs El D'no,Aspakan,2012-10-06,2012-12-29 12:10:08,El D'no,emcee2,scheduled,appeared,True,True
yznjBZc2nVM,Sinio vs Rish,Aspakan,2012-10-06,2012-12-26 12:21:55,Sinio,emcee1,scheduled,appeared,True,True
yznjBZc2nVM,Sinio vs Rish,Aspakan,2012-10-06,2012-12-26 12:21:55,Rish,emcee2,scheduled,appeared,True,True
CWTEW8i6GIY,Apoc vs Sayantipiko,Aspakan,2012-10-06,2012-12-23 12:46:17,Apoc,emcee1,scheduled,appeared,True,True
CWTEW8i6GIY,Apoc vs Sayantipiko,Aspakan,2012-10-06,2012-12-23 12:46:17,Sayantipiko,emcee2,scheduled,appeared,True,True
TCax_1ve6uY,Mocks Wun vs Sparo,Aspakan,2012-10-06,2012-12-23 12:00:22,Mocks Wun,emcee1,scheduled,appeared,True,True
TCax_1ve6uY,Mocks Wun vs Sparo,Aspakan,2012-10-06,2012-12-23 12:00:22,Sparo,emcee2,scheduled,appeared,True,True
XE6TcNn-FLA,Mizayld vs Ranieboy,Kataga,2012-09-08,2012-12-19 11:23:09,Mizayld,emcee1,scheduled,appeared,True,True
XE6TcNn-FLA,Mizayld vs Ranieboy,Kataga,2012-09-08,2012-12-19 11:23:09,Ranieboy,emcee2,scheduled,appeared,True,True
2pJKSarss28,G-Clown vs J-Lem,Kataga,2012-09-08,2012-12-16 08:11:58,G-Clown,emcee1,scheduled,appeared,True,True
2pJKSarss28,G-Clown vs J-Lem,Kataga,2012-09-08,2012-12-16 08:11:58,J-Lem,emcee2,scheduled,appeared,True,True
kJpu03L8U0M,Krusa vs Bogchick,Kataga,2012-09-08,2012-12-13 05:30:52,Krusa,emcee1,scheduled,appeared,True,True
kJpu03L8U0M,Krusa vs Bogchick,Kataga,2012-09-08,2012-12-13 05:30:52,Bogchick,emcee2,scheduled,appeared,True,True
AOPqiG31__M,Elias vs Yelshawn,Kataga,2012-09-08,2012-12-08 22:38:38,Elias,emcee1,scheduled,appeared,True,True
AOPqiG31__M,Elias vs Yelshawn,Kataga,2012-09-08,2012-12-08 22:38:38,Yelshawn,emcee2,scheduled,appeared,True,True
fdgD8jWcsgg,Zaito vs Batang Rebelde,Kataga,2012-09-08,2012-12-05 12:32:08,Zaito,emcee1,scheduled,appeared,True,True
fdgD8jWcsgg,Zaito vs Batang Rebelde,Kataga,2012-09-08,2012-12-05 12:32:08,Batang Rebelde,emcee2,scheduled,appeared,True,True
6l8_-UgExnQ,Thike vs Damsa,Kataga,2012-09-08,2012-12-01 13:06:11,Thike,emcee1,scheduled,appeared,True,True
6l8_-UgExnQ,Thike vs Damsa,Kataga,2012-09-08,2012-12-01 13:06:11,Damsa,emcee2,scheduled,appeared,True,True
ZLeHi6JYcYo,Andy G vs Papew,Kataga,2012-09-08,2012-11-28 14:16:35,Andy G,emcee1,scheduled,appeared,True,True
ZLeHi6JYcYo,Andy G vs Papew,Kataga,2012-09-08,2012-11-28 14:16:35,Papew,emcee2,scheduled,appeared,True,True
QdtgOGmmtEQ,Crazymix vs Rapido,Kataga,2012-09-08,2012-11-24 11:57:10,Crazymix,emcee1,scheduled,appeared,True,True
QdtgOGmmtEQ,Crazymix vs Rapido,Kataga,2012-09-08,2012-11-24 11:57:10,Rapido,emcee2,scheduled,appeared,True,True
uhYGMLQkDRU,Melchrist vs Troublesome,Kataga,2012-09-08,2012-11-23 11:39:54,Melchrist,emcee1,scheduled,appeared,True,True
uhYGMLQkDRU,Melchrist vs Troublesome,Kataga,2012-09-08,2012-11-23 11:39:54,Troublesome,emcee2,scheduled,appeared,True,True
PORH660oHFA,Dello vs Righteous One,Unibersikulo,2012-08-31,2012-10-21 19:40:45,Dello,emcee1,scheduled,appeared,True,True
PORH660oHFA,Dello vs Righteous One,Unibersikulo,2012-08-31,2012-10-21 19:40:45,Righteous One,emcee2,scheduled,appeared,True,True
3QhphyqAMf8,Negatibo vs Caliber,Unibersikulo,2012-08-31,2012-10-21 13:05:47,Negatibo,emcee1,scheduled,appeared,True,True
3QhphyqAMf8,Negatibo vs Caliber,Unibersikulo,2012-08-31,2012-10-21 13:05:47,Caliber,emcee2,scheduled,appeared,True,True
xptQdqSrrvA,Tipsy D vs Notorious,Unibersikulo,2012-08-31,2012-10-17 10:33:16,Tipsy D,emcee1,scheduled,appeared,True,True
xptQdqSrrvA,Tipsy D vs Notorious,Unibersikulo,2012-08-31,2012-10-17 10:33:16,Notorious,emcee2,scheduled,appeared,True,True
lZpU7OFl2HY,Silencer vs Frooz,Unibersikulo,2012-08-31,2012-10-17 10:12:52,Silencer,emcee1,scheduled,appeared,True,True
lZpU7OFl2HY,Silencer vs Frooz,Unibersikulo,2012-08-31,2012-10-17 10:12:52,Frooz,emcee2,scheduled,appeared,True,True
WYG4IYhWTds,J-Skeelz vs Batas,Unibersikulo,2012-08-31,2012-10-10 16:47:12,J-Skeelz,emcee1,scheduled,appeared,True,True
WYG4IYhWTds,J-Skeelz vs Batas,Unibersikulo,2012-08-31,2012-10-10 16:47:12,Batas,emcee2,scheduled,appeared,True,True
6zDkRsAAtbw,Zaito vs Bassilyo,Unibersikulo,2012-08-31,2012-10-10 12:24:50,Zaito,emcee1,scheduled,appeared,True,True
6zDkRsAAtbw,Zaito vs Bassilyo,Unibersikulo,2012-08-31,2012-10-10 12:24:50,Bassilyo,emcee2,scheduled,appeared,True,True
bWWRGFtWaSk,Target vs Badang,Unibersikulo,2012-08-31,2012-10-06 02:18:02,Target,emcee1,scheduled,appeared,True,True
bWWRGFtWaSk,Target vs Badang,Unibersikulo,2012-08-31,2012-10-06 02:18:02,Badang,emcee2,scheduled,appeared,True,True
u3RqpqLiLo8,BLKD vs Apekz,Unibersikulo,2012-08-31,2012-10-06 02:04:09,BLKD,emcee1,scheduled,appeared,True,True
u3RqpqLiLo8,BLKD vs Apekz,Unibersikulo,2012-08-31,2012-10-06 02:04:09,Apekz,emcee2,scheduled,appeared,True,True
bGq-PlicLjk,Stielo vs Batang X,Dagitay,2012-07-28,2012-09-24 12:43:23,Stielo,emcee1,scheduled,appeared,True,True
bGq-PlicLjk,Stielo vs Batang X,Dagitay,2012-07-28,2012-09-24 12:43:23,Batang X,emcee2,scheduled,appeared,True,True
_eq5PlYBbsY,Drei vs Mazstah Locco,Dagitay,2012-07-28,2012-09-22 17:47:07,Drei,emcee1,scheduled,appeared,True,True
_eq5PlYBbsY,Drei vs Mazstah Locco,Dagitay,2012-07-28,2012-09-22 17:47:07,Mazstah Locco,emcee2,scheduled,appeared,True,True
OQgCm1Hk6sA,Lazta vs Sniper,Dagitay,2012-07-28,2012-09-15 15:23:35,Lazta,emcee1,scheduled,appeared,True,True
OQgCm1Hk6sA,Lazta vs Sniper,Dagitay,2012-07-28,2012-09-15 15:23:35,Sniper,emcee2,scheduled,appeared,True,True
aBYHNveJgTg,Ejo vs W Beat,Dagitay,2012-07-28,2012-09-15 15:23:35,Ejo,emcee1,scheduled,appeared,True,True
aBYHNveJgTg,Ejo vs W Beat,Dagitay,2012-07-28,2012-09-15 15:23:35,W Beat,emcee2,scheduled,appeared,True,True
WcgLqPNtiFE,Jaytee vs Jojo,Dagitay,2012-07-28,2012-09-13 06:47:29,Jaytee,emcee1,scheduled,appeared,True,True
WcgLqPNtiFE,Jaytee vs Jojo,Dagitay,2012-07-28,2012-09-13 06:47:29,Jojo,emcee2,scheduled,appeared,True,True
jdpjGv6o1_M,Rudic vs Mastamine,Dagitay,2012-07-28,2012-09-13 06:46:50,Rudic,emcee1,scheduled,appeared,True,True
jdpjGv6o1_M,Rudic vs Mastamine,Dagitay,2012-07-28,2012-09-13 06:46:50,Mastamine,emcee2,scheduled,appeared,True,True
PCNfLqPOmSg,Zaito vs PriceTagg,Dagitay,2012-07-28,2012-09-06 12:35:13,Zaito,emcee1,scheduled,appeared,True,True
PCNfLqPOmSg,Zaito vs PriceTagg,Dagitay,2012-07-28,2012-09-06 12:35:13,PriceTagg,emcee2,scheduled,appeared,True,True
TDE6yJu0DOU,Tweng vs Fongger,Dagitay,2012-07-28,2012-09-06 12:35:13,Tweng,emcee1,scheduled,appeared,True,True
TDE6yJu0DOU,Tweng vs Fongger,Dagitay,2012-07-28,2012-09-06 12:35:13,Fongger,emcee2,scheduled,appeared,True,True
B2lUNjvFsmI,Apekz vs Aklas,Dos Por Dos Semis,2012-07-06,2012-07-25 13:01:24,Apekz,emcee1,scheduled,appeared,True,True
B2lUNjvFsmI,Apekz vs Aklas,Dos Por Dos Semis,2012-07-06,2012-07-25 13:01:24,Aklas,emcee2,scheduled,appeared,True,True
NJsHd-Az5M0,Aklas vs Zero Hour,Different Ways 2,2012-05-19,2012-07-25 11:46:17,Aklas,emcee1,scheduled,appeared,True,True
NJsHd-Az5M0,Aklas vs Zero Hour,Different Ways 2,2012-05-19,2012-07-25 11:46:17,Zero Hour,emcee2,scheduled,appeared,True,True
F073b9QocBQ,Maxford vs Dopee,Different Ways 2,2012-05-19,2012-07-18 15:03:06,Maxford,emcee1,scheduled,appeared,True,True
F073b9QocBQ,Maxford vs Dopee,Different Ways 2,2012-05-19,2012-07-18 15:03:06,Dopee,emcee2,scheduled,appeared,True,True
vwEhYNJ-e4g,Kamandag vs Psykadelik,Different Ways 2,2012-05-19,2012-07-18 15:03:06,Kamandag,emcee1,scheduled,appeared,True,True
vwEhYNJ-e4g,Kamandag vs Psykadelik,Different Ways 2,2012-05-19,2012-07-18 15:03:06,Psykadelik,emcee2,scheduled,appeared,True,True
YEAkNeofds8,AKT vs Blackleaf,Different Ways 2,2012-05-19,2012-07-16 04:43:08,AKT,emcee1,scheduled,appeared,True,True
YEAkNeofds8,AKT vs Blackleaf,Different Ways 2,2012-05-19,2012-07-16 04:43:08,Blackleaf,emcee2,scheduled,appeared,True,True
ghkHFrvVrPk,Snob vs Kalidido,Different Ways 2,2012-05-19,2012-07-16 04:43:08,Snob,emcee1,scheduled,appeared,True,True
ghkHFrvVrPk,Snob vs Kalidido,Different Ways 2,2012-05-19,2012-07-16 04:43:08,Kalidido,emcee2,scheduled,appeared,True,True
N8RGnLmjnRI,Rudic vs G-Spot,Different Ways 2,2012-05-19,2012-07-11 12:54:13,Rudic,emcee1,scheduled,appeared,True,True
N8RGnLmjnRI,Rudic vs G-Spot,Different Ways 2,2012-05-19,2012-07-11 12:54:13,G-Spot,emcee2,scheduled,appeared,True,True
5soFpWhc11w,Mac T vs Kaream,Different Ways 2,2012-05-19,2012-07-11 12:34:44,Mac T,emcee1,scheduled,appeared,True,True
5soFpWhc11w,Mac T vs Kaream,Different Ways 2,2012-05-19,2012-07-11 12:34:44,Kaream,emcee2,scheduled,appeared,True,True
uMlNq6Xyp_0,D-Flow Uno vs Malupit,Different Ways 2,2012-05-19,2012-07-06 05:53:18,D-Flow Uno,emcee1,scheduled,appeared,True,True
uMlNq6Xyp_0,D-Flow Uno vs Malupit,Different Ways 2,2012-05-19,2012-07-06 05:53:18,Malupit,emcee2,scheduled,appeared,True,True
lyQTC81rbg8,Aklas vs Silent Effect,Different Ways 2,2012-05-19,2012-07-05 10:58:49,Aklas,emcee1,scheduled,appeared,True,True
lyQTC81rbg8,Aklas vs Silent Effect,Different Ways 2,2012-05-19,2012-07-05 10:58:49,Silent Effect,emcee2,scheduled,appeared,True,True
hGSMHOzoHJU,AKT vs Daddy Joe D,The Homecoming - MastaPlann x Bambu,2012-04-14,2012-06-06 14:28:59,AKT,emcee1,scheduled,appeared,True,True
hGSMHOzoHJU,AKT vs Daddy Joe D,The Homecoming - MastaPlann x Bambu,2012-04-14,2012-06-06 14:28:59,Daddy Joe D,emcee2,scheduled,appeared,True,True
hPK_Rk6Moco,Silencer vs Asero,Hukuman,2012-03-17,2012-05-30 15:44:15,Silencer,emcee1,scheduled,appeared,True,True
hPK_Rk6Moco,Silencer vs Asero,Hukuman,2012-03-17,2012-05-30 15:44:15,Asero,emcee2,scheduled,appeared,True,True
BgBRpzYmoAg,Jaffie vs Rish,Hukuman,2012-03-17,2012-05-30 15:44:14,Jaffie,emcee1,scheduled,appeared,True,True
BgBRpzYmoAg,Jaffie vs Rish,Hukuman,2012-03-17,2012-05-30 15:44:14,Rish,emcee2,scheduled,appeared,True,True
jd47us2dQOk,Kahir vs Jhapormz,Hukuman,2012-03-17,2012-05-30 15:44:14,Kahir,emcee1,scheduled,appeared,True,True
jd47us2dQOk,Kahir vs Jhapormz,Hukuman,2012-03-17,2012-05-30 15:44:14,Jhapormz,emcee2,scheduled,appeared,True,True
q988o9ZNgcY,Prosecutor Billy vs Andy G,Hukuman,2012-03-17,2012-05-26 13:47:27,Prosecutor Billy,emcee1,scheduled,appeared,True,True
q988o9ZNgcY,Prosecutor Billy vs Andy G,Hukuman,2012-03-17,2012-05-26 13:47:27,Andy G,emcee2,scheduled,appeared,True,True
7udBpNFp1J4,Sayantipiko vs 2khelle,Hukuman,2012-03-17,2012-05-26 13:46:44,Sayantipiko,emcee1,scheduled,appeared,True,True
7udBpNFp1J4,Sayantipiko vs 2khelle,Hukuman,2012-03-17,2012-05-26 13:46:44,2khelle,emcee2,scheduled,appeared,True,True
h2ZuWPg8iZg,Mocks Wun vs Caliber,Hukuman,2012-03-17,2012-05-26 13:46:29,Mocks Wun,emcee1,scheduled,appeared,True,True
h2ZuWPg8iZg,Mocks Wun vs Caliber,Hukuman,2012-03-17,2012-05-26 13:46:29,Caliber,emcee2,scheduled,appeared,True,True
YMbDOMn4CfE,Zaito vs Daddy Joe D,Grain Assault 3,2012-02-26,2012-04-28 18:20:28,Zaito,emcee1,scheduled,appeared,True,True
YMbDOMn4CfE,Zaito vs Daddy Joe D,Grain Assault 3,2012-02-26,2012-04-28 18:20:28,Daddy Joe D,emcee2,scheduled,appeared,True,True
4DsyxBYu76Q,Saint Ice vs One3d,Grain Assault 3,2012-02-26,2012-04-25 13:59:10,Saint Ice,emcee1,scheduled,appeared,True,True
4DsyxBYu76Q,Saint Ice vs One3d,Grain Assault 3,2012-02-26,2012-04-25 13:59:10,One3d,emcee2,scheduled,appeared,True,True
19ZJhdRPmsY,Ranieboy vs Icaruz,Grain Assault 3,2012-02-26,2012-04-21 13:23:58,Ranieboy,emcee1,scheduled,appeared,True,True
19ZJhdRPmsY,Ranieboy vs Icaruz,Grain Assault 3,2012-02-26,2012-04-21 13:23:58,Icaruz,emcee2,scheduled,appeared,True,True
Zo3yOWg1e_o,Damsa vs Badang,Grain Assault 3,2012-02-26,2012-04-18 13:50:00,Damsa,emcee1,scheduled,appeared,True,True
Zo3yOWg1e_o,Damsa vs Badang,Grain Assault 3,2012-02-26,2012-04-18 13:50:00,Badang,emcee2,scheduled,appeared,True,True
dy1Jr3PIryY,Twizzie vs Kris Delano,Grain Assault 3,2012-02-26,2012-04-14 13:36:31,Twizzie,emcee1,scheduled,appeared,True,True
dy1Jr3PIryY,Twizzie vs Kris Delano,Grain Assault 3,2012-02-26,2012-04-14 13:36:31,Kris Delano,emcee2,scheduled,appeared,True,True
ei_CiasYoMA,Melchrist vs Notorious,FlipTop @ Ilocos Norte,2011-12-28,2012-04-09 08:52:25,Melchrist,emcee1,scheduled,appeared,True,True
ei_CiasYoMA,Melchrist vs Notorious,FlipTop @ Ilocos Norte,2011-12-28,2012-04-09 08:52:25,Notorious,emcee2,scheduled,appeared,True,True
QW3Y5iqzLCk,Target vs Daddy Joe D,FlipTop @ Ilocos Norte,2011-12-28,2012-04-09 07:26:50,Target,emcee1,scheduled,appeared,True,True
QW3Y5iqzLCk,Target vs Daddy Joe D,FlipTop @ Ilocos Norte,2011-12-28,2012-04-09 07:26:50,Daddy Joe D,emcee2,scheduled,appeared,True,True
pExK-YWNDI0,Zaito vs Sayadd,FlipTop @ Ilocos Norte,2011-12-28,2012-04-04 21:59:13,Zaito,emcee1,scheduled,appeared,True,True
pExK-YWNDI0,Zaito vs Sayadd,FlipTop @ Ilocos Norte,2011-12-28,2012-04-04 21:59:13,Sayadd,emcee2,scheduled,appeared,True,True
VnD4mz2QUGs,Goriong Talas vs Aklas,FlipTop @ Ilocos Norte,2011-12-28,2012-04-04 12:31:23,Goriong Talas,emcee1,scheduled,appeared,True,True
VnD4mz2QUGs,Goriong Talas vs Aklas,FlipTop @ Ilocos Norte,2011-12-28,2012-04-04 12:31:23,Aklas,emcee2,scheduled,appeared,True,True
hVz-9lSA6_Q,Shehyee vs AKT,FlipTop @ Ilocos Norte,2011-12-28,2012-04-02 01:32:48,Shehyee,emcee1,scheduled,appeared,True,True
hVz-9lSA6_Q,Shehyee vs AKT,FlipTop @ Ilocos Norte,2011-12-28,2012-04-02 01:32:48,AKT,emcee2,scheduled,appeared,True,True
7NnO4MUiGLA,G-Mar vs Mizayld,"Bara Ko, Barako",2011-12-17,2012-03-25 09:09:51,G-Mar,emcee1,scheduled,appeared,True,True
7NnO4MUiGLA,G-Mar vs Mizayld,"Bara Ko, Barako",2011-12-17,2012-03-25 09:09:51,Mizayld,emcee2,scheduled,appeared,True,True
TfCX9xRMgXw,BLKD vs Krack,"Bara Ko, Barako",2011-12-17,2012-03-24 13:54:28,BLKD,emcee1,scheduled,appeared,True,True
TfCX9xRMgXw,BLKD vs Krack,"Bara Ko, Barako",2011-12-17,2012-03-24 13:54:28,Krack,emcee2,scheduled,appeared,True,True
nxOnN-J7CTM,Andy G vs Daddy Joe D,"Bara Ko, Barako",2011-12-17,2012-03-22 07:34:31,Andy G,emcee1,scheduled,appeared,True,True
nxOnN-J7CTM,Andy G vs Daddy Joe D,"Bara Ko, Barako",2011-12-17,2012-03-22 07:34:31,Daddy Joe D,emcee2,scheduled,appeared,True,True
MdyybZ9wfuA,Batang Rebelde vs Jonas,"Bara Ko, Barako",2011-12-17,2012-03-18 13:06:24,Batang Rebelde,emcee1,scheduled,appeared,True,True
MdyybZ9wfuA,Batang Rebelde vs Jonas,"Bara Ko, Barako",2011-12-17,2012-03-18 13:06:24,Jonas,emcee2,scheduled,appeared,True,True
kuyv83sx5F4,Smugglaz vs Apekz,"Bara Ko, Barako",2011-12-17,2012-03-18 12:49:52,Smugglaz,emcee1,scheduled,appeared,True,True
kuyv83sx5F4,Smugglaz vs Apekz,"Bara Ko, Barako",2011-12-17,2012-03-18 12:49:52,Apekz,emcee2,scheduled,appeared,True,True
qUpS-oCRP_w,Yelshawn vs Krusa,"Bara Ko, Barako",2011-12-17,2012-03-14 15:22:18,Yelshawn,emcee1,scheduled,appeared,True,True
qUpS-oCRP_w,Yelshawn vs Krusa,"Bara Ko, Barako",2011-12-17,2012-03-14 15:22:18,Krusa,emcee2,scheduled,appeared,True,True
TBiYd5z2Rxg,Goriong Talas vs Melchrist,"Bara Ko, Barako",2011-12-17,2012-03-14 13:03:50,Goriong Talas,emcee1,scheduled,appeared,True,True
TBiYd5z2Rxg,Goriong Talas vs Melchrist,"Bara Ko, Barako",2011-12-17,2012-03-14 13:03:50,Melchrist,emcee2,scheduled,appeared,True,True
G9099LBbwhI,Papew vs Rapido,"Bara Ko, Barako",2011-12-17,2012-03-10 12:52:11,Papew,emcee1,scheduled,appeared,True,True
G9099LBbwhI,Papew vs Rapido,"Bara Ko, Barako",2011-12-17,2012-03-10 12:52:11,Rapido,emcee2,scheduled,appeared,True,True
QtNa6harpTE,Elias vs Icaruz,"Bara Ko, Barako",2011-12-17,2012-03-10 12:52:11,Elias,emcee1,scheduled,appeared,True,True
QtNa6harpTE,Elias vs Icaruz,"Bara Ko, Barako",2011-12-17,2012-03-10 12:52:11,Icaruz,emcee2,scheduled,appeared,True,True
hs_b_vaXa10,Dello vs Loonie,Ahon 3,2011-12-10,2012-03-03 16:33:42,Dello,emcee1,scheduled,appeared,True,True
hs_b_vaXa10,Dello vs Loonie,Ahon 3,2011-12-10,2012-03-03 16:33:42,Loonie,emcee2,scheduled,appeared,True,True
sWZIAQgiS0k,JedLi vs SinCity,Ahon 3,2011-12-10,2012-02-29 14:11:41,JedLi,emcee1,scheduled,appeared,True,True
sWZIAQgiS0k,JedLi vs SinCity,Ahon 3,2011-12-10,2012-02-29 14:11:41,SinCity,emcee2,scheduled,appeared,True,True
9zMOncJGHlY,Shehyee vs Silencer,Ahon 3,2011-12-10,2012-02-22 09:56:22,Shehyee,emcee1,scheduled,appeared,True,True
9zMOncJGHlY,Shehyee vs Silencer,Ahon 3,2011-12-10,2012-02-22 09:56:22,Silencer,emcee2,scheduled,appeared,True,True
DZMCYBYnvqA,Loonie vs BLKD,Ahon 3,2011-12-10,2012-02-18 16:34:09,Loonie,emcee1,scheduled,appeared,True,True
DZMCYBYnvqA,Loonie vs BLKD,Ahon 3,2011-12-10,2012-02-18 16:34:09,BLKD,emcee2,scheduled,appeared,True,True
oR0-Hl0hdt8,Sinio vs Maxford,Ahon 3,2011-12-10,2012-02-14 21:13:23,Sinio,emcee1,scheduled,appeared,True,True
oR0-Hl0hdt8,Sinio vs Maxford,Ahon 3,2011-12-10,2012-02-14 21:13:23,Maxford,emcee2,scheduled,appeared,True,True
X8om3U5HecI,Dello vs BLKD,Ahon 3,2011-12-10,2012-02-11 13:26:35,Dello,emcee1,scheduled,appeared,True,True
X8om3U5HecI,Dello vs BLKD,Ahon 3,2011-12-10,2012-02-11 13:26:35,BLKD,emcee2,scheduled,appeared,True,True
cxQGj6YFX-o,Josh G vs Durante,Ahon 3,2011-12-10,2012-02-07 21:44:16,Josh G,emcee1,scheduled,appeared,True,True
cxQGj6YFX-o,Josh G vs Durante,Ahon 3,2011-12-10,2012-02-07 21:44:16,Durante,emcee2,scheduled,appeared,True,True
N_LHmFYW47c,G-Spot vs AKT,Ahon 3,2011-12-10,2012-02-03 13:28:23,G-Spot,emcee1,scheduled,appeared,True,True
N_LHmFYW47c,G-Spot vs AKT,Ahon 3,2011-12-10,2012-02-03 13:28:23,AKT,emcee2,scheduled,appeared,True,True
X5kpi4Ih-a4,Krack vs Jhapormz,Ahon 3,2011-12-10,2012-01-31 07:45:01,Krack,emcee1,scheduled,appeared,True,True
X5kpi4Ih-a4,Krack vs Jhapormz,Ahon 3,2011-12-10,2012-01-31 07:45:01,Jhapormz,emcee2,scheduled,appeared,True,True
c54XD8GFi_o,Prosecutor Billy vs SingleShot,Ahon 3,2011-12-10,2012-01-27 22:02:48,Prosecutor Billy,emcee1,scheduled,appeared,True,True
c54XD8GFi_o,Prosecutor Billy vs SingleShot,Ahon 3,2011-12-10,2012-01-27 22:02:48,SingleShot,emcee2,scheduled,appeared,True,True
KaguQeHSnO0,Gin vs Tipsy D,Ahon 3,2011-12-10,2012-01-25 00:13:30,Gin,emcee1,scheduled,appeared,True,True
KaguQeHSnO0,Gin vs Tipsy D,Ahon 3,2011-12-10,2012-01-25 00:13:30,Tipsy D,emcee2,scheduled,appeared,True,True
IGmIZjlZwXw,Kamandag vs Shehyee,Gapo de Gulat 2,2011-11-05,2012-01-17 14:04:57,Kamandag,emcee1,scheduled,appeared,True,True
IGmIZjlZwXw,Kamandag vs Shehyee,Gapo de Gulat 2,2011-11-05,2012-01-17 14:04:57,Shehyee,emcee2,scheduled,appeared,True,True
2Nw7vTlrLDU,Prosecutor Billy vs Aklas,Gapo de Gulat 2,2011-11-05,2012-01-14 16:24:45,Prosecutor Billy,emcee1,scheduled,appeared,True,True
2Nw7vTlrLDU,Prosecutor Billy vs Aklas,Gapo de Gulat 2,2011-11-05,2012-01-14 16:24:45,Aklas,emcee2,scheduled,appeared,True,True
tMDZRsgxjo0,El D'no vs Sinio,Gapo de Gulat 2,2011-11-05,2012-01-14 11:00:46,El D'no,emcee1,scheduled,appeared,True,True
tMDZRsgxjo0,El D'no vs Sinio,Gapo de Gulat 2,2011-11-05,2012-01-14 11:00:46,Sinio,emcee2,scheduled,appeared,True,True
txpYhgz9GkY,Third D vs Mocks Wun,Gapo de Gulat 2,2011-11-05,2012-01-11 10:30:13,Third D,emcee1,scheduled,appeared,True,True
txpYhgz9GkY,Third D vs Mocks Wun,Gapo de Gulat 2,2011-11-05,2012-01-11 10:30:13,Mocks Wun,emcee2,scheduled,appeared,True,True
pV1f2jIncAQ,Sayadd vs Jhapormz,Gapo de Gulat 2,2011-11-05,2012-01-08 06:02:11,Sayadd,emcee1,scheduled,appeared,True,True
pV1f2jIncAQ,Sayadd vs Jhapormz,Gapo de Gulat 2,2011-11-05,2012-01-08 06:02:11,Jhapormz,emcee2,scheduled,appeared,True,True
LAahBvoVnVU,Tipsy D vs Toma Hawk,Gapo de Gulat 2,2011-11-05,2012-01-07 15:39:20,Tipsy D,emcee1,scheduled,appeared,True,True
LAahBvoVnVU,Tipsy D vs Toma Hawk,Gapo de Gulat 2,2011-11-05,2012-01-07 15:39:20,Toma Hawk,emcee2,scheduled,appeared,True,True
sdQtoI1GwoU,Damsa vs 2khelle,Gapo de Gulat 2,2011-11-05,2012-01-04 12:18:21,Damsa,emcee1,scheduled,appeared,True,True
sdQtoI1GwoU,Damsa vs 2khelle,Gapo de Gulat 2,2011-11-05,2012-01-04 12:18:21,2khelle,emcee2,scheduled,appeared,True,True
QGustt_7MNY,Josh G vs Kris Delano,Zoning,2011-10-22,2012-01-03 16:50:37,Josh G,emcee1,scheduled,appeared,True,True
QGustt_7MNY,Josh G vs Kris Delano,Zoning,2011-10-22,2012-01-03 16:50:37,Kris Delano,emcee2,scheduled,appeared,True,True
T7JJQe1A-_4,Plazma vs SinCity,Zoning,2011-10-22,2011-12-31 17:30:09,Plazma,emcee1,scheduled,appeared,True,True
T7JJQe1A-_4,Plazma vs SinCity,Zoning,2011-10-22,2011-12-31 17:30:09,SinCity,emcee2,scheduled,appeared,True,True
fPfLLFEqAH4,Kris Delano vs Zain Azrai,Zoning,2011-10-22,2011-12-31 14:35:13,Kris Delano,emcee1,scheduled,appeared,True,True
fPfLLFEqAH4,Kris Delano vs Zain Azrai,Zoning,2011-10-22,2011-12-31 14:35:13,Zain Azrai,emcee2,scheduled,appeared,True,True
WId4h046LGM,Ranieboy vs Notorious,Zoning,2011-10-22,2011-12-20 19:49:06,Ranieboy,emcee1,scheduled,appeared,True,True
WId4h046LGM,Ranieboy vs Notorious,Zoning,2011-10-22,2011-12-20 19:49:06,Notorious,emcee2,scheduled,appeared,True,True
x5yjKPFteLk,Smugglaz vs Caliber,Zoning,2011-10-22,2011-12-16 12:43:31,Smugglaz,emcee1,scheduled,appeared,True,True
x5yjKPFteLk,Smugglaz vs Caliber,Zoning,2011-10-22,2011-12-16 12:43:31,Caliber,emcee2,scheduled,appeared,True,True
7oOw0boQ5nU,Lloyd vs Saint Ice,Zoning,2011-10-22,2011-12-16 09:29:59,Lloyd,emcee1,scheduled,appeared,True,True
7oOw0boQ5nU,Lloyd vs Saint Ice,Zoning,2011-10-22,2011-12-16 09:29:59,Saint Ice,emcee2,scheduled,appeared,True,True
ReIeGTkmchg,Badang vs PriceTagg,Zoning,2011-10-22,2011-12-16 06:35:10,Badang,emcee1,scheduled,appeared,True,True
ReIeGTkmchg,Badang vs PriceTagg,Zoning,2011-10-22,2011-12-16 06:35:10,PriceTagg,emcee2,scheduled,appeared,True,True
fZYvA6wGOAI,Antz vs Kaream,082 Magnitude,2011-09-24,2011-12-07 13:08:01,Antz,emcee1,scheduled,appeared,True,True
fZYvA6wGOAI,Antz vs Kaream,082 Magnitude,2011-09-24,2011-12-07 13:08:01,Kaream,emcee2,scheduled,appeared,True,True
TW75mIu1ifA,Dopee vs Wangbo Loco,082 Magnitude,2011-09-24,2011-12-02 16:35:53,Dopee,emcee1,scheduled,appeared,True,True
TW75mIu1ifA,Dopee vs Wangbo Loco,082 Magnitude,2011-09-24,2011-12-02 16:35:53,Wangbo Loco,emcee2,scheduled,appeared,True,True
Mio0bOZ1W6A,Donnie vs G-Spot,082 Magnitude,2011-09-24,2011-12-02 13:35:02,Donnie,emcee1,scheduled,appeared,True,True
Mio0bOZ1W6A,Donnie vs G-Spot,082 Magnitude,2011-09-24,2011-12-02 13:35:02,G-Spot,emcee2,scheduled,appeared,True,True
tQ-S86bN-g0,Rudic vs Malupit,082 Magnitude,2011-09-24,2011-11-29 14:43:13,Rudic,emcee1,scheduled,appeared,True,True
tQ-S86bN-g0,Rudic vs Malupit,082 Magnitude,2011-09-24,2011-11-29 14:43:13,Malupit,emcee2,scheduled,appeared,True,True
7mj31KF1SPE,Ferdie vs Silent Effect,082 Magnitude,2011-09-24,2011-11-29 12:31:09,Ferdie,emcee1,scheduled,appeared,True,True
7mj31KF1SPE,Ferdie vs Silent Effect,082 Magnitude,2011-09-24,2011-11-29 12:31:09,Silent Effect,emcee2,scheduled,appeared,True,True
hlhuVlXRpFs,SingleShot vs Kalidido,082 Magnitude,2011-09-24,2011-11-26 00:56:36,SingleShot,emcee1,scheduled,appeared,True,True
hlhuVlXRpFs,SingleShot vs Kalidido,082 Magnitude,2011-09-24,2011-11-26 00:56:36,Kalidido,emcee2,scheduled,appeared,True,True
qklZkVviWXE,D-Flow Uno vs Don Busabos,082 Magnitude,2011-09-24,2011-11-25 22:32:09,D-Flow Uno,emcee1,scheduled,appeared,True,True
qklZkVviWXE,D-Flow Uno vs Don Busabos,082 Magnitude,2011-09-24,2011-11-25 22:32:09,Don Busabos,emcee2,scheduled,appeared,True,True
FfwXgpdv28A,Cool Kidd vs Madd NJ,082 Magnitude,2011-09-24,2011-11-22 18:17:56,Cool Kidd,emcee1,scheduled,appeared,True,True
FfwXgpdv28A,Cool Kidd vs Madd NJ,082 Magnitude,2011-09-24,2011-11-22 18:17:56,Madd NJ,emcee2,scheduled,appeared,True,True
B38uU44xLUE,Plazma vs Double D,082 Magnitude,2011-09-24,2011-11-22 15:29:57,Plazma,emcee1,scheduled,appeared,True,True
B38uU44xLUE,Plazma vs Double D,082 Magnitude,2011-09-24,2011-11-22 15:29:57,Double D,emcee2,scheduled,appeared,True,True
pFqlZwdOBjY,Maxford vs Snob,082 Magnitude,2011-09-24,2011-11-18 21:45:20,Maxford,emcee1,scheduled,appeared,True,True
pFqlZwdOBjY,Maxford vs Snob,082 Magnitude,2011-09-24,2011-11-18 21:45:20,Snob,emcee2,scheduled,appeared,True,True
QSaQSxrl2uA,Big Sick vs NothingElse,082 Magnitude,2011-09-24,2011-11-18 19:23:14,Big Sick,emcee1,scheduled,appeared,True,True
QSaQSxrl2uA,Big Sick vs NothingElse,082 Magnitude,2011-09-24,2011-11-18 19:23:14,NothingElse,emcee2,scheduled,appeared,True,True
tC1WSDGia8E,Daddy Joe D vs Badang,"Masamang Damo (Batas - ""Ako"" Video Launch)",2011-08-20,2011-11-15 18:56:40,Daddy Joe D,emcee1,scheduled,appeared,True,True
tC1WSDGia8E,Daddy Joe D vs Badang,"Masamang Damo (Batas - ""Ako"" Video Launch)",2011-08-20,2011-11-15 18:56:40,Badang,emcee2,scheduled,appeared,True,True
ihF7XVmS1tg,Andy G vs Notorious,"Masamang Damo (Batas - ""Ako"" Video Launch)",2011-08-20,2011-11-15 15:13:53,Andy G,emcee1,scheduled,appeared,True,True
ihF7XVmS1tg,Andy G vs Notorious,"Masamang Damo (Batas - ""Ako"" Video Launch)",2011-08-20,2011-11-15 15:13:53,Notorious,emcee2,scheduled,appeared,True,True
Z9znmJibWK0,Libs vs Tim,Dutdutan XI,2011-08-27,2011-11-11 21:19:05,Libs,emcee1,scheduled,appeared,True,True
Z9znmJibWK0,Libs vs Tim,Dutdutan XI,2011-08-27,2011-11-11 21:19:05,Tim,emcee2,scheduled,appeared,True,True
BEiSatFLop4,Target vs KJah,Vuclip,2011-07-21,2011-11-04 11:04:12,Target,emcee1,scheduled,appeared,True,True
BEiSatFLop4,Target vs KJah,Vuclip,2011-07-21,2011-11-04 11:04:12,KJah,emcee2,scheduled,appeared,True,True
XEMf6pcZHJk,Kritiko vs Lirikal,Ahon 2,2011-07-02,2011-11-01 20:19:58,Kritiko,emcee1,scheduled,appeared,True,True
XEMf6pcZHJk,Kritiko vs Lirikal,Ahon 2,2011-07-02,2011-11-01 20:19:58,Lirikal,emcee2,scheduled,appeared,True,True
knuCTZO-N58,Asero vs Melchrist,Ahon 2,2011-07-02,2011-10-29 11:52:14,Asero,emcee1,scheduled,appeared,True,True
knuCTZO-N58,Asero vs Melchrist,Ahon 2,2011-07-02,2011-10-29 11:52:14,Melchrist,emcee2,scheduled,appeared,True,True
DalmfzeuLOY,2khelle vs Ranieboy,Ahon 2,2011-07-02,2011-10-28 21:07:37,2khelle,emcee1,scheduled,appeared,True,True
DalmfzeuLOY,2khelle vs Ranieboy,Ahon 2,2011-07-02,2011-10-28 21:07:37,Ranieboy,emcee2,scheduled,appeared,True,True
l3vDaYALwBA,Dello vs Zaito,Ahon 2,2011-07-02,2011-10-26 00:55:02,Dello,emcee1,scheduled,appeared,True,True
l3vDaYALwBA,Dello vs Zaito,Ahon 2,2011-07-02,2011-10-26 00:55:02,Zaito,emcee2,scheduled,appeared,True,True
1NC16SE3fsM,Target vs Juan Tamad,Ahon 2,2011-07-01,2011-10-19 02:10:05,Target,emcee1,scheduled,appeared,True,True
1NC16SE3fsM,Target vs Juan Tamad,Ahon 2,2011-07-01,2011-10-19 02:10:05,Juan Tamad,emcee2,scheduled,appeared,True,True
ls3udVloGN4,Harlem vs Andy G,Ahon 2,2011-07-01,2011-10-12 03:24:57,Harlem,emcee1,scheduled,appeared,True,True
ls3udVloGN4,Harlem vs Andy G,Ahon 2,2011-07-01,2011-10-12 03:24:57,Andy G,emcee2,scheduled,appeared,True,True
GaAEGz4qMVY,Rudic vs Notorious,Ahon 2,2011-07-01,2011-10-11 23:16:15,Rudic,emcee1,scheduled,appeared,True,True
GaAEGz4qMVY,Rudic vs Notorious,Ahon 2,2011-07-01,2011-10-11 23:16:15,Notorious,emcee2,scheduled,appeared,True,True
4aCz9Uy2CkM,Blackleaf vs KJah,Ahon 2,2011-07-01,2011-10-08 00:39:54,Blackleaf,emcee1,scheduled,appeared,True,True
4aCz9Uy2CkM,Blackleaf vs KJah,Ahon 2,2011-07-01,2011-10-08 00:39:54,KJah,emcee2,scheduled,appeared,True,True
SLVKijYm_jE,Target vs Zaito,Dutdutan XI,2011-08-27,2011-10-01 08:21:28,Target,emcee1,scheduled,appeared,True,True
SLVKijYm_jE,Target vs Zaito,Dutdutan XI,2011-08-27,2011-10-01 08:21:28,Zaito,emcee2,scheduled,appeared,True,True
iTm5SfMnMQg,Shehyee vs Abra,Dutdutan XI,2011-08-27,2011-09-30 17:04:20,Shehyee,emcee1,scheduled,appeared,True,True
iTm5SfMnMQg,Shehyee vs Abra,Dutdutan XI,2011-08-27,2011-09-30 17:04:20,Abra,emcee2,scheduled,appeared,True,True
Mc-VCIp6fQU,Batas vs Righteous One,Ahon 2,2011-07-01,2011-09-25 11:46:30,Batas,emcee1,scheduled,appeared,True,True
Mc-VCIp6fQU,Batas vs Righteous One,Ahon 2,2011-07-01,2011-09-25 11:46:30,Righteous One,emcee2,scheduled,appeared,True,True
DCcmWiYvzo8,Lil Coli vs Krack,Ahon 2,2011-07-02,2011-09-22 21:59:27,Lil Coli,emcee1,scheduled,appeared,True,True
DCcmWiYvzo8,Lil Coli vs Krack,Ahon 2,2011-07-02,2011-09-22 21:59:27,Krack,emcee2,scheduled,appeared,True,True
C1suvPYECus,Dello vs Goriong Talas,Ahon 2,2011-07-02,2011-09-14 06:03:16,Dello,emcee1,scheduled,appeared,True,True
C1suvPYECus,Dello vs Goriong Talas,Ahon 2,2011-07-02,2011-09-14 06:03:16,Goriong Talas,emcee2,scheduled,appeared,True,True
qfxVQUQXBLI,Raynoa vs Kamandag,Ahon 2,2011-07-01,2011-09-10 11:46:01,Raynoa,emcee1,scheduled,appeared,True,True
qfxVQUQXBLI,Raynoa vs Kamandag,Ahon 2,2011-07-01,2011-09-10 11:46:01,Kamandag,emcee2,scheduled,appeared,True,True
ikxoEOGGbBk,Daddy Joe D vs Damsa,Ahon 2,2011-07-01,2011-09-06 18:18:13,Daddy Joe D,emcee1,scheduled,appeared,True,True
ikxoEOGGbBk,Daddy Joe D vs Damsa,Ahon 2,2011-07-01,2011-09-06 18:18:13,Damsa,emcee2,scheduled,appeared,True,True
_iC52xNl8k8,Badang vs Redd Blot,Grafilipinas (FlipTop x Meiday x Wall Lords),2011-07-09,2011-09-02 22:15:46,Badang,emcee1,scheduled,appeared,True,True
_iC52xNl8k8,Badang vs Redd Blot,Grafilipinas (FlipTop x Meiday x Wall Lords),2011-07-09,2011-09-02 22:15:46,Redd Blot,emcee2,scheduled,appeared,True,True
Zd10LgEP6Yg,Rudic vs Kuscan,Different Ways,2011-05-28,2011-08-27 12:26:54,Rudic,emcee1,scheduled,appeared,True,True
Zd10LgEP6Yg,Rudic vs Kuscan,Different Ways,2011-05-28,2011-08-27 12:26:54,Kuscan,emcee2,scheduled,appeared,True,True
eMIIdftRy1c,Psycho vs Ice,Different Ways,2011-05-28,2011-08-27 09:17:20,Psycho,emcee1,scheduled,appeared,True,True
eMIIdftRy1c,Psycho vs Ice,Different Ways,2011-05-28,2011-08-27 09:17:20,Ice,emcee2,scheduled,appeared,True,True
EhwWBYNQ-ao,Blackleaf vs Madd NJ,Different Ways,2011-05-28,2011-08-24 09:42:37,Blackleaf,emcee1,scheduled,appeared,True,True
EhwWBYNQ-ao,Blackleaf vs Madd NJ,Different Ways,2011-05-28,2011-08-24 09:42:37,Madd NJ,emcee2,scheduled,appeared,True,True
HUSuRfmqUPU,Malupit vs Don Busabos,Different Ways,2011-05-28,2011-08-24 05:44:32,Malupit,emcee1,scheduled,appeared,True,True
HUSuRfmqUPU,Malupit vs Don Busabos,Different Ways,2011-05-28,2011-08-24 05:44:32,Don Busabos,emcee2,scheduled,appeared,True,True
q_csUNuI1io,Snob vs G-Spot,Different Ways,2011-05-28,2011-08-20 17:44:27,Snob,emcee1,scheduled,appeared,True,True
q_csUNuI1io,Snob vs G-Spot,Different Ways,2011-05-28,2011-08-20 17:44:27,G-Spot,emcee2,scheduled,appeared,True,True
QleH6GxaMq4,Dopee vs Mac T,Different Ways,2011-05-28,2011-08-20 14:33:39,Dopee,emcee1,scheduled,appeared,True,True
QleH6GxaMq4,Dopee vs Mac T,Different Ways,2011-05-28,2011-08-20 14:33:39,Mac T,emcee2,scheduled,appeared,True,True
-VkMrtq0gMQ,Maxford vs Whitey Uno,Different Ways,2011-05-28,2011-08-17 17:54:00,Maxford,emcee1,scheduled,appeared,True,True
-VkMrtq0gMQ,Maxford vs Whitey Uno,Different Ways,2011-05-28,2011-08-17 17:54:00,Whitey Uno,emcee2,scheduled,appeared,True,True
M5zpk0TKOnw,Josh G vs MC Stiff,Silat,2011-04-09,2011-07-27 09:18:41,Josh G,emcee1,scheduled,appeared,True,True
M5zpk0TKOnw,Josh G vs MC Stiff,Silat,2011-04-09,2011-07-27 09:18:41,MC Stiff,emcee2,scheduled,appeared,True,True
OmBxq7BbQHc,Zain Azrai vs Fuego,Silat,2011-04-09,2011-07-23 20:40:48,Zain Azrai,emcee1,scheduled,appeared,True,True
OmBxq7BbQHc,Zain Azrai vs Fuego,Silat,2011-04-09,2011-07-23 20:40:48,Fuego,emcee2,scheduled,appeared,True,True
RGRRZp_D5Ww,One3d vs Kris Delano,Silat,2011-04-09,2011-07-20 14:13:06,One3d,emcee1,scheduled,appeared,True,True
RGRRZp_D5Ww,One3d vs Kris Delano,Silat,2011-04-09,2011-07-20 14:13:06,Kris Delano,emcee2,scheduled,appeared,True,True
Fzqt-vEfXTU,Tim vs Aaron G,Silat,2011-04-09,2011-07-20 11:11:23,Tim,emcee1,scheduled,appeared,True,True
Fzqt-vEfXTU,Tim vs Aaron G,Silat,2011-04-09,2011-07-20 11:11:23,Aaron G,emcee2,scheduled,appeared,True,True
1B55iUByytU,SinCity vs Protege,Silat,2011-04-09,2011-07-16 13:59:39,SinCity,emcee1,scheduled,appeared,True,True
1B55iUByytU,SinCity vs Protege,Silat,2011-04-09,2011-07-16 13:59:39,Protege,emcee2,scheduled,appeared,True,True
_TxcOeThlFk,Libs vs MC Stiff,Silat,2011-04-09,2011-07-13 10:53:34,Libs,emcee1,scheduled,appeared,True,True
_TxcOeThlFk,Libs vs MC Stiff,Silat,2011-04-09,2011-07-13 10:53:34,MC Stiff,emcee2,scheduled,appeared,True,True
8cCVmz-EbsY,Plazma vs Double Dice,Silat,2011-04-09,2011-07-09 01:33:26,Plazma,emcee1,scheduled,appeared,True,True
8cCVmz-EbsY,Plazma vs Double Dice,Silat,2011-04-09,2011-07-09 01:33:26,Double Dice,emcee2,scheduled,appeared,True,True
0nbfFjinPZk,Protege vs Tactmatic,Silat,2011-04-09,2011-07-06 08:27:52,Protege,emcee1,scheduled,appeared,True,True
0nbfFjinPZk,Protege vs Tactmatic,Silat,2011-04-09,2011-07-06 08:27:52,Tactmatic,emcee2,scheduled,appeared,True,True
NxM__Gyzd74,Dello vs Shehyee,Grain Assault 2,2011-02-05,2011-06-22 02:32:32,Dello,emcee1,scheduled,appeared,True,True
NxM__Gyzd74,Dello vs Shehyee,Grain Assault 2,2011-02-05,2011-06-22 02:32:32,Shehyee,emcee2,scheduled,appeared,True,True
9tClNQncsmY,Daddy Joe D vs Juan Tamad,Grain Assault 2,2011-02-05,2011-06-17 05:35:59,Daddy Joe D,emcee1,scheduled,appeared,True,True
9tClNQncsmY,Daddy Joe D vs Juan Tamad,Grain Assault 2,2011-02-05,2011-06-17 05:35:59,Juan Tamad,emcee2,scheduled,appeared,True,True
gMbOaMHX9gc,Harlem vs Badang,Grain Assault 2,2011-02-05,2011-06-14 23:09:50,Harlem,emcee1,scheduled,appeared,True,True
gMbOaMHX9gc,Harlem vs Badang,Grain Assault 2,2011-02-05,2011-06-14 23:09:50,Badang,emcee2,scheduled,appeared,True,True
fDnv4tyVwCw,Toma Hawk vs Goriong Talas,Grain Assault 2,2011-02-05,2011-06-09 15:08:51,Toma Hawk,emcee1,scheduled,appeared,True,True
fDnv4tyVwCw,Toma Hawk vs Goriong Talas,Grain Assault 2,2011-02-05,2011-06-09 15:08:51,Goriong Talas,emcee2,scheduled,appeared,True,True
_hdnb8OUfPc,AKT vs Damsa,Grain Assault 2,2011-02-05,2011-06-08 11:21:04,AKT,emcee1,scheduled,appeared,True,True
_hdnb8OUfPc,AKT vs Damsa,Grain Assault 2,2011-02-05,2011-06-08 11:21:04,Damsa,emcee2,scheduled,appeared,True,True
-pLlZ38uGTQ,Harlem vs Dhictah,Tectonics,2010-12-04,2011-05-25 16:48:49,Harlem,emcee1,scheduled,appeared,True,True
-pLlZ38uGTQ,Harlem vs Dhictah,Tectonics,2010-12-04,2011-05-25 16:48:49,Dhictah,emcee2,scheduled,appeared,True,True
g1K-6S2irVo,SinCity vs NothingElse,Tectonics,2010-12-04,2011-05-25 13:26:11,SinCity,emcee1,scheduled,appeared,True,True
g1K-6S2irVo,SinCity vs NothingElse,Tectonics,2010-12-04,2011-05-25 13:26:11,NothingElse,emcee2,scheduled,appeared,True,True
gWS3he5USoY,Shehyee vs BLKD,Tectonics,2010-12-04,2011-05-20 14:59:40,Shehyee,emcee1,scheduled,appeared,True,True
gWS3he5USoY,Shehyee vs BLKD,Tectonics,2010-12-04,2011-05-20 14:59:40,BLKD,emcee2,scheduled,appeared,True,True
aoOpkS5TxOQ,Josh G vs Fuego,Tectonics,2010-12-04,2011-05-20 11:32:26,Josh G,emcee1,scheduled,appeared,True,True
aoOpkS5TxOQ,Josh G vs Fuego,Tectonics,2010-12-04,2011-05-20 11:32:26,Fuego,emcee2,scheduled,appeared,True,True
m4ma55OJfPA,JedLi vs Blasian,Tectonics,2010-12-04,2011-05-18 11:36:33,JedLi,emcee1,scheduled,appeared,True,True
m4ma55OJfPA,JedLi vs Blasian,Tectonics,2010-12-04,2011-05-18 11:36:33,Blasian,emcee2,scheduled,appeared,True,True
RY9m-uvCRv4,Plazma vs Kris Delano,Tectonics,2010-12-04,2011-05-18 10:02:19,Plazma,emcee1,scheduled,appeared,True,True
RY9m-uvCRv4,Plazma vs Kris Delano,Tectonics,2010-12-04,2011-05-18 10:02:19,Kris Delano,emcee2,scheduled,appeared,True,True
BmOn5Vgbh_I,Dello vs Kial,Tectonics,2010-12-04,2011-05-15 15:58:16,Dello,emcee1,scheduled,appeared,True,True
BmOn5Vgbh_I,Dello vs Kial,Tectonics,2010-12-04,2011-05-15 15:58:16,Kial,emcee2,scheduled,appeared,True,True
66oaaIWgJec,Skarm vs Luck Loosh,Tectonics,2010-12-04,2011-05-14 12:36:08,Skarm,emcee1,scheduled,appeared,True,True
66oaaIWgJec,Skarm vs Luck Loosh,Tectonics,2010-12-04,2011-05-14 12:36:08,Luck Loosh,emcee2,scheduled,appeared,True,True
KJyVEnsp3Qw,Dalmacio Armas vs Kritiko,Sabong Sumulong,2010-11-12,2011-05-06 22:21:07,Dalmacio Armas,emcee1,scheduled,appeared,True,True
KJyVEnsp3Qw,Dalmacio Armas vs Kritiko,Sabong Sumulong,2010-11-12,2011-05-06 22:21:07,Kritiko,emcee2,scheduled,appeared,True,True
IOBo4xjOFHc,Daddy Joe D vs Negatibo,Sabong Sumulong,2010-11-12,2011-05-06 20:16:12,Daddy Joe D,emcee1,scheduled,appeared,True,True
IOBo4xjOFHc,Daddy Joe D vs Negatibo,Sabong Sumulong,2010-11-12,2011-05-06 20:16:12,Negatibo,emcee2,scheduled,appeared,True,True
QsQkNDepZBU,BLKD vs Melchrist,Sabong Sumulong,2010-11-12,2011-05-06 18:03:54,BLKD,emcee1,scheduled,appeared,True,True
QsQkNDepZBU,BLKD vs Melchrist,Sabong Sumulong,2010-11-12,2011-05-06 18:03:54,Melchrist,emcee2,scheduled,appeared,True,True
hgjFFpGjm8U,Shehyee vs Andy G,Sabong Sumulong,2010-11-12,2011-05-06 15:48:41,Shehyee,emcee1,scheduled,appeared,True,True
hgjFFpGjm8U,Shehyee vs Andy G,Sabong Sumulong,2010-11-12,2011-05-06 15:48:41,Andy G,emcee2,scheduled,appeared,True,True
YYWDRruGRdU,Slimer vs Bizzy,Sabong Sumulong,2010-11-12,2011-05-04 11:17:57,Slimer,emcee1,scheduled,appeared,True,True
YYWDRruGRdU,Slimer vs Bizzy,Sabong Sumulong,2010-11-12,2011-05-04 11:17:57,Bizzy,emcee2,scheduled,appeared,True,True
SA6IObK6n8w,Lil Coli vs Caliber,Sabong Sumulong,2010-11-12,2011-05-04 09:50:44,Lil Coli,emcee1,scheduled,appeared,True,True
SA6IObK6n8w,Lil Coli vs Caliber,Sabong Sumulong,2010-11-12,2011-05-04 09:50:44,Caliber,emcee2,scheduled,appeared,True,True
bP_NEGKsMHE,Lil Sisa vs Hearty,Sabong Sumulong,2010-11-12,2011-05-04 09:07:35,Lil Sisa,emcee1,scheduled,appeared,True,True
bP_NEGKsMHE,Lil Sisa vs Hearty,Sabong Sumulong,2010-11-12,2011-05-04 09:07:35,Hearty,emcee2,scheduled,appeared,True,True
PRvfe_bUCiI,Kahir vs Righteous One,Sabong Sumulong,2010-11-12,2011-05-04 05:37:27,Kahir,emcee1,scheduled,appeared,True,True
PRvfe_bUCiI,Kahir vs Righteous One,Sabong Sumulong,2010-11-12,2011-05-04 05:37:27,Righteous One,emcee2,scheduled,appeared,True,True
zX7cZsU9DAE,BLKD vs 2khelle,Gapo de Gulat,2010-10-29,2011-04-16 02:37:14,BLKD,emcee1,scheduled,appeared,True,True
zX7cZsU9DAE,BLKD vs 2khelle,Gapo de Gulat,2010-10-29,2011-04-16 02:37:14,2khelle,emcee2,scheduled,appeared,True,True
XeN1B_Iq3sM,Sayadd vs AKT,Gapo de Gulat,2010-10-29,2011-04-15 23:38:28,Sayadd,emcee1,scheduled,appeared,True,True
XeN1B_Iq3sM,Sayadd vs AKT,Gapo de Gulat,2010-10-29,2011-04-15 23:38:28,AKT,emcee2,scheduled,appeared,True,True
5EZmvzYZFQg,Daddy Joe D vs Asero,Gapo de Gulat,2010-10-29,2011-04-15 21:42:25,Daddy Joe D,emcee1,scheduled,appeared,True,True
5EZmvzYZFQg,Daddy Joe D vs Asero,Gapo de Gulat,2010-10-29,2011-04-15 21:42:25,Asero,emcee2,scheduled,appeared,True,True
14J2y8M6khE,Libs vs NellyBoy,Gapo de Gulat,2010-10-29,2011-04-15 18:45:18,Libs,emcee1,scheduled,appeared,True,True
14J2y8M6khE,Libs vs NellyBoy,Gapo de Gulat,2010-10-29,2011-04-15 18:45:18,NellyBoy,emcee2,scheduled,appeared,True,True
91LI7YJhoWE,Kahir vs Toma Hawk,Gapo de Gulat,2010-10-29,2011-04-15 16:04:35,Kahir,emcee1,scheduled,appeared,True,True
91LI7YJhoWE,Kahir vs Toma Hawk,Gapo de Gulat,2010-10-29,2011-04-15 16:04:35,Toma Hawk,emcee2,scheduled,appeared,True,True
Tb5x9JfFXWc,Aklas vs Lirikal,Gapo de Gulat,2010-10-29,2011-04-15 13:06:36,Aklas,emcee1,scheduled,appeared,True,True
Tb5x9JfFXWc,Aklas vs Lirikal,Gapo de Gulat,2010-10-29,2011-04-15 13:06:36,Lirikal,emcee2,scheduled,appeared,True,True
tugQ1MVgIco,KJah vs Kamandag,Gapo de Gulat,2010-10-29,2011-04-15 10:57:49,KJah,emcee1,scheduled,appeared,True,True
tugQ1MVgIco,KJah vs Kamandag,Gapo de Gulat,2010-10-29,2011-04-15 10:57:49,Kamandag,emcee2,scheduled,appeared,True,True
c52WK4bfyM0,SinCity vs Tim,Sabong Sumulong,2010-11-12,2011-04-06 13:37:25,SinCity,emcee1,scheduled,appeared,True,True
c52WK4bfyM0,SinCity vs Tim,Sabong Sumulong,2010-11-12,2011-04-06 13:37:25,Tim,emcee2,scheduled,appeared,True,True
CZiwp4MdXZI,Goriong Talas vs Redd Blot,Down N South,2010-09-25,2011-04-02 12:13:44,Goriong Talas,emcee1,scheduled,appeared,True,True
CZiwp4MdXZI,Goriong Talas vs Redd Blot,Down N South,2010-09-25,2011-04-02 12:13:44,Redd Blot,emcee2,scheduled,appeared,True,True
9spsx70cwLk,Apekz vs Andy G,Down N South,2010-09-25,2011-04-02 09:25:10,Apekz,emcee1,scheduled,appeared,True,True
9spsx70cwLk,Apekz vs Andy G,Down N South,2010-09-25,2011-04-02 09:25:10,Andy G,emcee2,scheduled,appeared,True,True
KcUSJTR-SsA,Harlem vs Caliber,Down N South,2010-09-25,2011-04-01 16:24:42,Harlem,emcee1,scheduled,appeared,True,True
KcUSJTR-SsA,Harlem vs Caliber,Down N South,2010-09-25,2011-04-01 16:24:42,Caliber,emcee2,scheduled,appeared,True,True
WWHa_Wp_yRc,Apoc vs Verb,Down N South,2010-09-25,2011-04-01 14:04:28,Apoc,emcee1,scheduled,appeared,True,True
WWHa_Wp_yRc,Apoc vs Verb,Down N South,2010-09-25,2011-04-01 14:04:28,Verb,emcee2,scheduled,appeared,True,True
V7o88-MmF9I,Aklas vs Kahir,Down N South,2010-09-25,2011-03-19 06:39:22,Aklas,emcee1,scheduled,appeared,True,True
V7o88-MmF9I,Aklas vs Kahir,Down N South,2010-09-25,2011-03-19 06:39:22,Kahir,emcee2,scheduled,appeared,True,True
_fo50Wh4Neg,One3d vs Libs,Down N South,2010-09-25,2011-03-13 14:37:51,One3d,emcee1,scheduled,appeared,True,True
_fo50Wh4Neg,One3d vs Libs,Down N South,2010-09-25,2011-03-13 14:37:51,Libs,emcee2,scheduled,appeared,True,True
af_zZbz54vo,JedLi vs Plazma,Down N South,2010-09-25,2011-03-04 14:59:49,JedLi,emcee1,scheduled,appeared,True,True
af_zZbz54vo,JedLi vs Plazma,Down N South,2010-09-25,2011-03-04 14:59:49,Plazma,emcee2,scheduled,appeared,True,True
oOL9jzuO5pU,Protege vs RBTO,Down N South,2010-09-25,2011-02-21 23:13:45,Protege,emcee1,scheduled,appeared,True,True
oOL9jzuO5pU,Protege vs RBTO,Down N South,2010-09-25,2011-02-21 23:13:45,RBTO,emcee2,scheduled,appeared,True,True
aieEdqr4xsM,Target vs Datu,Tectonics,2010-12-04,2011-01-29 20:31:46,Target,emcee1,scheduled,appeared,True,True
aieEdqr4xsM,Target vs Datu,Tectonics,2010-12-04,2011-01-29 20:31:46,Datu,emcee2,scheduled,appeared,True,True
tAdGCvvcuSE,BLKD vs Sayadd,Down N South,2010-09-25,2011-01-28 15:10:01,BLKD,emcee1,scheduled,appeared,True,True
tAdGCvvcuSE,BLKD vs Sayadd,Down N South,2010-09-25,2011-01-28 15:10:01,Sayadd,emcee2,scheduled,appeared,True,True
yMHt2591Sns,Juan Tamad vs Flict-G,Down N South,2010-09-25,2011-01-20 03:52:23,Juan Tamad,emcee1,scheduled,appeared,True,True
yMHt2591Sns,Juan Tamad vs Flict-G,Down N South,2010-09-25,2011-01-20 03:52:23,Flict-G,emcee2,scheduled,appeared,True,True
HsF7_8DNMYA,Fuego vs Kris Delano,Down N South,2010-09-25,2010-12-31 14:24:59,Fuego,emcee1,scheduled,appeared,True,True
HsF7_8DNMYA,Fuego vs Kris Delano,Down N South,2010-09-25,2010-12-31 14:24:59,Kris Delano,emcee2,scheduled,appeared,True,True
5BiDPaDZHzo,Anygma vs Dirtbag Dan,Tectonics,2010-12-04,2010-12-30 22:31:21,Anygma,emcee1,scheduled,appeared,True,True
5BiDPaDZHzo,Anygma vs Dirtbag Dan,Tectonics,2010-12-04,2010-12-30 22:31:21,Dirtbag Dan,emcee2,scheduled,appeared,True,True
l4OwcE3-dBc,Abra vs Zaito,Down N South,2010-09-25,2010-12-24 20:58:59,Abra,emcee1,scheduled,appeared,True,True
l4OwcE3-dBc,Abra vs Zaito,Down N South,2010-09-25,2010-12-24 20:58:59,Zaito,emcee2,scheduled,appeared,True,True
p6K3R-siWNQ,Damsa vs Smugglaz,Down N South,2010-09-25,2010-12-24 01:46:36,Damsa,emcee1,scheduled,appeared,True,True
p6K3R-siWNQ,Damsa vs Smugglaz,Down N South,2010-09-25,2010-12-24 01:46:36,Smugglaz,emcee2,scheduled,appeared,True,True
eZ12YeQQrWY,Skarm vs SinCity,Down N South,2010-09-25,2010-12-13 11:05:56,Skarm,emcee1,scheduled,appeared,True,True
eZ12YeQQrWY,Skarm vs SinCity,Down N South,2010-09-25,2010-12-13 11:05:56,SinCity,emcee2,scheduled,appeared,True,True
OMumUHqPkLk,Dhictah vs Fuego,Bwelta Balentong,2010-07-17,2010-11-28 15:20:14,Dhictah,emcee1,scheduled,appeared,True,True
OMumUHqPkLk,Dhictah vs Fuego,Bwelta Balentong,2010-07-17,2010-11-28 15:20:14,Fuego,emcee2,scheduled,appeared,True,True
iZ1NGi-DtbM,Shehyee vs Juan Tamad,Bwelta Balentong,2010-07-17,2010-11-17 09:30:32,Shehyee,emcee1,scheduled,appeared,True,True
iZ1NGi-DtbM,Shehyee vs Juan Tamad,Bwelta Balentong,2010-07-17,2010-11-17 09:30:32,Juan Tamad,emcee2,scheduled,appeared,True,True
besCYPi5FOw,Apekz vs Daddy Joe D,Bwelta Balentong,2010-07-17,2010-11-08 17:41:37,Apekz,emcee1,scheduled,appeared,True,True
besCYPi5FOw,Apekz vs Daddy Joe D,Bwelta Balentong,2010-07-17,2010-11-08 17:41:37,Daddy Joe D,emcee2,scheduled,appeared,True,True
a1VJZulfzUE,Abra vs Harlem,Bwelta Balentong,2010-07-17,2010-10-31 16:56:23,Abra,emcee1,scheduled,appeared,True,True
a1VJZulfzUE,Abra vs Harlem,Bwelta Balentong,2010-07-17,2010-10-31 16:56:23,Harlem,emcee2,scheduled,appeared,True,True
abu-X3HuLDQ,Zaito vs Silencer,Bwelta Balentong,2010-07-17,2010-10-22 14:59:34,Zaito,emcee1,scheduled,appeared,True,True
abu-X3HuLDQ,Zaito vs Silencer,Bwelta Balentong,2010-07-17,2010-10-22 14:59:34,Silencer,emcee2,scheduled,appeared,True,True
oiaPWXuhLeY,Verb vs Mike Makata,Ahon,2010-05-15,2010-09-17 15:14:56,Verb,emcee1,scheduled,appeared,True,True
oiaPWXuhLeY,Verb vs Mike Makata,Ahon,2010-05-15,2010-09-17 15:14:56,Mike Makata,emcee2,scheduled,appeared,True,True
AlMMBKKEqls,Apekz vs Snatch,Ahon,2010-05-15,2010-09-12 16:13:52,Apekz,emcee1,scheduled,appeared,True,True
AlMMBKKEqls,Apekz vs Snatch,Ahon,2010-05-15,2010-09-12 16:13:52,Snatch,emcee2,scheduled,appeared,True,True
643fEjk8ApA,Daddy Joe D vs Shehyee,Ahon,2010-05-15,2010-09-07 08:55:08,Daddy Joe D,emcee1,scheduled,appeared,True,True
643fEjk8ApA,Daddy Joe D vs Shehyee,Ahon,2010-05-15,2010-09-07 08:55:08,Shehyee,emcee2,scheduled,appeared,True,True
esPXg5uQIgI,Plazma vs Tim,Ahon,2010-05-15,2010-09-02 12:49:23,Plazma,emcee1,scheduled,appeared,True,True
esPXg5uQIgI,Plazma vs Tim,Ahon,2010-05-15,2010-09-02 12:49:23,Tim,emcee2,scheduled,appeared,True,True
EynkMnr4pfc,Ghandi vs Sev,Ahon,2010-05-15,2010-08-23 17:29:50,Ghandi,emcee1,scheduled,appeared,True,True
EynkMnr4pfc,Ghandi vs Sev,Ahon,2010-05-15,2010-08-23 17:29:50,Sev,emcee2,scheduled,appeared,True,True
HYXGRNluj-o,Apekz vs Harlem,Second Sight,2010-03-20,2010-08-21 08:42:09,Apekz,emcee1,scheduled,appeared,True,True
HYXGRNluj-o,Apekz vs Harlem,Second Sight,2010-03-20,2010-08-21 08:42:09,Harlem,emcee2,scheduled,appeared,True,True
rGMcIGfnTL4,Tim vs DimeBag Daryl,Second Sight,2010-03-20,2010-08-20 14:24:10,Tim,emcee1,scheduled,appeared,True,True
rGMcIGfnTL4,Tim vs DimeBag Daryl,Second Sight,2010-03-20,2010-08-20 14:24:10,DimeBag Daryl,emcee2,scheduled,appeared,True,True
35dwmikdYGA,Juan Tamad vs Silencer,Ahon,2010-05-15,2010-08-01 09:02:43,Juan Tamad,emcee1,scheduled,appeared,True,True
35dwmikdYGA,Juan Tamad vs Silencer,Ahon,2010-05-15,2010-08-01 09:02:43,Silencer,emcee2,scheduled,appeared,True,True
Tycr21-NO5s,Batas vs Fuego,Ahon,2010-05-15,2010-07-13 03:16:55,Batas,emcee1,scheduled,appeared,True,True
Tycr21-NO5s,Batas vs Fuego,Ahon,2010-05-15,2010-07-13 03:16:55,Fuego,emcee2,scheduled,appeared,True,True
mG9m-4IQ1cU,NothingElse vs Abra,Ahon,2010-05-15,2010-07-03 04:27:52,NothingElse,emcee1,scheduled,appeared,True,True
mG9m-4IQ1cU,NothingElse vs Abra,Ahon,2010-05-15,2010-07-03 04:27:52,Abra,emcee2,scheduled,appeared,True,True
2Bp7TcNO-CY,Loonie vs Zaito,Ahon,2010-05-15,2010-06-18 13:49:33,Loonie,emcee1,scheduled,appeared,True,True
2Bp7TcNO-CY,Loonie vs Zaito,Ahon,2010-05-15,2010-06-18 13:49:33,Zaito,emcee2,scheduled,appeared,True,True
2YY0cWUulaE,Skarm vs Josh G,Ahon,2010-05-15,2010-06-11 21:58:03,Skarm,emcee1,scheduled,appeared,True,True
2YY0cWUulaE,Skarm vs Josh G,Ahon,2010-05-15,2010-06-11 21:58:03,Josh G,emcee2,scheduled,appeared,True,True
IyH87QWShus,Batas vs Abra,Grain Assault,2010-02-06,2010-06-11 18:47:32,Batas,emcee1,scheduled,appeared,True,True
IyH87QWShus,Batas vs Abra,Grain Assault,2010-02-06,2010-06-11 18:47:32,Abra,emcee2,scheduled,appeared,True,True
2A84cY0Ehu0,JedLi vs Apoc,Grain Assault,2010-02-06,2010-06-11 18:02:17,JedLi,emcee1,scheduled,appeared,True,True
2A84cY0Ehu0,JedLi vs Apoc,Grain Assault,2010-02-06,2010-06-11 18:02:17,Apoc,emcee2,scheduled,appeared,True,True
0eJm70U0TiE,Dello vs Target,Ahon,2010-05-15,2010-06-01 19:02:00,Dello,emcee1,scheduled,appeared,True,True
0eJm70U0TiE,Dello vs Target,Ahon,2010-05-15,2010-06-01 19:02:00,Target,emcee2,scheduled,appeared,True,True
qQYa5kkggXg,Plazma vs Apoc,Second Sight,2010-03-20,2010-05-04 09:48:43,Plazma,emcee1,scheduled,appeared,True,True
qQYa5kkggXg,Plazma vs Apoc,Second Sight,2010-03-20,2010-05-04 09:48:43,Apoc,emcee2,scheduled,appeared,True,True
Y4l-HpCaHmQ,Target vs Luke,Second Sight,2010-03-20,2010-04-21 15:36:02,Target,emcee1,scheduled,appeared,True,True
Y4l-HpCaHmQ,Target vs Luke,Second Sight,2010-03-20,2010-04-21 15:36:02,Luke,emcee2,scheduled,appeared,True,True
g_5D-FOK75Y,Cameltoe vs Dhictah,Second Sight,2010-03-20,2010-04-20 19:47:29,Cameltoe,emcee1,scheduled,appeared,True,True
g_5D-FOK75Y,Cameltoe vs Dhictah,Second Sight,2010-03-20,2010-04-20 19:47:29,Dhictah,emcee2,scheduled,appeared,True,True
sm_XzM8EvyI,Loonie vs Gap,Second Sight,2010-03-20,2010-04-09 19:47:45,Loonie,emcee1,scheduled,appeared,True,True
sm_XzM8EvyI,Loonie vs Gap,Second Sight,2010-03-20,2010-04-09 19:47:45,Gap,emcee2,scheduled,appeared,True,True
uBPRuWTbphw,Dello vs Batas,Second Sight,2010-03-20,2010-03-30 22:15:37,Dello,emcee1,scheduled,appeared,True,True
uBPRuWTbphw,Dello vs Batas,Second Sight,2010-03-20,2010-03-30 22:15:37,Batas,emcee2,scheduled,appeared,True,True
DFiv3v33Be8,Fuego vs Protege,Grain Assault,2010-02-06,2010-03-12 08:58:05,Fuego,emcee1,scheduled,appeared,True,True
DFiv3v33Be8,Fuego vs Protege,Grain Assault,2010-02-06,2010-03-12 08:58:05,Protege,emcee2,scheduled,appeared,True,True
RniJ4PflyMI,Datu vs Cameltoe,Grain Assault,2010-02-06,2010-03-11 22:32:36,Datu,emcee1,scheduled,appeared,True,True
RniJ4PflyMI,Datu vs Cameltoe,Grain Assault,2010-02-06,2010-03-11 22:32:36,Cameltoe,emcee2,scheduled,appeared,True,True
