video_id,view_count,like_count,comment_count,observed_at,checked_at,fetch_status
-04s-hMjTgI,1594443,15046,2118,2026-09-11T04:44:04Z,2026-09-11T04:44:04Z,ok
-0vVf6C-ikQ,1033639,12278,1398,2026-09-11T04:44:04Z,2026-09-11T04:44:04Z,ok
-1rRcKsjX_M,539238,7092,954,2026-09-11T04:44:04Z,2026-09-11T04:44:04Z,ok
-Aqn-8-VGMI,200772,570,202,2026-09-11T04:44:04Z,2026-09-11T04:44:04Z,ok
-D6mQMbL3SU,639344,1217,788,2026-09-11T04:44:04Z,2026-09-11T04:44:04Z,ok
-JXx_n60obA,5558565,68917,8453,2026-09-11T04:44:04Z,2026-09-11T04:44:04Z,ok
-KHsKhqyMrw,422581,1107,569,2026-09-11T04:44:04Z,2026-09-11T04:44:04Z,ok
-LKFyIMoZ7w,1618724,27098,4962,2026-09-11T04:44:04Z,2026-09-11T04:44:04Z,ok
-NDBdz_Y2oQ,2913283,8848,1198,2026-09-11T04:44:04Z,2026-09-11T04:44:04Z,ok
-OV0BU4JZLI,1992028,25635,2863,2026-09-11T04:44:04Z,2026-09-11T04:44:04Z,ok
-Odk9mL3QeM,381716,5401,1353,2026-09-11T04:44:04Z,2026-09-11T04:44:04Z,ok
-Peab0i7NUM,226667,752,463,2026-09-11T04:44:04Z,2026-09-11T04:44:04Z,ok
-QITnyrLGXg,127110,247,437,2026-09-11T04:44:04Z,2026-09-11T04:44:04Z,ok
-QKKtOnXYFA,320340,1002,277,2026-09-11T04:44:04Z,2026-09-11T04:44:04Z,ok
-RFFeYRXtoE,281671,561,626,2026-09-11T04:44:04Z,2026-09-11T04:44:04Z,ok
-T81TO87M0U,34983,897,90,2026-09-11T04:44:04Z,2026-09-11T04:44:04Z,ok
-VkCoPH4HMo,549055,3522,1410,2026-09-11T04:44:04Z,2026-09-11T04:44:04Z,ok
-VkMrtq0gMQ,113136,268,297,2026-09-11T04:44:04Z,2026-09-11T04:44:04Z,ok
-WWGTud_GRo,42388,313,140,2026-09-11T04:44:04Z,2026-09-11T04:44:04Z,ok
-_VXG3lDocs,62518,361,118,2026-09-11T04:44:04Z,2026-09-11T04:44:04Z,ok
-a6ZetjGhWA,70767,1496,166,2026-09-11T04:44:04Z,2026-09-11T04:44:04Z,ok
-cqeVeoHFmI,677770,12238,1713,2026-09-11T04:44:04Z,2026-09-11T04:44:04Z,ok
-hqTt6zIn3Q,51162,1221,188,2026-09-11T04:44:04Z,2026-09-11T04:44:04Z,ok
-ka96VmMuCU,6161060,17871,4968,2026-09-11T04:44:04Z,2026-09-11T04:44:04Z,ok
-kbb9YSmDu4,655565,9000,853,2026-09-11T04:44:04Z,2026-09-11T04:44:04Z,ok
-mQxq66Ycnw,74222,995,163,2026-09-11T04:44:04Z,2026-09-11T04:44:04Z,ok
-mqIJqDnpls,102790,2019,252,2026-09-11T04:44:04Z,2026-09-11T04:44:04Z,ok
-omScjxUAf4,451487,7865,1198,2026-09-11T04:44:04Z,2026-09-11T04:44:04Z,ok
-pDXe4AsDZ4,1293372,19876,2816,2026-09-11T04:44:04Z,2026-09-11T04:44:04Z,ok
-pLlZ38uGTQ,463231,633,1155,2026-09-11T04:44:04Z,2026-09-11T04:44:04Z,ok
-u7pMP1YS3Q,124929,3587,480,2026-09-11T04:44:04Z,2026-09-11T04:44:04Z,ok
0-THBJ1O01Q,38655,885,114,2026-09-11T04:44:04Z,2026-09-11T04:44:04Z,ok
02tOO0Lydhw,455397,7851,1758,2026-09-11T04:44:04Z,2026-09-11T04:44:04Z,ok
07rjhuTjhUU,2355967,33151,14205,2026-09-11T04:44:04Z,2026-09-11T04:44:04Z,ok
08NeE3miVG8,142029,2198,240,2026-09-11T04:44:04Z,2026-09-11T04:44:04Z,ok
0ALUCCfv4hw,454594,1708,295,2026-09-11T04:44:04Z,2026-09-11T04:44:04Z,ok
0BIGq728WGk,3706706,57668,2907,2026-09-11T04:44:04Z,2026-09-11T04:44:04Z,ok
0Cf65PjHm84,3896797,13966,4375,2026-09-11T04:44:04Z,2026-09-11T04:44:04Z,ok
0D-CTVoRknU,38280,429,26,2026-09-11T04:44:04Z,2026-09-11T04:44:04Z,ok
0DVdi9FC2n8,196352,2458,399,2026-09-11T04:44:04Z,2026-09-11T04:44:04Z,ok
0E9arT-OVEU,33504,720,104,2026-09-11T04:44:04Z,2026-09-11T04:44:04Z,ok
0EtSrsxM8FE,212634,2175,153,2026-09-11T04:44:04Z,2026-09-11T04:44:04Z,ok
0HQ39ERiuJM,950271,2119,1254,2026-09-11T04:44:04Z,2026-09-11T04:44:04Z,ok
0HTTD8GyNTE,58433,594,79,2026-09-11T04:44:04Z,2026-09-11T04:44:04Z,ok
0J-RPIsHVrk,159740,3024,568,2026-09-11T04:44:04Z,2026-09-11T04:44:04Z,ok
0M2adnT2OF8,21295,548,63,2026-09-11T04:44:04Z,2026-09-11T04:44:04Z,ok
0QXZ4Ujh4Ys,861295,13117,1259,2026-09-11T04:44:04Z,2026-09-11T04:44:04Z,ok
0QbmkanhfH4,49862,730,19,2026-09-11T04:44:04Z,2026-09-11T04:44:04Z,ok
0R8EkQKxA8Y,1237434,17655,1850,2026-09-11T04:44:04Z,2026-09-11T04:44:04Z,ok
0UQz8vVVSNY,1450196,17571,3351,2026-09-11T04:44:04Z,2026-09-11T04:44:04Z,ok
0UocNDCuHfg,145027,856,196,2026-09-11T04:44:04Z,2026-09-11T04:44:04Z,ok
0Vuvh7PIjpg,141507,2342,336,2026-09-11T04:44:04Z,2026-09-11T04:44:04Z,ok
0XZ24-yO8Zk,7937985,90354,9788,2026-09-11T04:44:04Z,2026-09-11T04:44:04Z,ok
0Xp8NbyXrWY,736026,10078,1387,2026-09-11T04:44:04Z,2026-09-11T04:44:04Z,ok
0_8OSf89YT8,119372,225,168,2026-09-11T04:44:04Z,2026-09-11T04:44:04Z,ok
0_C0HO-EXLY,413251,6800,1464,2026-09-11T04:44:04Z,2026-09-11T04:44:04Z,ok
0_HjAGTVFlA,27083,837,84,2026-09-11T04:44:04Z,2026-09-11T04:44:04Z,ok
0_LgttsUhT4,240678,2643,519,2026-09-11T04:44:04Z,2026-09-11T04:44:04Z,ok
0bjh99QQspY,843503,12588,2452,2026-09-11T04:44:04Z,2026-09-11T04:44:04Z,ok
0d8GMq5a0y0,2066709,7147,1681,2026-09-11T04:44:04Z,2026-09-11T04:44:04Z,ok
0eJm70U0TiE,16656061,36178,10235,2026-09-11T04:44:04Z,2026-09-11T04:44:04Z,ok
0iBWRK2loOE,985134,16685,6549,2026-09-11T04:44:04Z,2026-09-11T04:44:04Z,ok
0j3OM9TOsbU,54059,1070,118,2026-09-11T04:44:04Z,2026-09-11T04:44:04Z,ok
0kU2HySNaWc,32884,754,22,2026-09-11T04:44:04Z,2026-09-11T04:44:04Z,ok
0mhijQSSIGE,321588,12799,1151,2026-09-11T04:44:04Z,2026-09-11T04:44:04Z,ok
0nbfFjinPZk,150267,505,313,2026-09-11T04:44:04Z,2026-09-11T04:44:04Z,ok
0qqcwmbRg7Y,2401832,4881,2316,2026-09-11T04:44:04Z,2026-09-11T04:44:04Z,ok
0tJXmIsKkBE,1427420,20082,3343,2026-09-11T04:44:04Z,2026-09-11T04:44:04Z,ok
0vJSKdQxlZw,596173,1608,399,2026-09-11T04:44:04Z,2026-09-11T04:44:04Z,ok
0xbnNthStkU,162587,2684,376,2026-09-11T04:44:04Z,2026-09-11T04:44:04Z,ok
0zOguB9zokA,249592,2204,774,2026-09-11T04:44:04Z,2026-09-11T04:44:04Z,ok
11fQ9CWqelw,47657,32,66,2026-09-11T04:44:04Z,2026-09-11T04:44:04Z,ok
14ClRbFdYIk,236201,5139,367,2026-09-11T04:44:04Z,2026-09-11T04:44:04Z,ok
14J2y8M6khE,80903,163,184,2026-09-11T04:44:04Z,2026-09-11T04:44:04Z,ok
14t3uPL08vU,668567,11002,1166,2026-09-11T04:44:04Z,2026-09-11T04:44:04Z,ok
15FnwiXTplY,2391357,17648,3460,2026-09-11T04:44:04Z,2026-09-11T04:44:04Z,ok
164ZdfD0Svs,21771,307,63,2026-09-11T04:44:04Z,2026-09-11T04:44:04Z,ok
19ZJhdRPmsY,194568,328,422,2026-09-11T04:44:04Z,2026-09-11T04:44:04Z,ok
1AlIjahnvDA,150530,1444,151,2026-09-11T04:44:04Z,2026-09-11T04:44:04Z,ok
1B55iUByytU,285175,982,830,2026-09-11T04:44:04Z,2026-09-11T04:44:04Z,ok
1EvA88qE9lU,336753,4562,756,2026-09-11T04:44:04Z,2026-09-11T04:44:04Z,ok
1GtRT0z4iyg,9211943,142655,26080,2026-09-11T04:44:04Z,2026-09-11T04:44:04Z,ok
1H3j68DfUUY,371889,4472,817,2026-09-11T04:44:04Z,2026-09-11T04:44:04Z,ok
1HBQBkEhofE,872269,10036,1873,2026-09-11T04:44:04Z,2026-09-11T04:44:04Z,ok
1HbIj0o29hc,1340913,19173,4493,2026-09-11T04:44:04Z,2026-09-11T04:44:04Z,ok
1I6Ed9IWUaQ,1069146,5839,871,2026-09-11T04:44:04Z,2026-09-11T04:44:04Z,ok
1JBHCZI1h1w,880229,2648,1236,2026-09-11T04:44:04Z,2026-09-11T04:44:04Z,ok
1KrvZoGoNE4,240581,3605,646,2026-09-11T04:44:04Z,2026-09-11T04:44:04Z,ok
1LzOO-vrl_8,2961628,34416,5288,2026-09-11T04:44:04Z,2026-09-11T04:44:04Z,ok
1NC16SE3fsM,2104372,4030,2192,2026-09-11T04:44:04Z,2026-09-11T04:44:04Z,ok
1VYLBwYusrs,710485,5079,1352,2026-09-11T04:44:04Z,2026-09-11T04:44:04Z,ok
1Vqr075jVlE,32982,893,71,2026-09-11T04:44:04Z,2026-09-11T04:44:04Z,ok
1YLbAs1Kgsk,3356389,61546,14902,2026-09-11T04:44:04Z,2026-09-11T04:44:04Z,ok
1YTyeNSmIHQ,1501537,6191,1859,2026-09-11T04:44:04Z,2026-09-11T04:44:04Z,ok
1YqlZqI3ueI,792235,11066,1806,2026-09-11T04:44:04Z,2026-09-11T04:44:04Z,ok
1ZTZoVklqCk,290123,1062,468,2026-09-11T04:44:04Z,2026-09-11T04:44:04Z,ok
1aWrd8znNLQ,120115,294,287,2026-09-11T04:44:04Z,2026-09-11T04:44:04Z,ok
1bBLeIRdlO4,1479753,24554,4252,2026-09-11T04:44:04Z,2026-09-11T04:44:04Z,ok
1bdH_i8ruXI,57891,456,83,2026-09-11T04:44:04Z,2026-09-11T04:44:04Z,ok
1cE6llbgX0I,1549840,29216,7586,2026-09-11T04:44:04Z,2026-09-11T04:44:04Z,ok
1d44YlxPrQA,269913,4507,1959,2026-09-11T04:44:04Z,2026-09-11T04:44:04Z,ok
1e3vj4Usj34,4752715,33061,4366,2026-09-11T04:44:04Z,2026-09-11T04:44:04Z,ok
1f75SGY2CHQ,207067,3814,862,2026-09-11T04:44:04Z,2026-09-11T04:44:04Z,ok
1fJpNkR6zcw,1155828,3114,1476,2026-09-11T04:44:04Z,2026-09-11T04:44:04Z,ok
1ilAmoIxtaA,112215,1204,431,2026-09-11T04:44:04Z,2026-09-11T04:44:04Z,ok
1j-wiDr9C3s,89484,1892,230,2026-09-11T04:44:04Z,2026-09-11T04:44:04Z,ok
1k6hPM09Qac,1007875,14139,5286,2026-09-11T04:44:04Z,2026-09-11T04:44:04Z,ok
1nu-djugtrM,8477651,14524,3532,2026-09-11T04:44:04Z,2026-09-11T04:44:04Z,ok
1nzfB0KCKN4,1729608,28926,3801,2026-09-11T04:44:04Z,2026-09-11T04:44:04Z,ok
1odPyhj--DE,591654,2050,606,2026-09-11T04:44:04Z,2026-09-11T04:44:04Z,ok
1x2LTkW2768,1215170,10382,2184,2026-09-11T04:44:04Z,2026-09-11T04:44:04Z,ok
1xdwg-Y170U,948716,2671,910,2026-09-11T04:44:04Z,2026-09-11T04:44:04Z,ok
1xv3-I5Rmc4,235656,543,102,2026-09-11T04:44:04Z,2026-09-11T04:44:04Z,ok
1zlZiX9IOIY,1652978,5904,5925,2026-09-11T04:44:04Z,2026-09-11T04:44:04Z,ok
23agp8pFHEM,1307861,17625,8815,2026-09-11T04:44:04Z,2026-09-11T04:44:04Z,ok
26gZITBXE1U,12351,176,19,2026-09-11T04:44:04Z,2026-09-11T04:44:04Z,ok
2A84cY0Ehu0,197036,111,33,2026-09-11T04:44:04Z,2026-09-11T04:44:04Z,ok
2Bp7TcNO-CY,17789259,35169,9448,2026-09-11T04:44:04Z,2026-09-11T04:44:04Z,ok
2C_-pYY1PIc,24765,487,33,2026-09-11T04:44:04Z,2026-09-11T04:44:04Z,ok
2ERmUL5955A,37794,830,98,2026-09-11T04:44:04Z,2026-09-11T04:44:04Z,ok
2Elz1rsZi1A,50312,622,114,2026-09-11T04:44:04Z,2026-09-11T04:44:04Z,ok
2Fwm1XD1u30,269911,4898,4240,2026-09-11T04:44:04Z,2026-09-11T04:44:04Z,ok
2NLEQ3bzyC0,3322421,48380,5402,2026-09-11T04:44:04Z,2026-09-11T04:44:04Z,ok
2Nw7vTlrLDU,265426,763,756,2026-09-11T04:44:04Z,2026-09-11T04:44:04Z,ok
2Rmxrj9ukp0,1198449,19931,3443,2026-09-11T04:44:04Z,2026-09-11T04:44:04Z,ok
2YFbapDeR2M,884160,2480,519,2026-09-11T04:44:04Z,2026-09-11T04:44:04Z,ok
2YY0cWUulaE,859317,608,523,2026-09-11T04:44:04Z,2026-09-11T04:44:04Z,ok
2YZeen-wrTU,152809,339,540,2026-09-11T04:44:04Z,2026-09-11T04:44:04Z,ok
2Z5tbTdxbn8,1762198,21683,3451,2026-09-11T04:44:04Z,2026-09-11T04:44:04Z,ok
2dN44Lee_lw,206889,284,198,2026-09-11T04:44:04Z,2026-09-11T04:44:04Z,ok
2eMdyjE-GnU,35566,1092,170,2026-09-11T04:44:04Z,2026-09-11T04:44:04Z,ok
2ewn5ouwwpM,99726,831,270,2026-09-11T04:44:04Z,2026-09-11T04:44:04Z,ok
2fjm0a3xgBk,240374,1836,596,2026-09-11T04:44:04Z,2026-09-11T04:44:04Z,ok
2gkoGqwBdSw,74602,360,44,2026-09-11T04:44:04Z,2026-09-11T04:44:04Z,ok
2iPWsmUjyTI,338939,672,626,2026-09-11T04:44:04Z,2026-09-11T04:44:04Z,ok
2ijVNRFIVfM,1916338,29738,5412,2026-09-11T04:44:04Z,2026-09-11T04:44:04Z,ok
2jpJQTkLvUQ,3825379,20962,4475,2026-09-11T04:44:04Z,2026-09-11T04:44:04Z,ok
2mz8Nn81Olw,1853377,6516,2077,2026-09-11T04:44:04Z,2026-09-11T04:44:04Z,ok
2nM5-LeGZKA,163939,317,189,2026-09-11T04:44:04Z,2026-09-11T04:44:04Z,ok
2pJKSarss28,510514,895,1149,2026-09-11T04:44:04Z,2026-09-11T04:44:04Z,ok
2qp3PpMBv-o,317028,820,973,2026-09-11T04:44:04Z,2026-09-11T04:44:04Z,ok
2r4UuOjyvDI,12131,336,54,2026-09-11T04:44:04Z,2026-09-11T04:44:04Z,ok
2s5K0j5ko8I,129729,2612,375,2026-09-11T04:44:04Z,2026-09-11T04:44:04Z,ok
2vHtrELWqjc,42807,406,263,2026-09-11T04:44:04Z,2026-09-11T04:44:04Z,ok
2vg1zFN0dGc,773620,4056,935,2026-09-11T04:44:04Z,2026-09-11T04:44:04Z,ok
2wN9ovaWnLY,95048,1855,164,2026-09-11T04:44:04Z,2026-09-11T04:44:04Z,ok
2yTEwBzV62M,1682380,18545,1570,2026-09-11T04:44:04Z,2026-09-11T04:44:04Z,ok
34FLjdDR-iw,108730,191,47,2026-09-11T04:44:04Z,2026-09-11T04:44:04Z,ok
35dwmikdYGA,3673553,3359,2846,2026-09-11T04:44:04Z,2026-09-11T04:44:04Z,ok
37LUCDgwGEQ,418330,7075,635,2026-09-11T04:44:04Z,2026-09-11T04:44:04Z,ok
37O6AE4DWN8,2778112,18818,3106,2026-09-11T04:44:04Z,2026-09-11T04:44:04Z,ok
388iaJryNbA,268784,538,254,2026-09-11T04:44:04Z,2026-09-11T04:44:04Z,ok
396ezGukhgc,21422,493,87,2026-09-11T04:44:04Z,2026-09-11T04:44:04Z,ok
3EpABZlJ444,9779096,39226,4628,2026-09-11T04:44:04Z,2026-09-11T04:44:04Z,ok
3JidI-4GQ0E,534907,8196,868,2026-09-11T04:44:04Z,2026-09-11T04:44:04Z,ok
3QhphyqAMf8,562897,1239,969,2026-09-11T04:44:04Z,2026-09-11T04:44:04Z,ok
3TGFI8zob8s,342739,1109,545,2026-09-11T04:44:04Z,2026-09-11T04:44:04Z,ok
3TbIXrON348,13831,271,24,2026-09-11T04:44:04Z,2026-09-11T04:44:04Z,ok
3Vwg12bn99E,1873942,7251,1579,2026-09-11T04:44:04Z,2026-09-11T04:44:04Z,ok
3YY0xcGIaYc,1195022,19461,2851,2026-09-11T04:44:04Z,2026-09-11T04:44:04Z,ok
3_SZ5Z8P2Ms,209912,2781,503,2026-09-11T04:44:04Z,2026-09-11T04:44:04Z,ok
3_zsDmT7iJ4,2346642,30209,3432,2026-09-11T04:44:04Z,2026-09-11T04:44:04Z,ok
3a5vru3xLII,634169,8844,879,2026-09-11T04:44:04Z,2026-09-11T04:44:04Z,ok
3eokoKdkfRw,412926,1770,374,2026-09-11T04:44:04Z,2026-09-11T04:44:04Z,ok
3eyR6mN5dsI,169519,2609,39,2026-09-11T04:44:04Z,2026-09-11T04:44:04Z,ok
3kRMC1okjsQ,5645221,52097,4320,2026-09-11T04:44:04Z,2026-09-11T04:44:04Z,ok
3n-APHn1anY,982409,6777,763,2026-09-11T04:44:04Z,2026-09-11T04:44:04Z,ok
3nKuMzW1ODY,595476,687,1062,2026-09-11T04:44:04Z,2026-09-11T04:44:04Z,ok
3oN5NukbXfE,771633,16120,1589,2026-09-11T04:44:04Z,2026-09-11T04:44:04Z,ok
3p7Vqg7TG4o,481763,4143,1362,2026-09-11T04:44:04Z,2026-09-11T04:44:04Z,ok
3yHJfcQT57E,2742031,9010,4491,2026-09-11T04:44:04Z,2026-09-11T04:44:04Z,ok
3yLoj3zcFVU,1189868,22537,4197,2026-09-11T04:44:04Z,2026-09-11T04:44:04Z,ok
3yPiNH-_zrk,16954825,49921,13448,2026-09-11T04:44:04Z,2026-09-11T04:44:04Z,ok
3z5Tka-MoHU,31388,474,74,2026-09-11T04:44:04Z,2026-09-11T04:44:04Z,ok
3z8jqwu_yUM,224472,581,410,2026-09-11T04:44:04Z,2026-09-11T04:44:04Z,ok
44FVeCvuW90,2095586,18820,3287,2026-09-11T04:44:04Z,2026-09-11T04:44:04Z,ok
49QL1Cbcr4U,2812736,31950,6193,2026-09-11T04:44:04Z,2026-09-11T04:44:04Z,ok
49WKFFOWdFk,18127,427,38,2026-09-11T04:44:04Z,2026-09-11T04:44:04Z,ok
49rL1zf3Cng,30165,678,47,2026-09-11T04:44:04Z,2026-09-11T04:44:04Z,ok
4A7s-DcqbO8,802379,2254,1277,2026-09-11T04:44:04Z,2026-09-11T04:44:04Z,ok
4ArwR3pz-24,1095489,4732,1915,2026-09-11T04:44:04Z,2026-09-11T04:44:04Z,ok
4C-cytF1OzM,7583708,40350,4665,2026-09-11T04:44:04Z,2026-09-11T04:44:04Z,ok
4DLJ60CgDp8,48922755,556487,32810,2026-09-11T04:44:04Z,2026-09-11T04:44:04Z,ok
4DN3rg8tPDY,885922,6724,1977,2026-09-11T04:44:04Z,2026-09-11T04:44:04Z,ok
4DsyxBYu76Q,111072,190,135,2026-09-11T04:44:04Z,2026-09-11T04:44:04Z,ok
4E26bKTu7Fs,127499,1582,425,2026-09-11T04:44:04Z,2026-09-11T04:44:04Z,ok
4EkD9bZHBKw,283388,4920,1050,2026-09-11T04:44:04Z,2026-09-11T04:44:04Z,ok
4IKJS0fuIKA,37988,647,76,2026-09-11T04:44:04Z,2026-09-11T04:44:04Z,ok
4PHwmSSthyo,373854,5820,1203,2026-09-11T04:44:04Z,2026-09-11T04:44:04Z,ok
4R5fSQbq7VE,86944,3378,534,2026-09-11T04:44:04Z,2026-09-11T04:44:04Z,ok
4SbQCiMrVRM,170526,2770,595,2026-09-11T04:44:04Z,2026-09-11T04:44:04Z,ok
4Vbk46hUyB4,90387,194,143,2026-09-11T04:44:04Z,2026-09-11T04:44:04Z,ok
4XRHLa6JA_Y,132257,2360,526,2026-09-11T04:44:04Z,2026-09-11T04:44:04Z,ok
4XjH4uGirQw,5471473,31089,3413,2026-09-11T04:44:04Z,2026-09-11T04:44:04Z,ok
4aCz9Uy2CkM,407987,1246,785,2026-09-11T04:44:04Z,2026-09-11T04:44:04Z,ok
4fcs6VHx6Ig,47372,673,136,2026-09-11T04:44:04Z,2026-09-11T04:44:04Z,ok
4hDKK1pfx4o,716981,11067,2052,2026-09-11T04:44:04Z,2026-09-11T04:44:04Z,ok
4iP-N9qMdrA,327606,5903,671,2026-09-11T04:44:04Z,2026-09-11T04:44:04Z,ok
4lHioMBcZ-Q,99848,59,40,2026-09-11T04:44:04Z,2026-09-11T04:44:04Z,ok
4lIEulWFdDk,509004,1994,858,2026-09-11T04:44:04Z,2026-09-11T04:44:04Z,ok
4moYcs4NS0w,3452886,50494,5968,2026-09-11T04:44:04Z,2026-09-11T04:44:04Z,ok
4pu3_mB6tZ8,46304,1356,168,2026-09-11T04:44:04Z,2026-09-11T04:44:04Z,ok
4q03MeiA3VI,59356,1435,206,2026-09-11T04:44:04Z,2026-09-11T04:44:04Z,ok
4upCrIZXSP8,354830,2057,778,2026-09-11T04:44:04Z,2026-09-11T04:44:04Z,ok
4xcV1n9huqs,42369,599,59,2026-09-11T04:44:04Z,2026-09-11T04:44:04Z,ok
4yAuym4jGLU,6560143,50202,7854,2026-09-11T04:44:04Z,2026-09-11T04:44:04Z,ok
4zw073EH6Vk,632330,12011,1280,2026-09-11T04:44:04Z,2026-09-11T04:44:04Z,ok
5-62W3XuQmg,18865602,59228,17708,2026-09-11T04:44:04Z,2026-09-11T04:44:04Z,ok
5BiDPaDZHzo,4285780,14333,4815,2026-09-11T04:44:04Z,2026-09-11T04:44:04Z,ok
5DekXYXq9e0,52586,629,39,2026-09-11T04:44:04Z,2026-09-11T04:44:04Z,ok
5EZmvzYZFQg,147897,210,375,2026-09-11T04:44:04Z,2026-09-11T04:44:04Z,ok
5HHTRGt-Vc4,188964,3170,568,2026-09-11T04:44:04Z,2026-09-11T04:44:04Z,ok
5HzADOge5TA,1242010,920,866,2026-09-11T04:44:04Z,2026-09-11T04:44:04Z,ok
5L9DAVcIqvw,1687805,29424,5675,2026-09-11T04:44:04Z,2026-09-11T04:44:04Z,ok
5NfRBaZYyUA,1688595,20023,2551,2026-09-11T04:44:04Z,2026-09-11T04:44:04Z,ok
5QMvZIAmVZA,184875,642,267,2026-09-11T04:44:04Z,2026-09-11T04:44:04Z,ok
5S_Gu23VKTw,64839,1071,217,2026-09-11T04:44:04Z,2026-09-11T04:44:04Z,ok
5THk6fd-FIY,247556,3524,675,2026-09-11T04:44:04Z,2026-09-11T04:44:04Z,ok
5WJF4ZOtsAE,602255,7737,759,2026-09-11T04:44:04Z,2026-09-11T04:44:04Z,ok
5XJFz0DYnAw,398315,6341,1007,2026-09-11T04:44:04Z,2026-09-11T04:44:04Z,ok
5cfmKMM8-EY,69936,215,116,2026-09-11T04:44:04Z,2026-09-11T04:44:04Z,ok
5gJ0NsiJF5k,4272620,69742,12726,2026-09-11T04:44:04Z,2026-09-11T04:44:04Z,ok
5j4NHuHReBY,150077,1671,265,2026-09-11T04:44:04Z,2026-09-11T04:44:04Z,ok
5lB7DFQsyhc,587137,9945,1514,2026-09-11T04:44:04Z,2026-09-11T04:44:04Z,ok
5mYgPAwGqf8,3127610,11455,2131,2026-09-11T04:44:04Z,2026-09-11T04:44:04Z,ok
5mgtcYNJki8,134696,2184,368,2026-09-11T04:44:04Z,2026-09-11T04:44:04Z,ok
5soFpWhc11w,60111,86,157,2026-09-11T04:44:04Z,2026-09-11T04:44:04Z,ok
5uEyb6iA3Gw,2737019,25091,7696,2026-09-11T04:44:04Z,2026-09-11T04:44:04Z,ok
643fEjk8ApA,1086065,1314,1290,2026-09-11T04:44:04Z,2026-09-11T04:44:04Z,ok
66oaaIWgJec,135806,585,362,2026-09-11T04:44:04Z,2026-09-11T04:44:04Z,ok
6779WtjrhaY,86251,769,268,2026-09-11T04:44:04Z,2026-09-11T04:44:04Z,ok
6AifhCa39w4,293633,548,566,2026-09-11T04:44:04Z,2026-09-11T04:44:04Z,ok
6CT0qxiUVBk,158858,2452,626,2026-09-11T04:44:04Z,2026-09-11T04:44:04Z,ok
6G5yQvjWv1I,643357,9976,1000,2026-09-11T04:44:04Z,2026-09-11T04:44:04Z,ok
6GL_xyhHccs,291704,4351,544,2026-09-11T04:44:04Z,2026-09-11T04:44:04Z,ok
6HjZ27CyX0Q,737087,4663,2074,2026-09-11T04:44:04Z,2026-09-11T04:44:04Z,ok
6JODJBIPTvo,152756,1417,421,2026-09-11T04:44:04Z,2026-09-11T04:44:04Z,ok
6PL2y_RN8Xk,1389173,19950,3070,2026-09-11T04:44:04Z,2026-09-11T04:44:04Z,ok
6ROUOiyY3g0,765558,13426,2180,2026-09-11T04:44:04Z,2026-09-11T04:44:04Z,ok
6UXA1bqB8vQ,143728,1243,386,2026-09-11T04:44:04Z,2026-09-11T04:44:04Z,ok
6ZEBxLxg4TE,2039226,6915,4140,2026-09-11T04:44:04Z,2026-09-11T04:44:04Z,ok
6bZCmerU6EU,490767,7901,1082,2026-09-11T04:44:04Z,2026-09-11T04:44:04Z,ok
6c08d7qImP0,1514908,19247,3304,2026-09-11T04:44:04Z,2026-09-11T04:44:04Z,ok
6gOjF282aNg,500045,7624,1302,2026-09-11T04:44:04Z,2026-09-11T04:44:04Z,ok
6l8_-UgExnQ,417810,504,452,2026-09-11T04:44:04Z,2026-09-11T04:44:04Z,ok
6rbRPPUEuUI,3190171,13639,2093,2026-09-11T04:44:04Z,2026-09-11T04:44:04Z,ok
6sBWZ_rNxyQ,272844,506,653,2026-09-11T04:44:04Z,2026-09-11T04:44:04Z,ok
6xpS4wcNePw,1922260,19674,4371,2026-09-11T04:44:04Z,2026-09-11T04:44:04Z,ok
6yBjaqa7K08,124291,3407,3109,2026-09-11T04:44:04Z,2026-09-11T04:44:04Z,ok
6zDkRsAAtbw,26548284,109504,12377,2026-09-11T04:44:04Z,2026-09-11T04:44:04Z,ok
70a_EIa6AnQ,13785006,251823,22001,2026-09-11T04:44:04Z,2026-09-11T04:44:04Z,ok
71Jc8_WBk48,141470,211,389,2026-09-11T04:44:04Z,2026-09-11T04:44:04Z,ok
71gi9Ix82rA,511321,2570,532,2026-09-11T04:44:04Z,2026-09-11T04:44:04Z,ok
71p-Kd-duyY,568136,8202,812,2026-09-11T04:44:04Z,2026-09-11T04:44:04Z,ok
74SHTjhH0ko,13230,371,40,2026-09-11T04:44:04Z,2026-09-11T04:44:04Z,ok
769OqI16Hhg,7533215,32135,6312,2026-09-11T04:44:04Z,2026-09-11T04:44:04Z,ok
7BvVtT7HB60,62745,1191,204,2026-09-11T04:44:04Z,2026-09-11T04:44:04Z,ok
7IVyPIKdxuA,680647,9171,9900,2026-09-11T04:44:04Z,2026-09-11T04:44:04Z,ok
7LCR0D4v-f8,46956,839,151,2026-09-11T04:44:04Z,2026-09-11T04:44:04Z,ok
7NnO4MUiGLA,216963,124,442,2026-09-11T04:44:04Z,2026-09-11T04:44:04Z,ok
7QnkH5vCGwQ,2700626,8549,2005,2026-09-11T04:44:04Z,2026-09-11T04:44:04Z,ok
7RFE3Zwb5zQ,744752,8939,1591,2026-09-11T04:44:04Z,2026-09-11T04:44:04Z,ok
7T8zNOHHZzs,861215,14748,2867,2026-09-11T04:44:04Z,2026-09-11T04:44:04Z,ok
7WzKJnLCSBo,78222,2320,390,2026-09-11T04:44:04Z,2026-09-11T04:44:04Z,ok
7_7Xv8gTJp4,309180,4743,1142,2026-09-11T04:44:04Z,2026-09-11T04:44:04Z,ok
7bin__8qDes,38887,771,80,2026-09-11T04:44:04Z,2026-09-11T04:44:04Z,ok
7d-QG0k2ItI,225043,3050,468,2026-09-11T04:44:04Z,2026-09-11T04:44:04Z,ok
7d0UyzZlOrE,323150,4989,625,2026-09-11T04:44:04Z,2026-09-11T04:44:04Z,ok
7fE8JLD70jw,49997,307,190,2026-09-11T04:44:04Z,2026-09-11T04:44:04Z,ok
7hqx5gp-NW0,20651,411,33,2026-09-11T04:44:04Z,2026-09-11T04:44:04Z,ok
7iQSEd0VfSQ,626202,2610,1334,2026-09-11T04:44:04Z,2026-09-11T04:44:04Z,ok
7kD2fF2qz0k,1203896,2569,1822,2026-09-11T04:44:04Z,2026-09-11T04:44:04Z,ok
7lZBja968lU,62536,1994,211,2026-09-11T04:44:04Z,2026-09-11T04:44:04Z,ok
7mj31KF1SPE,67046,181,98,2026-09-11T04:44:04Z,2026-09-11T04:44:04Z,ok
7nXDBR5w30o,901378,1084,794,2026-09-11T04:44:04Z,2026-09-11T04:44:04Z,ok
7oOw0boQ5nU,248075,566,351,2026-09-11T04:44:04Z,2026-09-11T04:44:04Z,ok
7qwAfRQCQak,8671835,44509,6494,2026-09-11T04:44:04Z,2026-09-11T04:44:04Z,ok
7rjqA-IWl_o,203480,2987,626,2026-09-11T04:44:04Z,2026-09-11T04:44:04Z,ok
7sDVqDsw5vc,316056,3857,789,2026-09-11T04:44:04Z,2026-09-11T04:44:04Z,ok
7udBpNFp1J4,306263,348,1478,2026-09-11T04:44:04Z,2026-09-11T04:44:04Z,ok
7zTePLcK0gE,229238,352,199,2026-09-11T04:44:04Z,2026-09-11T04:44:04Z,ok
8-Pder4GRd4,462495,1153,429,2026-09-11T04:44:04Z,2026-09-11T04:44:04Z,ok
80b0N-IJJU8,9233139,79600,14971,2026-09-11T04:44:04Z,2026-09-11T04:44:04Z,ok
831o9JDhamE,24697,423,35,2026-09-11T04:44:04Z,2026-09-11T04:44:04Z,ok
83ETXECXtO0,14214,328,29,2026-09-11T04:44:04Z,2026-09-11T04:44:04Z,ok
84zTU423C4c,1339629,25194,2794,2026-09-11T04:44:04Z,2026-09-11T04:44:04Z,ok
86YkNfkWM6E,326004,692,500,2026-09-11T04:44:04Z,2026-09-11T04:44:04Z,ok
87f6nD_l-JU,6859471,28394,5116,2026-09-11T04:44:04Z,2026-09-11T04:44:04Z,ok
88qjru3sRf0,1153083,18621,1806,2026-09-11T04:44:04Z,2026-09-11T04:44:04Z,ok
8CtAfkytUgQ,1703125,29286,3703,2026-09-11T04:44:04Z,2026-09-11T04:44:04Z,ok
8KgHKDpbrVM,3890322,52903,13063,2026-09-11T04:44:04Z,2026-09-11T04:44:04Z,ok
8LfumGngWl0,40480,700,55,2026-09-11T04:44:04Z,2026-09-11T04:44:04Z,ok
8PyI7i0lQQ4,111184,296,261,2026-09-11T04:44:04Z,2026-09-11T04:44:04Z,ok
8SIg5aTlCns,22463,435,74,2026-09-11T04:44:04Z,2026-09-11T04:44:04Z,ok
8UMk5DbRX-Y,5033799,40755,6070,2026-09-11T04:44:04Z,2026-09-11T04:44:04Z,ok
8ZwGSJHu14E,25347,30,71,2026-09-11T04:44:04Z,2026-09-11T04:44:04Z,ok
8cCVmz-EbsY,91161,104,126,2026-09-11T04:44:04Z,2026-09-11T04:44:04Z,ok
8dB8lNFiOEw,929187,3664,559,2026-09-11T04:44:04Z,2026-09-11T04:44:04Z,ok
8dXE0Y0iSXw,151904,2193,474,2026-09-11T04:44:04Z,2026-09-11T04:44:04Z,ok
8dhpA82Cxc4,39562,704,73,2026-09-11T04:44:04Z,2026-09-11T04:44:04Z,ok
8eQQ0f7Eo4k,444535,1252,481,2026-09-11T04:44:04Z,2026-09-11T04:44:04Z,ok
8iEzx2dDJBA,424644,1438,494,2026-09-11T04:44:04Z,2026-09-11T04:44:04Z,ok
8nD6vrvx1uo,170295,588,218,2026-09-11T04:44:04Z,2026-09-11T04:44:04Z,ok
8ojejswb3Lw,6756883,45833,8550,2026-09-11T04:44:04Z,2026-09-11T04:44:04Z,ok
8rkpWLjizKI,47530,1587,271,2026-09-11T04:44:04Z,2026-09-11T04:44:04Z,ok
8siA6iWJDM0,294580,1299,884,2026-09-11T04:44:04Z,2026-09-11T04:44:04Z,ok
8uO1viLYMSE,203756,2851,493,2026-09-11T04:44:04Z,2026-09-11T04:44:04Z,ok
8z417WOZ4Po,650349,8529,1256,2026-09-11T04:44:04Z,2026-09-11T04:44:04Z,ok
906DViRVArw,605770,2599,874,2026-09-11T04:44:04Z,2026-09-11T04:44:04Z,ok
90TBRGUCSV4,531870,9074,1970,2026-09-11T04:44:04Z,2026-09-11T04:44:04Z,ok
91LI7YJhoWE,259358,423,941,2026-09-11T04:44:04Z,2026-09-11T04:44:04Z,ok
951knu3FaAM,497650,2039,413,2026-09-11T04:44:04Z,2026-09-11T04:44:04Z,ok
979slH4hAr4,27528,497,60,2026-09-11T04:44:04Z,2026-09-11T04:44:04Z,ok
9EqIc5wJ2OQ,75499,2215,221,2026-09-11T04:44:04Z,2026-09-11T04:44:04Z,ok
9Fcq6pEO2XE,897054,7496,2123,2026-09-11T04:44:04Z,2026-09-11T04:44:04Z,ok
9HYCWMi3aFg,2591678,9671,1970,2026-09-11T04:44:04Z,2026-09-11T04:44:04Z,ok
9JAF7iICrWI,386982,1255,587,2026-09-11T04:44:04Z,2026-09-11T04:44:04Z,ok
9KwZXnxqwHo,111658,249,121,2026-09-11T04:44:04Z,2026-09-11T04:44:04Z,ok
9OYcH1Om_0s,9738816,45900,6022,2026-09-11T04:44:04Z,2026-09-11T04:44:04Z,ok
9QS2maf9eZk,104083,1660,321,2026-09-11T04:44:04Z,2026-09-11T04:44:04Z,ok
9R0Si38leAg,78628,957,127,2026-09-11T04:44:04Z,2026-09-11T04:44:04Z,ok
9SMQqF1nlic,328566,4140,440,2026-09-11T04:44:04Z,2026-09-11T04:44:04Z,ok
9WLG5gCqAbs,6842240,23912,7412,2026-09-11T04:44:04Z,2026-09-11T04:44:04Z,ok
9XZCXAE8xSw,56331,1302,232,2026-09-11T04:44:04Z,2026-09-11T04:44:04Z,ok
9ZQBQ6dbi1A,49836,867,3,2026-09-11T04:44:04Z,2026-09-11T04:44:04Z,ok
9bd3jglzTNI,800210,11680,2089,2026-09-11T04:44:04Z,2026-09-11T04:44:04Z,ok
9mLXDRzq0CM,100570,1234,191,2026-09-11T04:44:04Z,2026-09-11T04:44:04Z,ok
9nu7LGPqOrU,129731,2020,311,2026-09-11T04:44:04Z,2026-09-11T04:44:04Z,ok
9rjJ6MPp10w,212087,519,147,2026-09-11T04:44:04Z,2026-09-11T04:44:04Z,ok
9spsx70cwLk,1280449,3324,1736,2026-09-11T04:44:04Z,2026-09-11T04:44:04Z,ok
9tClNQncsmY,717666,1064,658,2026-09-11T04:44:04Z,2026-09-11T04:44:04Z,ok
9va2PIVTpMc,1008522,16618,2415,2026-09-11T04:44:04Z,2026-09-11T04:44:04Z,ok
9wMa-7mTXAk,511003,6400,1360,2026-09-11T04:44:04Z,2026-09-11T04:44:04Z,ok
9x73t90-RPc,2809880,14421,2386,2026-09-11T04:44:04Z,2026-09-11T04:44:04Z,ok
9xWuT-atbuo,169953,3221,900,2026-09-11T04:44:04Z,2026-09-11T04:44:04Z,ok
9xwBIOUF_lI,2429134,8776,4192,2026-09-11T04:44:04Z,2026-09-11T04:44:04Z,ok
9yKx7_cVchE,1172028,4660,1660,2026-09-11T04:44:04Z,2026-09-11T04:44:04Z,ok
9zMOncJGHlY,716319,983,1496,2026-09-11T04:44:04Z,2026-09-11T04:44:04Z,ok
A2C5ZH86OpY,184494,2504,549,2026-09-11T04:44:04Z,2026-09-11T04:44:04Z,ok
A42tEZLiw7A,683406,1973,671,2026-09-11T04:44:04Z,2026-09-11T04:44:04Z,ok
A4S2yofCP7k,274586,2337,1254,2026-09-11T04:44:04Z,2026-09-11T04:44:04Z,ok
A6A1JXf5CvY,160605,960,215,2026-09-11T04:44:04Z,2026-09-11T04:44:04Z,ok
ACj9U03S0Ac,99855,1489,224,2026-09-11T04:44:04Z,2026-09-11T04:44:04Z,ok
AFN3ByL2DHw,28955,579,67,2026-09-11T04:44:04Z,2026-09-11T04:44:04Z,ok
AGvrtaQPb3c,283306,3661,705,2026-09-11T04:44:04Z,2026-09-11T04:44:04Z,ok
AH12D7OCEVM,669428,9390,1068,2026-09-11T04:44:04Z,2026-09-11T04:44:04Z,ok
AJFu5YCV8BY,228972,5677,647,2026-09-11T04:44:04Z,2026-09-11T04:44:04Z,ok
AJlCGpeDI4M,179730,608,316,2026-09-11T04:44:04Z,2026-09-11T04:44:04Z,ok
AJm-kGThUfk,683237,1986,839,2026-09-11T04:44:04Z,2026-09-11T04:44:04Z,ok
ANU8DfdHFIc,1043412,17369,2687,2026-09-11T04:44:04Z,2026-09-11T04:44:04Z,ok
AO78U7C5_lM,2484735,36921,6126,2026-09-11T04:44:04Z,2026-09-11T04:44:04Z,ok
AOPqiG31__M,333670,418,491,2026-09-11T04:44:04Z,2026-09-11T04:44:04Z,ok
APFhyjRkpCc,881884,13864,2464,2026-09-11T04:44:04Z,2026-09-11T04:44:04Z,ok
APNkS_Yh6FA,11589805,59145,11698,2026-09-11T04:44:04Z,2026-09-11T04:44:04Z,ok
AZrqLS-3NGY,196960,2874,346,2026-09-11T04:44:04Z,2026-09-11T04:44:04Z,ok
AbiGZCaoZY8,112974,938,395,2026-09-11T04:44:04Z,2026-09-11T04:44:04Z,ok
AdCW3b_RMUs,161116,3712,298,2026-09-11T04:44:04Z,2026-09-11T04:44:04Z,ok
AgvrFCCRHdY,2845274,19179,2716,2026-09-11T04:44:04Z,2026-09-11T04:44:04Z,ok
Akf72KvdnHw,469770,1166,855,2026-09-11T04:44:04Z,2026-09-11T04:44:04Z,ok
Al5apOaya2Y,1642647,2282,642,2026-09-11T04:44:04Z,2026-09-11T04:44:04Z,ok
AlABY9JeUUc,9463660,177079,9535,2026-09-11T04:44:04Z,2026-09-11T04:44:04Z,ok
AlMMBKKEqls,1960174,3533,2939,2026-09-11T04:44:04Z,2026-09-11T04:44:04Z,ok
Aptob6ytYqM,413214,5396,1082,2026-09-11T04:44:04Z,2026-09-11T04:44:04Z,ok
AqDHenZCnHM,120301,246,222,2026-09-11T04:44:04Z,2026-09-11T04:44:04Z,ok
ArWD8-21o5I,968473,18681,1690,2026-09-11T04:44:04Z,2026-09-11T04:44:04Z,ok
AtXB4Lb4Oh0,1182263,17094,4023,2026-09-11T04:44:04Z,2026-09-11T04:44:04Z,ok
Av2wDFyXMaE,131421,4093,752,2026-09-11T04:44:04Z,2026-09-11T04:44:04Z,ok
AzOt0VHwUl8,233978,3673,593,2026-09-11T04:44:04Z,2026-09-11T04:44:04Z,ok
AznjTV1PXC0,310904,719,654,2026-09-11T04:44:04Z,2026-09-11T04:44:04Z,ok
B-phdCLNCLE,19498,529,92,2026-09-11T04:44:04Z,2026-09-11T04:44:04Z,ok
B1DEoN-Xo2g,11681,311,25,2026-09-11T04:44:04Z,2026-09-11T04:44:04Z,ok
B2aslqTfwD8,280332,3854,856,2026-09-11T04:44:04Z,2026-09-11T04:44:04Z,ok
B2lUNjvFsmI,3762256,13302,3357,2026-09-11T04:44:04Z,2026-09-11T04:44:04Z,ok
B38uU44xLUE,113929,250,187,2026-09-11T04:44:04Z,2026-09-11T04:44:04Z,ok
B4yrF5MoG1I,94242,2716,361,2026-09-11T04:44:04Z,2026-09-11T04:44:04Z,ok
B550Fva6pUw,2913089,51846,5444,2026-09-11T04:44:04Z,2026-09-11T04:44:04Z,ok
B5Uxh8_mJTs,41353,697,168,2026-09-11T04:44:04Z,2026-09-11T04:44:04Z,ok
B5XC3V3VqXQ,8999093,41044,6189,2026-09-11T04:44:04Z,2026-09-11T04:44:04Z,ok
BEiSatFLop4,767523,4369,1871,2026-09-11T04:44:04Z,2026-09-11T04:44:04Z,ok
BH9N_sJoi40,36464,510,125,2026-09-11T04:44:04Z,2026-09-11T04:44:04Z,ok
BQhUyT5VlaI,1580820,22340,4012,2026-09-11T04:44:04Z,2026-09-11T04:44:04Z,ok
BVi9KrcbsA0,3524574,18211,5199,2026-09-11T04:44:04Z,2026-09-11T04:44:04Z,ok
BY4g5_Idhv4,1143826,15638,1477,2026-09-11T04:44:04Z,2026-09-11T04:44:04Z,ok
BYmEptxJGEw,738661,14012,2041,2026-09-11T04:44:04Z,2026-09-11T04:44:04Z,ok
BgBRpzYmoAg,218632,413,501,2026-09-11T04:44:04Z,2026-09-11T04:44:04Z,ok
BgbcyhISlmw,1547216,6365,1377,2026-09-11T04:44:04Z,2026-09-11T04:44:04Z,ok
BmOn5Vgbh_I,4896352,12504,8255,2026-09-11T04:44:04Z,2026-09-11T04:44:04Z,ok
BqSn7mbHiyc,15109851,59792,7417,2026-09-11T04:44:04Z,2026-09-11T04:44:04Z,ok
BvFp_-EBK_o,231002,554,374,2026-09-11T04:44:04Z,2026-09-11T04:44:04Z,ok
BwuEF-d9HmU,772894,13219,965,2026-09-11T04:44:04Z,2026-09-11T04:44:04Z,ok
C-Eio3ltag0,430102,6948,1030,2026-09-11T04:44:04Z,2026-09-11T04:44:04Z,ok
C1suvPYECus,3481257,8557,4186,2026-09-11T04:44:04Z,2026-09-11T04:44:04Z,ok
C2IAsPfoMc8,1287686,20057,1877,2026-09-11T04:44:04Z,2026-09-11T04:44:04Z,ok
C4Lp5PklBsc,7969657,38508,20490,2026-09-11T04:44:04Z,2026-09-11T04:44:04Z,ok
C6FNWfPWT7I,317250,5269,536,2026-09-11T04:44:04Z,2026-09-11T04:44:04Z,ok
C79_XopDOCA,24364607,166787,17761,2026-09-11T04:44:04Z,2026-09-11T04:44:04Z,ok
C7BPmMG6KCk,115184,1008,305,2026-09-11T04:44:04Z,2026-09-11T04:44:04Z,ok
C83J7zjhf2I,88521,1167,220,2026-09-11T04:44:04Z,2026-09-11T04:44:04Z,ok
C8xulTGuePY,59902,1367,224,2026-09-11T04:44:04Z,2026-09-11T04:44:04Z,ok
C9Kw0vX9TNE,2932462,46895,9908,2026-09-11T04:44:04Z,2026-09-11T04:44:04Z,ok
C9kAWUDTg8M,3140735,19138,3522,2026-09-11T04:44:04Z,2026-09-11T04:44:04Z,ok
CBE74j5juP8,1332879,21905,4990,2026-09-11T04:44:04Z,2026-09-11T04:44:04Z,ok
CImQ3mNJYnQ,241517,965,389,2026-09-11T04:44:04Z,2026-09-11T04:44:04Z,ok
CNck6JN57xY,1547476,10751,2507,2026-09-11T04:44:04Z,2026-09-11T04:44:04Z,ok
CP6p-GBDiCI,139413,405,184,2026-09-11T04:44:04Z,2026-09-11T04:44:04Z,ok
CPEyyDFNEvc,1273707,17053,2187,2026-09-11T04:44:04Z,2026-09-11T04:44:04Z,ok
CQ6D-hee5Qw,14344,330,57,2026-09-11T04:44:04Z,2026-09-11T04:44:04Z,ok
CTEjqV43HmE,1209481,22386,2153,2026-09-11T04:44:04Z,2026-09-11T04:44:04Z,ok
CWTEW8i6GIY,548870,1396,1293,2026-09-11T04:44:04Z,2026-09-11T04:44:04Z,ok
CY2BTb2_g8w,3665233,68053,5879,2026-09-11T04:44:04Z,2026-09-11T04:44:04Z,ok
CZiwp4MdXZI,212472,336,340,2026-09-11T04:44:04Z,2026-09-11T04:44:04Z,ok
CbhQA_icpHQ,136115,359,166,2026-09-11T04:44:04Z,2026-09-11T04:44:04Z,ok
CcGODC1suoo,1726059,24281,4620,2026-09-11T04:44:04Z,2026-09-11T04:44:04Z,ok
ClWtHno_ou4,237097,3914,945,2026-09-11T04:44:04Z,2026-09-11T04:44:04Z,ok
ClpoBSSJpcg,411025,7672,1834,2026-09-11T04:44:04Z,2026-09-11T04:44:04Z,ok
CoGBvfTVOzA,103631,258,174,2026-09-11T04:44:04Z,2026-09-11T04:44:04Z,ok
CplmOoszqyY,57013,1502,145,2026-09-11T04:44:04Z,2026-09-11T04:44:04Z,ok
CsFsWJ8z-i4,359605,5927,863,2026-09-11T04:44:04Z,2026-09-11T04:44:04Z,ok
CtINFo-5tlY,13664,330,27,2026-09-11T04:44:04Z,2026-09-11T04:44:04Z,ok
CuAWxItAurU,23665,623,37,2026-09-11T04:44:04Z,2026-09-11T04:44:04Z,ok
CvWDh27Ng9Q,3510842,38775,5424,2026-09-11T04:44:04Z,2026-09-11T04:44:04Z,ok
Cx0DyD0wi-g,231687,1890,547,2026-09-11T04:44:04Z,2026-09-11T04:44:04Z,ok
CyETE05hTTg,1069055,7790,3404,2026-09-11T04:44:04Z,2026-09-11T04:44:04Z,ok
CyNCV4i0NGU,247270,3492,668,2026-09-11T04:44:04Z,2026-09-11T04:44:04Z,ok
CyWRi9WZkW8,30924,62,23,2026-09-11T04:44:04Z,2026-09-11T04:44:04Z,ok
D-dMsNy3duk,295437,4582,557,2026-09-11T04:44:04Z,2026-09-11T04:44:04Z,ok
D0yXkppdKbk,11055,309,39,2026-09-11T04:44:04Z,2026-09-11T04:44:04Z,ok
D3Sj8Gwlljo,21058,454,50,2026-09-11T04:44:04Z,2026-09-11T04:44:04Z,ok
D6nGngMGQ0o,826881,14278,3304,2026-09-11T04:44:04Z,2026-09-11T04:44:04Z,ok
DCcmWiYvzo8,220280,385,476,2026-09-11T04:44:04Z,2026-09-11T04:44:04Z,ok
DF2fGUWGK_U,136843,1387,392,2026-09-11T04:44:04Z,2026-09-11T04:44:04Z,ok
DFiv3v33Be8,1597829,2438,1201,2026-09-11T04:44:04Z,2026-09-11T04:44:04Z,ok
DGriYX8qMgo,254203,553,104,2026-09-11T04:44:04Z,2026-09-11T04:44:04Z,ok
DGv59uwOzdk,89874,207,159,2026-09-11T04:44:04Z,2026-09-11T04:44:04Z,ok
DKMZCA0QDew,2736568,43134,6933,2026-09-11T04:44:04Z,2026-09-11T04:44:04Z,ok
DPWcKuVgCXc,127626,1822,290,2026-09-11T04:44:04Z,2026-09-11T04:44:04Z,ok
DRQi8u1BZVs,780116,11427,2164,2026-09-11T04:44:04Z,2026-09-11T04:44:04Z,ok
DSkpB5hL_1c,517361,10611,1364,2026-09-11T04:44:04Z,2026-09-11T04:44:04Z,ok
DUqOabogZRc,147390,302,643,2026-09-11T04:44:04Z,2026-09-11T04:44:04Z,ok
DWGVPwEdQNg,100730,1642,158,2026-09-11T04:44:04Z,2026-09-11T04:44:04Z,ok
DXCdfjH-rN4,609445,7078,1751,2026-09-11T04:44:04Z,2026-09-11T04:44:04Z,ok
DZMCYBYnvqA,5882001,17119,6450,2026-09-11T04:44:04Z,2026-09-11T04:44:04Z,ok
DZggWk41MsU,209773,3447,546,2026-09-11T04:44:04Z,2026-09-11T04:44:04Z,ok
D_sQrM7tUKI,586692,1811,591,2026-09-11T04:44:04Z,2026-09-11T04:44:04Z,ok
DalmfzeuLOY,263027,474,849,2026-09-11T04:44:04Z,2026-09-11T04:44:04Z,ok
Dd-71FcVS7Q,1660090,20572,2129,2026-09-11T04:44:04Z,2026-09-11T04:44:04Z,ok
Dj6Y0PKFOtM,2792013,15184,2887,2026-09-11T04:44:04Z,2026-09-11T04:44:04Z,ok
DtqYEwOxa20,1461507,6529,1831,2026-09-11T04:44:04Z,2026-09-11T04:44:04Z,ok
Du1hQM6Ux3k,11673,93,36,2026-09-11T04:44:04Z,2026-09-11T04:44:04Z,ok
DxmLSvUn25A,1490437,4776,994,2026-09-11T04:44:04Z,2026-09-11T04:44:04Z,ok
E-gUImWJ7Fo,12565,376,42,2026-09-11T04:44:04Z,2026-09-11T04:44:04Z,ok
E07-dSkJOlk,2062746,24213,1256,2026-09-11T04:44:04Z,2026-09-11T04:44:04Z,ok
E54WtqD3Y5U,89381,172,179,2026-09-11T04:44:04Z,2026-09-11T04:44:04Z,ok
E55hGAOgUew,245212,523,271,2026-09-11T04:44:04Z,2026-09-11T04:44:04Z,ok
E96ewuV_aL8,1302628,3216,1231,2026-09-11T04:44:04Z,2026-09-11T04:44:04Z,ok
EAYqG9wYRAk,49745,920,67,2026-09-11T04:44:04Z,2026-09-11T04:44:04Z,ok
EFYN6wiyMCA,128703,290,125,2026-09-11T04:44:04Z,2026-09-11T04:44:04Z,ok
EG2K9X2j_gQ,298297,1065,546,2026-09-11T04:44:04Z,2026-09-11T04:44:04Z,ok
EH922UQLg7U,445597,7261,1961,2026-09-11T04:44:04Z,2026-09-11T04:44:04Z,ok
EH9fubutE-k,701537,3697,1040,2026-09-11T04:44:04Z,2026-09-11T04:44:04Z,ok
EK7CY-it1_I,77917,2321,265,2026-09-11T04:44:04Z,2026-09-11T04:44:04Z,ok
EMWLmxkrnII,925166,3775,1441,2026-09-11T04:44:04Z,2026-09-11T04:44:04Z,ok
EODF6qKnqLs,167025,1397,307,2026-09-11T04:44:04Z,2026-09-11T04:44:04Z,ok
ETvDvEuJfok,600850,10655,1996,2026-09-11T04:44:04Z,2026-09-11T04:44:04Z,ok
EWSdR5xgnpM,682819,1370,619,2026-09-11T04:44:04Z,2026-09-11T04:44:04Z,ok
EWaJ4HnVAKE,260002,4314,622,2026-09-11T04:44:04Z,2026-09-11T04:44:04Z,ok
EWpzF0TSfBQ,239331,3262,791,2026-09-11T04:44:04Z,2026-09-11T04:44:04Z,ok
EXUY3no4b3M,154528,847,614,2026-09-11T04:44:04Z,2026-09-11T04:44:04Z,ok
EbAu_MK4gHk,136089,2702,543,2026-09-11T04:44:04Z,2026-09-11T04:44:04Z,ok
EbSt4nJNeS8,23998,442,55,2026-09-11T04:44:04Z,2026-09-11T04:44:04Z,ok
EbuaqFDM18o,7616240,90372,14345,2026-09-11T04:44:04Z,2026-09-11T04:44:04Z,ok
Ecga6fcUO6Q,878661,9686,1463,2026-09-11T04:44:04Z,2026-09-11T04:44:04Z,ok
Eel7xDhrIPA,565121,9718,571,2026-09-11T04:44:04Z,2026-09-11T04:44:04Z,ok
EfaNugB3A9o,8068217,72901,12701,2026-09-11T04:44:04Z,2026-09-11T04:44:04Z,ok
EgBZ8l7Vujk,5622711,29235,3404,2026-09-11T04:44:04Z,2026-09-11T04:44:04Z,ok
EhwWBYNQ-ao,66699,114,160,2026-09-11T04:44:04Z,2026-09-11T04:44:04Z,ok
EiZjr3ryx-0,3682869,60923,2341,2026-09-11T04:44:04Z,2026-09-11T04:44:04Z,ok
Ek9k0gJaWUA,28692,539,79,2026-09-11T04:44:04Z,2026-09-11T04:44:04Z,ok
ErsyGwWVEQM,35581,950,137,2026-09-11T04:44:04Z,2026-09-11T04:44:04Z,ok
ExLSUaS7-tw,39002,1177,101,2026-09-11T04:44:04Z,2026-09-11T04:44:04Z,ok
Eyb4PNJ7uaw,1333605,10199,3321,2026-09-11T04:44:04Z,2026-09-11T04:44:04Z,ok
EynkMnr4pfc,343090,241,486,2026-09-11T04:44:04Z,2026-09-11T04:44:04Z,ok
F073b9QocBQ,239821,677,522,2026-09-11T04:44:04Z,2026-09-11T04:44:04Z,ok
FCJQZkeAJMY,43506,1354,119,2026-09-11T04:44:04Z,2026-09-11T04:44:04Z,ok
FDL_ORZ-nx4,98150,254,94,2026-09-11T04:44:04Z,2026-09-11T04:44:04Z,ok
FF-vrHEsNmQ,340316,5463,477,2026-09-11T04:44:04Z,2026-09-11T04:44:04Z,ok
FFjS3ITH47M,76236,1851,257,2026-09-11T04:44:04Z,2026-09-11T04:44:04Z,ok
FFnMAuKVEBs,839959,12674,2012,2026-09-11T04:44:04Z,2026-09-11T04:44:04Z,ok
FGD1CrRbZdU,246653,438,760,2026-09-11T04:44:04Z,2026-09-11T04:44:04Z,ok
FIF92IaNidY,684074,10441,1658,2026-09-11T04:44:04Z,2026-09-11T04:44:04Z,ok
FJRZkuVi7DY,143862,967,351,2026-09-11T04:44:04Z,2026-09-11T04:44:04Z,ok
FJYcuxb7Exc,2259118,16226,2391,2026-09-11T04:44:04Z,2026-09-11T04:44:04Z,ok
FKVqtpnjEd8,3653569,9263,2696,2026-09-11T04:44:04Z,2026-09-11T04:44:04Z,ok
FOjUCdfAp0I,2553397,9383,2321,2026-09-11T04:44:04Z,2026-09-11T04:44:04Z,ok
FPchGalSV_4,256131,807,364,2026-09-11T04:44:04Z,2026-09-11T04:44:04Z,ok
FTYtjpvDY-g,1972585,31787,2894,2026-09-11T04:44:04Z,2026-09-11T04:44:04Z,ok
FWogoAPtH44,612281,5392,1386,2026-09-11T04:44:04Z,2026-09-11T04:44:04Z,ok
FZEh1yZiS4c,226667,631,376,2026-09-11T04:44:04Z,2026-09-11T04:44:04Z,ok
F_d5ztH8I8o,499161,6413,855,2026-09-11T04:44:04Z,2026-09-11T04:44:04Z,ok
FfC-j8Og6IM,9957,298,29,2026-09-11T04:44:04Z,2026-09-11T04:44:04Z,ok
FfwXgpdv28A,87363,76,101,2026-09-11T04:44:04Z,2026-09-11T04:44:04Z,ok
FgMbIGCzVTM,3993792,14058,3484,2026-09-11T04:44:04Z,2026-09-11T04:44:04Z,ok
FlLPp9I_jlw,1158461,16592,5534,2026-09-11T04:44:04Z,2026-09-11T04:44:04Z,ok
FmLQg78fcVg,1885036,20768,2824,2026-09-11T04:44:04Z,2026-09-11T04:44:04Z,ok
FnsMpN3Ng8c,203871,1141,471,2026-09-11T04:44:04Z,2026-09-11T04:44:04Z,ok
FpIwp1iv4qg,51147,669,169,2026-09-11T04:44:04Z,2026-09-11T04:44:04Z,ok
Ftk2DZ3hcxw,41687,608,57,2026-09-11T04:44:04Z,2026-09-11T04:44:04Z,ok
Fu8feXFu-qM,379076,4823,1594,2026-09-11T04:44:04Z,2026-09-11T04:44:04Z,ok
FwBwerXwXow,496653,7748,1161,2026-09-11T04:44:04Z,2026-09-11T04:44:04Z,ok
Fzqt-vEfXTU,90551,95,77,2026-09-11T04:44:04Z,2026-09-11T04:44:04Z,ok
G3yYUEsmCDs,512431,1568,651,2026-09-11T04:44:04Z,2026-09-11T04:44:04Z,ok
G4NQ_19Eea4,51424,613,117,2026-09-11T04:44:04Z,2026-09-11T04:44:04Z,ok
G7_0lnew0EA,489254,1340,513,2026-09-11T04:44:04Z,2026-09-11T04:44:04Z,ok
G9099LBbwhI,665745,1017,541,2026-09-11T04:44:04Z,2026-09-11T04:44:04Z,ok
G9YYPHpmZZo,277877,525,515,2026-09-11T04:44:04Z,2026-09-11T04:44:04Z,ok
GHPeRWceuic,486432,4531,2117,2026-09-11T04:44:04Z,2026-09-11T04:44:04Z,ok
GI7e_lMzigQ,517793,1008,552,2026-09-11T04:44:04Z,2026-09-11T04:44:04Z,ok
GJ8rBdHR1qA,836618,7335,1610,2026-09-11T04:44:04Z,2026-09-11T04:44:04Z,ok
GKgqOoOPPj4,1928352,20986,1111,2026-09-11T04:44:04Z,2026-09-11T04:44:04Z,ok
GOMrb7A4kSo,155188,1366,242,2026-09-11T04:44:04Z,2026-09-11T04:44:04Z,ok
GQg7clBMSqE,206287,2887,885,2026-09-11T04:44:04Z,2026-09-11T04:44:04Z,ok
GSUj5hlTmY8,981969,12378,3612,2026-09-11T04:44:04Z,2026-09-11T04:44:04Z,ok
GSpqxOLbchY,2715792,3197,4793,2026-09-11T04:44:04Z,2026-09-11T04:44:04Z,ok
GTSUZ3UsFss,735710,13325,959,2026-09-11T04:44:04Z,2026-09-11T04:44:04Z,ok
GToUffwF78A,445706,5849,1676,2026-09-11T04:44:04Z,2026-09-11T04:44:04Z,ok
GZ4IwbaHpSI,267376,2985,587,2026-09-11T04:44:04Z,2026-09-11T04:44:04Z,ok
GaAEGz4qMVY,218781,195,289,2026-09-11T04:44:04Z,2026-09-11T04:44:04Z,ok
GbM67NUZWRA,220734,577,150,2026-09-11T04:44:04Z,2026-09-11T04:44:04Z,ok
GeRhVvqymC4,8298,195,15,2026-09-11T04:44:04Z,2026-09-11T04:44:04Z,ok
GhT4AXAHOFY,13814,121,97,2026-09-11T04:44:04Z,2026-09-11T04:44:04Z,ok
GhZglyeiFfg,2831004,30557,2527,2026-09-11T04:44:04Z,2026-09-11T04:44:04Z,ok
Ghwb72kxCDc,190869,345,142,2026-09-11T04:44:04Z,2026-09-11T04:44:04Z,ok
GiN6ASGxK4Q,216339,3294,368,2026-09-11T04:44:04Z,2026-09-11T04:44:04Z,ok
GwIjHB06j4o,71323,2144,211,2026-09-11T04:44:04Z,2026-09-11T04:44:04Z,ok
GwImBuU5EDk,397394,6372,1467,2026-09-11T04:44:04Z,2026-09-11T04:44:04Z,ok
GyNmOiuTxDM,793208,15415,1913,2026-09-11T04:44:04Z,2026-09-11T04:44:04Z,ok
H1F04mNCU7o,292076,1253,637,2026-09-11T04:44:04Z,2026-09-11T04:44:04Z,ok
H1bveyONVpY,3515086,23403,2402,2026-09-11T04:44:04Z,2026-09-11T04:44:04Z,ok
H2lmyUN4ca8,149013,2600,481,2026-09-11T04:44:04Z,2026-09-11T04:44:04Z,ok
H5H4gXLOZno,6697827,24786,3111,2026-09-11T04:44:04Z,2026-09-11T04:44:04Z,ok
H5p5Qnh1XE4,171918,2039,565,2026-09-11T04:44:04Z,2026-09-11T04:44:04Z,ok
H6Dnak4fN90,516703,4454,1166,2026-09-11T04:44:04Z,2026-09-11T04:44:04Z,ok
HA1rF2FbNfI,19112,318,26,2026-09-11T04:44:04Z,2026-09-11T04:44:04Z,ok
HB419yK5slA,98487,310,187,2026-09-11T04:44:04Z,2026-09-11T04:44:04Z,ok
HDa4I1ZDBkY,3846162,62387,12054,2026-09-11T04:44:04Z,2026-09-11T04:44:04Z,ok
HFAUZ5w5osY,378044,1265,765,2026-09-11T04:44:04Z,2026-09-11T04:44:04Z,ok
HFylCZ-aVzM,430212,7542,1243,2026-09-11T04:44:04Z,2026-09-11T04:44:04Z,ok
HHM2KQEpdZs,547774,1272,776,2026-09-11T04:44:04Z,2026-09-11T04:44:04Z,ok
HMTNtFm9gvM,76369,1617,281,2026-09-11T04:44:04Z,2026-09-11T04:44:04Z,ok
HMnE4nuHHn0,239112,329,377,2026-09-11T04:44:04Z,2026-09-11T04:44:04Z,ok
HPJTPQqyI2M,2733392,33927,2872,2026-09-11T04:44:04Z,2026-09-11T04:44:04Z,ok
HP_Vg8x2PMw,88479,1111,374,2026-09-11T04:44:04Z,2026-09-11T04:44:04Z,ok
HRF4brmlF3A,1073511,4073,1950,2026-09-11T04:44:04Z,2026-09-11T04:44:04Z,ok
HSFHJCMtCfw,2238585,36399,8309,2026-09-11T04:44:04Z,2026-09-11T04:44:04Z,ok
HUSuRfmqUPU,81132,103,122,2026-09-11T04:44:04Z,2026-09-11T04:44:04Z,ok
HUeIBCaW7Yc,9260989,79250,11384,2026-09-11T04:44:04Z,2026-09-11T04:44:04Z,ok
HW6aUmeAjkc,51052,137,114,2026-09-11T04:44:04Z,2026-09-11T04:44:04Z,ok
HWCoAkbwc-8,31470,506,87,2026-09-11T04:44:04Z,2026-09-11T04:44:04Z,ok
HWUD7K1UqbM,163597,2631,1782,2026-09-11T04:44:04Z,2026-09-11T04:44:04Z,ok
HXlPq4WBrns,374001,591,391,2026-09-11T04:44:04Z,2026-09-11T04:44:04Z,ok
HYXGRNluj-o,1270240,1724,1150,2026-09-11T04:44:04Z,2026-09-11T04:44:04Z,ok
H_vHpSV21bc,259770,3848,621,2026-09-11T04:44:04Z,2026-09-11T04:44:04Z,ok
HcGoiwYtgV0,787756,15479,2122,2026-09-11T04:44:04Z,2026-09-11T04:44:04Z,ok
HdrJzU189ZA,342402,1314,572,2026-09-11T04:44:04Z,2026-09-11T04:44:04Z,ok
HhDuCdn5Wm4,1189417,14724,1213,2026-09-11T04:44:04Z,2026-09-11T04:44:04Z,ok
HimxxTmVlSo,22173,536,27,2026-09-11T04:44:04Z,2026-09-11T04:44:04Z,ok
HmGysog9OxU,728799,1197,2187,2026-09-11T04:44:04Z,2026-09-11T04:44:04Z,ok
HsF7_8DNMYA,408534,631,506,2026-09-11T04:44:04Z,2026-09-11T04:44:04Z,ok
HvUpOLgOiMU,1096227,16727,2081,2026-09-11T04:44:04Z,2026-09-11T04:44:04Z,ok
I3hCdqKmYrA,2169900,25505,3546,2026-09-11T04:44:04Z,2026-09-11T04:44:04Z,ok
I3hUINbPVik,746325,6467,1880,2026-09-11T04:44:04Z,2026-09-11T04:44:04Z,ok
I8zldd0B5Gk,189838,2421,585,2026-09-11T04:44:04Z,2026-09-11T04:44:04Z,ok
ICK-xPyX_60,1746680,27441,2091,2026-09-11T04:44:04Z,2026-09-11T04:44:04Z,ok
IGmIZjlZwXw,2082038,6540,4043,2026-09-11T04:44:04Z,2026-09-11T04:44:04Z,ok
IGzbapnlVOU,58740,2004,179,2026-09-11T04:44:04Z,2026-09-11T04:44:04Z,ok
IH0zJBb9drM,1264561,4341,763,2026-09-11T04:44:04Z,2026-09-11T04:44:04Z,ok
IIWOpqtp7Ks,11242,237,35,2026-09-11T04:44:04Z,2026-09-11T04:44:04Z,ok
IL3lHs8oEmE,1125671,7781,1712,2026-09-11T04:44:04Z,2026-09-11T04:44:04Z,ok
IN461CQFcEA,131182,1158,99,2026-09-11T04:44:04Z,2026-09-11T04:44:04Z,ok
IO6AaGSupuY,60106,129,89,2026-09-11T04:44:04Z,2026-09-11T04:44:04Z,ok
IOBo4xjOFHc,616943,847,713,2026-09-11T04:44:04Z,2026-09-11T04:44:04Z,ok
IPfQtKyCWiQ,473994,5636,828,2026-09-11T04:44:04Z,2026-09-11T04:44:04Z,ok
IPw-r5LW30U,1343651,16970,3891,2026-09-11T04:44:04Z,2026-09-11T04:44:04Z,ok
IQDhOAkSPz8,15890281,75147,11301,2026-09-11T04:44:04Z,2026-09-11T04:44:04Z,ok
IQtPpzerEUw,257070,615,392,2026-09-11T04:44:04Z,2026-09-11T04:44:04Z,ok
IUuLGT17dXA,25590,71,35,2026-09-11T04:44:04Z,2026-09-11T04:44:04Z,ok
IVnwWKSMzOA,32284,725,88,2026-09-11T04:44:04Z,2026-09-11T04:44:04Z,ok
IVxwCqFHjRc,5437902,32367,2856,2026-09-11T04:44:04Z,2026-09-11T04:44:04Z,ok
IcKB3DFhr84,81817,2419,613,2026-09-11T04:44:04Z,2026-09-11T04:44:04Z,ok
IdPP-JPtk4M,4057315,44025,2733,2026-09-11T04:44:04Z,2026-09-11T04:44:04Z,ok
IfSm2raxnFE,4811717,39207,7077,2026-09-11T04:44:04Z,2026-09-11T04:44:04Z,ok
IjXzp6BwNdk,118264,2004,336,2026-09-11T04:44:04Z,2026-09-11T04:44:04Z,ok
IoM9ekezIwI,665423,12177,1266,2026-09-11T04:44:04Z,2026-09-11T04:44:04Z,ok
IwmzdiDXKog,270321,6494,364,2026-09-11T04:44:04Z,2026-09-11T04:44:04Z,ok
IyH87QWShus,1419347,1149,760,2026-09-11T04:44:04Z,2026-09-11T04:44:04Z,ok
J3-NFthpJLA,705601,2509,1262,2026-09-11T04:44:04Z,2026-09-11T04:44:04Z,ok
J3joAazL0F4,293648,594,251,2026-09-11T04:44:04Z,2026-09-11T04:44:04Z,ok
J4ofylTy6YM,197712,4107,448,2026-09-11T04:44:04Z,2026-09-11T04:44:04Z,ok
J9G3XH6alhw,34891,336,79,2026-09-11T04:44:04Z,2026-09-11T04:44:04Z,ok
JGe7xiw4Xtg,901993,3416,880,2026-09-11T04:44:04Z,2026-09-11T04:44:04Z,ok
JH8wnmgxhmc,423676,6841,720,2026-09-11T04:44:04Z,2026-09-11T04:44:04Z,ok
JI-cVyTscYY,37788,922,114,2026-09-11T04:44:04Z,2026-09-11T04:44:04Z,ok
JINeOzwAuCU,1672734,8364,5866,2026-09-11T04:44:04Z,2026-09-11T04:44:04Z,ok
JPVz9LdreNk,79700,1655,184,2026-09-11T04:44:04Z,2026-09-11T04:44:04Z,ok
JQuiXKz0I_0,955705,12001,1295,2026-09-11T04:44:04Z,2026-09-11T04:44:04Z,ok
JSgjH_hj7I0,132785,3322,387,2026-09-11T04:44:04Z,2026-09-11T04:44:04Z,ok
JWJz_MS1-I8,11630084,67471,10589,2026-09-11T04:44:04Z,2026-09-11T04:44:04Z,ok
JWOgFDaBy00,158626,2665,514,2026-09-11T04:44:04Z,2026-09-11T04:44:04Z,ok
JYHVm5QDJ4M,173638,2590,771,2026-09-11T04:44:04Z,2026-09-11T04:44:04Z,ok
JabvhPBmoVs,179504,2452,46,2026-09-11T04:44:04Z,2026-09-11T04:44:04Z,ok
JdjvJI3hj_o,229183,3448,967,2026-09-11T04:44:04Z,2026-09-11T04:44:04Z,ok
JennjWLR-AY,92225,1610,222,2026-09-11T04:44:04Z,2026-09-11T04:44:04Z,ok
JixEkkEOSHk,208131,2716,505,2026-09-11T04:44:04Z,2026-09-11T04:44:04Z,ok
Jm6dZGQsn4k,26407,154,25,2026-09-11T04:44:04Z,2026-09-11T04:44:04Z,ok
JpeWP3lRlVI,635728,2148,947,2026-09-11T04:44:04Z,2026-09-11T04:44:04Z,ok
JrKrg2ELX8w,3399108,70761,5004,2026-09-11T04:44:04Z,2026-09-11T04:44:04Z,ok
JsqDIHcc-QM,113309,1835,208,2026-09-11T04:44:04Z,2026-09-11T04:44:04Z,ok
Jt2F6GHJPuU,50649,1097,230,2026-09-11T04:44:04Z,2026-09-11T04:44:04Z,ok
Jvnjx19zTVM,105778,2695,416,2026-09-11T04:44:04Z,2026-09-11T04:44:04Z,ok
JxSYhkGGvrM,45481,422,107,2026-09-11T04:44:04Z,2026-09-11T04:44:04Z,ok
Jy6lvd46KVg,707511,12099,1634,2026-09-11T04:44:04Z,2026-09-11T04:44:04Z,ok
K-WSwDDXVi0,4452161,48392,8510,2026-09-11T04:44:04Z,2026-09-11T04:44:04Z,ok
K-bxj_O4y48,1234004,18487,2245,2026-09-11T04:44:04Z,2026-09-11T04:44:04Z,ok
K-ouch4hA10,1289363,16787,2549,2026-09-11T04:44:04Z,2026-09-11T04:44:04Z,ok
K0W5Dasq1tQ,57790,108,100,2026-09-11T04:44:04Z,2026-09-11T04:44:04Z,ok
K2wlZLCHGa4,1055072,13776,1830,2026-09-11T04:44:04Z,2026-09-11T04:44:04Z,ok
K7x7j-JeoBs,635863,10632,1151,2026-09-11T04:44:04Z,2026-09-11T04:44:04Z,ok
K8sLryDSp0s,67184,416,62,2026-09-11T04:44:04Z,2026-09-11T04:44:04Z,ok
KCRUNDXKSWU,70397,188,72,2026-09-11T04:44:04Z,2026-09-11T04:44:04Z,ok
KDo2sx4pnSU,395985,1537,551,2026-09-11T04:44:04Z,2026-09-11T04:44:04Z,ok
KELX-x_1ZGg,3012040,16632,5292,2026-09-11T04:44:04Z,2026-09-11T04:44:04Z,ok
KHo2ALJ9xIk,255804,613,379,2026-09-11T04:44:04Z,2026-09-11T04:44:04Z,ok
KJyVEnsp3Qw,209396,392,261,2026-09-11T04:44:04Z,2026-09-11T04:44:04Z,ok
KNYrL6Ni1No,499049,7322,1074,2026-09-11T04:44:04Z,2026-09-11T04:44:04Z,ok
KYLK5MzAopA,391915,4594,780,2026-09-11T04:44:04Z,2026-09-11T04:44:04Z,ok
KZJXqTw4IWU,1151814,20813,2170,2026-09-11T04:44:04Z,2026-09-11T04:44:04Z,ok
KaJ9LEN-xQo,1809164,29268,3336,2026-09-11T04:44:04Z,2026-09-11T04:44:04Z,ok
KaguQeHSnO0,1764320,3758,2256,2026-09-11T04:44:04Z,2026-09-11T04:44:04Z,ok
KbBbhIk4ILM,117492,2328,197,2026-09-11T04:44:04Z,2026-09-11T04:44:04Z,ok
KbuvtcbnzOA,95409,826,298,2026-09-11T04:44:04Z,2026-09-11T04:44:04Z,ok
KcUSJTR-SsA,213450,242,310,2026-09-11T04:44:04Z,2026-09-11T04:44:04Z,ok
KhNZjBg43gQ,48697,389,57,2026-09-11T04:44:04Z,2026-09-11T04:44:04Z,ok
KiUJbfmqWjg,3416814,10546,1164,2026-09-11T04:44:04Z,2026-09-11T04:44:04Z,ok
KjMS7w5ey6U,126689,1966,489,2026-09-11T04:44:04Z,2026-09-11T04:44:04Z,ok
KkenTjMu_VM,586264,9255,2228,2026-09-11T04:44:04Z,2026-09-11T04:44:04Z,ok
KkhNR9Fj_qc,399091,6518,1017,2026-09-11T04:44:04Z,2026-09-11T04:44:04Z,ok
KmCkQEkeVn8,7573905,27092,3408,2026-09-11T04:44:04Z,2026-09-11T04:44:04Z,ok
KqEn_9fDBCg,468703,5565,1318,2026-09-11T04:44:04Z,2026-09-11T04:44:04Z,ok
KtE9zdjN6Q4,400255,5259,750,2026-09-11T04:44:04Z,2026-09-11T04:44:04Z,ok
Kv2Kej-eMqs,3154926,17195,2972,2026-09-11T04:44:04Z,2026-09-11T04:44:04Z,ok
Kw2LWV0UbhQ,1174496,21222,10285,2026-09-11T04:44:04Z,2026-09-11T04:44:04Z,ok
Kz6_joURLko,3560649,11091,4094,2026-09-11T04:44:04Z,2026-09-11T04:44:04Z,ok
L-j0yW0rraU,824109,6454,1528,2026-09-11T04:44:04Z,2026-09-11T04:44:04Z,ok
L0MB-zKsjlc,1063296,14784,2081,2026-09-11T04:44:04Z,2026-09-11T04:44:04Z,ok
L0yCLGci6o0,68903,558,177,2026-09-11T04:44:04Z,2026-09-11T04:44:04Z,ok
L4T6zeJI7-Y,919413,16786,1290,2026-09-11T04:44:04Z,2026-09-11T04:44:04Z,ok
L4qMFMFwdU4,173430,2758,408,2026-09-11T04:44:04Z,2026-09-11T04:44:04Z,ok
L5KUQvOa-0Y,49510,512,129,2026-09-11T04:44:04Z,2026-09-11T04:44:04Z,ok
L5rpBBUvVNw,1056485,14938,1567,2026-09-11T04:44:04Z,2026-09-11T04:44:04Z,ok
L63Ulrd6I_U,551658,1186,663,2026-09-11T04:44:04Z,2026-09-11T04:44:04Z,ok
L67aVFER9eg,235087,1381,644,2026-09-11T04:44:04Z,2026-09-11T04:44:04Z,ok
LA1xckXBCok,466147,5108,1097,2026-09-11T04:44:04Z,2026-09-11T04:44:04Z,ok
LAahBvoVnVU,1473411,2920,2676,2026-09-11T04:44:04Z,2026-09-11T04:44:04Z,ok
LAeztRNXHjc,1432648,16361,2590,2026-09-11T04:44:04Z,2026-09-11T04:44:04Z,ok
LAipw_BNi24,23539968,132904,14575,2026-09-11T04:44:04Z,2026-09-11T04:44:04Z,ok
LCFvliWkhQo,44855,417,163,2026-09-11T04:44:04Z,2026-09-11T04:44:04Z,ok
LE0NKaxIQr0,8640,136,22,2026-09-11T04:44:04Z,2026-09-11T04:44:04Z,ok
LGEWjeHkrS0,62588,1056,26,2026-09-11T04:44:04Z,2026-09-11T04:44:04Z,ok
LJW7ya_Dxm0,269238,958,318,2026-09-11T04:44:04Z,2026-09-11T04:44:04Z,ok
LKuTlQmJfmA,148701,308,293,2026-09-11T04:44:04Z,2026-09-11T04:44:04Z,ok
LLPnSbMO9Vw,1174925,17272,1574,2026-09-11T04:44:04Z,2026-09-11T04:44:04Z,ok
LLUhTjyWK6Y,541277,9440,2425,2026-09-11T04:44:04Z,2026-09-11T04:44:04Z,ok
LNA4QzZzrEM,4502045,34785,6602,2026-09-11T04:44:04Z,2026-09-11T04:44:04Z,ok
LOV238EIpkA,155618,3383,278,2026-09-11T04:44:04Z,2026-09-11T04:44:04Z,ok
LOzAhN92lo4,486285,5684,799,2026-09-11T04:44:04Z,2026-09-11T04:44:04Z,ok
LWXRl-NG5dk,210940,3326,551,2026-09-11T04:44:04Z,2026-09-11T04:44:04Z,ok
LYuhXYX6P7w,3369451,14093,2624,2026-09-11T04:44:04Z,2026-09-11T04:44:04Z,ok
LZF0v6ZGFcE,772249,2949,963,2026-09-11T04:44:04Z,2026-09-11T04:44:04Z,ok
Ld9rnVTawyI,117875,1827,399,2026-09-11T04:44:04Z,2026-09-11T04:44:04Z,ok
LkEz5eF0TMQ,13283,273,27,2026-09-11T04:44:04Z,2026-09-11T04:44:04Z,ok
LlbgujCVl60,666006,6892,3151,2026-09-11T04:44:04Z,2026-09-11T04:44:04Z,ok
LrwoGdSVk2g,1338660,23499,4556,2026-09-11T04:44:04Z,2026-09-11T04:44:04Z,ok
LuJy7Y3AKq4,90770,1154,172,2026-09-11T04:44:04Z,2026-09-11T04:44:04Z,ok
LwH8yCV_FBQ,2558344,32315,6020,2026-09-11T04:44:04Z,2026-09-11T04:44:04Z,ok
M2mxyb8-v_E,43187,945,152,2026-09-11T04:44:04Z,2026-09-11T04:44:04Z,ok
M5yVDuMCvNc,25831,449,46,2026-09-11T04:44:04Z,2026-09-11T04:44:04Z,ok
M5zpk0TKOnw,156138,218,140,2026-09-11T04:44:04Z,2026-09-11T04:44:04Z,ok
M7kbMc8jB8w,617141,7668,1105,2026-09-11T04:44:04Z,2026-09-11T04:44:04Z,ok
MHS2F1NcI_I,18385,433,38,2026-09-11T04:44:04Z,2026-09-11T04:44:04Z,ok
MJ3FvP8rMYM,291925,514,280,2026-09-11T04:44:04Z,2026-09-11T04:44:04Z,ok
MJfuZgAswwo,768311,5293,1154,2026-09-11T04:44:04Z,2026-09-11T04:44:04Z,ok
MJtecK4g_28,501695,8722,1701,2026-09-11T04:44:04Z,2026-09-11T04:44:04Z,ok
MKVY095Hkio,200358,500,183,2026-09-11T04:44:04Z,2026-09-11T04:44:04Z,ok
MLBMHkQFwL8,859786,12159,2238,2026-09-11T04:44:04Z,2026-09-11T04:44:04Z,ok
MLpi23V0RCY,83122,351,106,2026-09-11T04:44:04Z,2026-09-11T04:44:04Z,ok
MO3LG4LYjGM,27214,556,72,2026-09-11T04:44:04Z,2026-09-11T04:44:04Z,ok
MP-H1fJr-5k,467282,7707,837,2026-09-11T04:44:04Z,2026-09-11T04:44:04Z,ok
MPLaQWJdYGM,195904,496,267,2026-09-11T04:44:04Z,2026-09-11T04:44:04Z,ok
MRzSDjWCa9k,2597176,46767,3079,2026-09-11T04:44:04Z,2026-09-11T04:44:04Z,ok
MVCJ6hz4er4,5406396,91897,19977,2026-09-11T04:44:04Z,2026-09-11T04:44:04Z,ok
MX3kkAXAwp8,90118,1207,180,2026-09-11T04:44:04Z,2026-09-11T04:44:04Z,ok
MajDDHKrkCQ,549379,964,1443,2026-09-11T04:44:04Z,2026-09-11T04:44:04Z,ok
Mbj4cNZ2Odc,4566244,22390,2930,2026-09-11T04:44:04Z,2026-09-11T04:44:04Z,ok
Mc-VCIp6fQU,1451035,2215,2049,2026-09-11T04:44:04Z,2026-09-11T04:44:04Z,ok
MdSdkmoa1Xw,506977,7226,1541,2026-09-11T04:44:04Z,2026-09-11T04:44:04Z,ok
MdUa4sv14PU,1149843,23436,2639,2026-09-11T04:44:04Z,2026-09-11T04:44:04Z,ok
MdyybZ9wfuA,262576,754,470,2026-09-11T04:44:04Z,2026-09-11T04:44:04Z,ok
MfH1NaCu7Ps,2448802,39497,2273,2026-09-11T04:44:04Z,2026-09-11T04:44:04Z,ok
MgKrJe2jAnk,2326295,33005,3989,2026-09-11T04:44:04Z,2026-09-11T04:44:04Z,ok
Mio0bOZ1W6A,67409,64,86,2026-09-11T04:44:04Z,2026-09-11T04:44:04Z,ok
MkdElz7JakE,12867,429,50,2026-09-11T04:44:04Z,2026-09-11T04:44:04Z,ok
MsUnIHqWlmY,124585,1637,331,2026-09-11T04:44:04Z,2026-09-11T04:44:04Z,ok
MsXnLddzvRs,16869630,88695,8526,2026-09-11T04:44:04Z,2026-09-11T04:44:04Z,ok
MuwryF_LOOs,909754,2273,659,2026-09-11T04:44:04Z,2026-09-11T04:44:04Z,ok
MvrpIJTCk-M,62425,1271,201,2026-09-11T04:44:04Z,2026-09-11T04:44:04Z,ok
Mx5lYX_-j4U,640393,9594,1421,2026-09-11T04:44:04Z,2026-09-11T04:44:04Z,ok
Mx95efchRkU,159400,379,310,2026-09-11T04:44:04Z,2026-09-11T04:44:04Z,ok
N10ooYf54rs,88806,944,240,2026-09-11T04:44:04Z,2026-09-11T04:44:04Z,ok
N2lL9okir68,28067,922,86,2026-09-11T04:44:04Z,2026-09-11T04:44:04Z,ok
N4UTt84b6NY,27950,402,48,2026-09-11T04:44:04Z,2026-09-11T04:44:04Z,ok
N7wtQe0VY4w,557907,6932,988,2026-09-11T04:44:04Z,2026-09-11T04:44:04Z,ok
N8RGnLmjnRI,179590,374,341,2026-09-11T04:44:04Z,2026-09-11T04:44:04Z,ok
N8ynbj4BX0Y,165981,2725,494,2026-09-11T04:44:04Z,2026-09-11T04:44:04Z,ok
N9qfacxt93c,1046193,8641,2278,2026-09-11T04:44:04Z,2026-09-11T04:44:04Z,ok
NAf9uKFltjE,1684682,19452,3641,2026-09-11T04:44:04Z,2026-09-11T04:44:04Z,ok
NBvfITbgVVk,288868,874,346,2026-09-11T04:44:04Z,2026-09-11T04:44:04Z,ok
NCElL6MbZ_g,414616,5409,936,2026-09-11T04:44:04Z,2026-09-11T04:44:04Z,ok
NEZrRAwErSE,79314,1422,116,2026-09-11T04:44:04Z,2026-09-11T04:44:04Z,ok
NJsHd-Az5M0,523962,2235,1251,2026-09-11T04:44:04Z,2026-09-11T04:44:04Z,ok
NJtWAraeB6U,7814023,73371,5723,2026-09-11T04:44:04Z,2026-09-11T04:44:04Z,ok
NKq7DKkwdPA,314664,4200,514,2026-09-11T04:44:04Z,2026-09-11T04:44:04Z,ok
NN615PdJZP4,482464,4759,2183,2026-09-11T04:44:04Z,2026-09-11T04:44:04Z,ok
NPnScYnJv2Q,1183765,16406,2390,2026-09-11T04:44:04Z,2026-09-11T04:44:04Z,ok
NQzddAr3eUM,533758,1709,579,2026-09-11T04:44:04Z,2026-09-11T04:44:04Z,ok
NT7Q0IEBuSw,26531,283,86,2026-09-11T04:44:04Z,2026-09-11T04:44:04Z,ok
NUUgm_EqOig,3067667,18626,2583,2026-09-11T04:44:04Z,2026-09-11T04:44:04Z,ok
NUtI2Kdfcts,194257,2417,700,2026-09-11T04:44:04Z,2026-09-11T04:44:04Z,ok
NYHI3wJzeE0,274984,622,295,2026-09-11T04:44:04Z,2026-09-11T04:44:04Z,ok
N_LHmFYW47c,176018,250,472,2026-09-11T04:44:04Z,2026-09-11T04:44:04Z,ok
NbrLshFJ4m8,360043,827,537,2026-09-11T04:44:04Z,2026-09-11T04:44:04Z,ok
NcFLAIy_YRc,1534495,18247,4022,2026-09-11T04:44:04Z,2026-09-11T04:44:04Z,ok
NfmuIt_IvXk,6390741,26570,6129,2026-09-11T04:44:04Z,2026-09-11T04:44:04Z,ok
NgBRka0yjbM,91783,892,372,2026-09-11T04:44:04Z,2026-09-11T04:44:04Z,ok
NlPRot88n_0,1607079,21408,4597,2026-09-11T04:44:04Z,2026-09-11T04:44:04Z,ok
Nm88nECXVF4,143780,784,316,2026-09-11T04:44:04Z,2026-09-11T04:44:04Z,ok
NqTgAUUoGAo,585033,8518,1154,2026-09-11T04:44:04Z,2026-09-11T04:44:04Z,ok
NumdcFwxvm0,539341,6463,2043,2026-09-11T04:44:04Z,2026-09-11T04:44:04Z,ok
NxM__Gyzd74,7954792,28118,9577,2026-09-11T04:44:04Z,2026-09-11T04:44:04Z,ok
Nxd9sphibZI,3649091,35012,10271,2026-09-11T04:44:04Z,2026-09-11T04:44:04Z,ok
NxxdgCWkZoI,597442,5711,1129,2026-09-11T04:44:04Z,2026-09-11T04:44:04Z,ok
O06kWvWHQU4,234074,336,513,2026-09-11T04:44:04Z,2026-09-11T04:44:04Z,ok
O18oAkffSso,164444,287,281,2026-09-11T04:44:04Z,2026-09-11T04:44:04Z,ok
O3_GKWB8tj0,1335912,5259,1031,2026-09-11T04:44:04Z,2026-09-11T04:44:04Z,ok
O6mS83BSivI,1353668,21470,5023,2026-09-11T04:44:04Z,2026-09-11T04:44:04Z,ok
O6tnJAa-U58,3881614,32299,6626,2026-09-11T04:44:04Z,2026-09-11T04:44:04Z,ok
OBNZ6fHMmeE,45503,105,116,2026-09-11T04:44:04Z,2026-09-11T04:44:04Z,ok
OBNt-I-0jm0,53092,610,182,2026-09-11T04:44:04Z,2026-09-11T04:44:04Z,ok
OERJTazLFOk,2835376,43377,4991,2026-09-11T04:44:04Z,2026-09-11T04:44:04Z,ok
OJJL-4vZzG8,76981,1622,251,2026-09-11T04:44:04Z,2026-09-11T04:44:04Z,ok
OMumUHqPkLk,1302438,2426,1947,2026-09-11T04:44:04Z,2026-09-11T04:44:04Z,ok
ONTyTzN9b94,603140,7807,2439,2026-09-11T04:44:04Z,2026-09-11T04:44:04Z,ok
OP9opb1T1Hw,569934,7006,2882,2026-09-11T04:44:04Z,2026-09-11T04:44:04Z,ok
OQgCm1Hk6sA,80835,141,193,2026-09-11T04:44:04Z,2026-09-11T04:44:04Z,ok
ORBah7NbrEM,43576,139,116,2026-09-11T04:44:04Z,2026-09-11T04:44:04Z,ok
OVxCBpAQ4lg,59172,753,115,2026-09-11T04:44:04Z,2026-09-11T04:44:04Z,ok
OZiZa88Vu2g,46683,994,114,2026-09-11T04:44:04Z,2026-09-11T04:44:04Z,ok
O_54EQEWVNI,525446,9755,1242,2026-09-11T04:44:04Z,2026-09-11T04:44:04Z,ok
O_73feAy-yo,3936936,17734,5740,2026-09-11T04:44:04Z,2026-09-11T04:44:04Z,ok
O_J8J9FaITk,795567,13078,1624,2026-09-11T04:44:04Z,2026-09-11T04:44:04Z,ok
O_KZuCcwol0,332125,3130,1008,2026-09-11T04:44:04Z,2026-09-11T04:44:04Z,ok
Odksj8yAVxU,639430,13454,3245,2026-09-11T04:44:04Z,2026-09-11T04:44:04Z,ok
OepQqyAszWs,25719,595,35,2026-09-11T04:44:04Z,2026-09-11T04:44:04Z,ok
OepVPDWPxeo,438146,6100,1448,2026-09-11T04:44:04Z,2026-09-11T04:44:04Z,ok
Oi85mkZHSi0,94577,1133,113,2026-09-11T04:44:04Z,2026-09-11T04:44:04Z,ok
Olg2ErFZKy4,116956,3004,340,2026-09-11T04:44:04Z,2026-09-11T04:44:04Z,ok
OmBxq7BbQHc,110767,116,202,2026-09-11T04:44:04Z,2026-09-11T04:44:04Z,ok
OxS28uUWZrM,1716225,9566,1380,2026-09-11T04:44:04Z,2026-09-11T04:44:04Z,ok
P3dNb2njEMc,579876,8038,1917,2026-09-11T04:44:04Z,2026-09-11T04:44:04Z,ok
P7LP92Yhi-g,456985,7417,2042,2026-09-11T04:44:04Z,2026-09-11T04:44:04Z,ok
PBbDG-XPsNM,123406,193,129,2026-09-11T04:44:04Z,2026-09-11T04:44:04Z,ok
PCNfLqPOmSg,3120160,9069,3125,2026-09-11T04:44:04Z,2026-09-11T04:44:04Z,ok
PDcdQ2Ct3XA,7768339,103633,16958,2026-09-11T04:44:04Z,2026-09-11T04:44:04Z,ok
PFGRn5uJi9Y,611520,2698,1102,2026-09-11T04:44:04Z,2026-09-11T04:44:04Z,ok
PFxQ6hp6Wi4,81885,179,162,2026-09-11T04:44:04Z,2026-09-11T04:44:04Z,ok
PGpmhtUtyvc,128848,267,91,2026-09-11T04:44:04Z,2026-09-11T04:44:04Z,ok
PI47hp869MM,151043,1824,535,2026-09-11T04:44:04Z,2026-09-11T04:44:04Z,ok
PK2OWgvSKQk,71218,1252,119,2026-09-11T04:44:04Z,2026-09-11T04:44:04Z,ok
PM1jg_Y0VP0,723603,9396,1428,2026-09-11T04:44:04Z,2026-09-11T04:44:04Z,ok
PORH660oHFA,10081516,41028,8752,2026-09-11T04:44:04Z,2026-09-11T04:44:04Z,ok
PRvfe_bUCiI,467024,789,701,2026-09-11T04:44:04Z,2026-09-11T04:44:04Z,ok
PSw_iwzJ6zw,61259,2077,221,2026-09-11T04:44:04Z,2026-09-11T04:44:04Z,ok
PVtQj7pnIlg,828671,11045,1650,2026-09-11T04:44:04Z,2026-09-11T04:44:04Z,ok
PWPMIprubZg,155581,224,173,2026-09-11T04:44:04Z,2026-09-11T04:44:04Z,ok
P__09uxeiLo,87922,197,197,2026-09-11T04:44:04Z,2026-09-11T04:44:04Z,ok
PaA4zpLt2kQ,592521,10612,1035,2026-09-11T04:44:04Z,2026-09-11T04:44:04Z,ok
PcrQ8ajVNPw,6031933,84383,15374,2026-09-11T04:44:04Z,2026-09-11T04:44:04Z,ok
PhLzuYcL3Y8,546616,1053,746,2026-09-11T04:44:04Z,2026-09-11T04:44:04Z,ok
PhbanXtWnGQ,1089866,11394,1485,2026-09-11T04:44:04Z,2026-09-11T04:44:04Z,ok
PhxR2sDuJrI,50240,1372,123,2026-09-11T04:44:04Z,2026-09-11T04:44:04Z,ok
PtnS5Eeci3U,109857,1622,336,2026-09-11T04:44:04Z,2026-09-11T04:44:04Z,ok
PwTaeH0V--4,1437885,5737,1296,2026-09-11T04:44:04Z,2026-09-11T04:44:04Z,ok
Q10fQjGC55I,316503,837,308,2026-09-11T04:44:04Z,2026-09-11T04:44:04Z,ok
Q6uJcXkHFTk,267294,3230,697,2026-09-11T04:44:04Z,2026-09-11T04:44:04Z,ok
Q76t76Pji-M,619627,12530,1786,2026-09-11T04:44:04Z,2026-09-11T04:44:04Z,ok
Q7J2wCRG3O0,52477,947,110,2026-09-11T04:44:04Z,2026-09-11T04:44:04Z,ok
QACw2qbYPGg,745910,10241,2247,2026-09-11T04:44:04Z,2026-09-11T04:44:04Z,ok
QBxwWuD4fI8,706806,9513,1149,2026-09-11T04:44:04Z,2026-09-11T04:44:04Z,ok
QEJuvfegSqI,533196,9185,1602,2026-09-11T04:44:04Z,2026-09-11T04:44:04Z,ok
QGLR66YRy-Q,618959,1843,974,2026-09-11T04:44:04Z,2026-09-11T04:44:04Z,ok
QGustt_7MNY,155104,406,284,2026-09-11T04:44:04Z,2026-09-11T04:44:04Z,ok
QHVhwMWohPE,513175,8559,1098,2026-09-11T04:44:04Z,2026-09-11T04:44:04Z,ok
QInLADZUX4E,250114,3105,417,2026-09-11T04:44:04Z,2026-09-11T04:44:04Z,ok
QLmYdRLqd5o,81405,148,208,2026-09-11T04:44:04Z,2026-09-11T04:44:04Z,ok
QPlUWTlok24,245005,1131,482,2026-09-11T04:44:04Z,2026-09-11T04:44:04Z,ok
QRpwMRlbtNU,345493,1077,250,2026-09-11T04:44:04Z,2026-09-11T04:44:04Z,ok
QSaQSxrl2uA,127146,143,217,2026-09-11T04:44:04Z,2026-09-11T04:44:04Z,ok
QW3Y5iqzLCk,673888,814,1073,2026-09-11T04:44:04Z,2026-09-11T04:44:04Z,ok
QWH29MmaRQ8,263908,526,167,2026-09-11T04:44:04Z,2026-09-11T04:44:04Z,ok
QZWrI1t70D0,91007,1288,181,2026-09-11T04:44:04Z,2026-09-11T04:44:04Z,ok
Qbe4F_nirdY,25289,365,20,2026-09-11T04:44:04Z,2026-09-11T04:44:04Z,ok
Qc0Ph1IVEC0,532711,13109,2130,2026-09-11T04:44:04Z,2026-09-11T04:44:04Z,ok
QcT1-MvTwlw,25962,143,16,2026-09-11T04:44:04Z,2026-09-11T04:44:04Z,ok
QdEnZ0wE_H0,1869944,12875,2755,2026-09-11T04:44:04Z,2026-09-11T04:44:04Z,ok
QdtgOGmmtEQ,1561922,3472,1643,2026-09-11T04:44:04Z,2026-09-11T04:44:04Z,ok
QeSzwXSYi_Y,43781,582,85,2026-09-11T04:44:04Z,2026-09-11T04:44:04Z,ok
QfNRBbL65Uk,2961104,39476,9337,2026-09-11T04:44:04Z,2026-09-11T04:44:04Z,ok
Qg-tpD9l2oY,43114,1217,264,2026-09-11T04:44:04Z,2026-09-11T04:44:04Z,ok
Qj1eJV9m7lc,120822,137,161,2026-09-11T04:44:04Z,2026-09-11T04:44:04Z,ok
QleH6GxaMq4,71731,130,137,2026-09-11T04:44:04Z,2026-09-11T04:44:04Z,ok
QlmLXBvMJFI,3203834,11800,1290,2026-09-11T04:44:04Z,2026-09-11T04:44:04Z,ok
Qou0_qhERtw,309752,4387,825,2026-09-11T04:44:04Z,2026-09-11T04:44:04Z,ok
QsQkNDepZBU,644363,1877,1178,2026-09-11T04:44:04Z,2026-09-11T04:44:04Z,ok
QtNa6harpTE,217278,402,439,2026-09-11T04:44:04Z,2026-09-11T04:44:04Z,ok
Qu-IY_vfnSU,1296411,8150,2196,2026-09-11T04:44:04Z,2026-09-11T04:44:04Z,ok
R0E5l9jn4vM,135388,2631,270,2026-09-11T04:44:04Z,2026-09-11T04:44:04Z,ok
R0sD6Q_G290,741666,5081,886,2026-09-11T04:44:04Z,2026-09-11T04:44:04Z,ok
R2wM-F4nTic,510891,7061,1289,2026-09-11T04:44:04Z,2026-09-11T04:44:04Z,ok
R465GdZsIR4,2849012,18289,1708,2026-09-11T04:44:04Z,2026-09-11T04:44:04Z,ok
R5XnvvWW2oc,164782,2465,237,2026-09-11T04:44:04Z,2026-09-11T04:44:04Z,ok
R6SiU2cp-7U,666511,4704,1704,2026-09-11T04:44:04Z,2026-09-11T04:44:04Z,ok
R7anFm1vRYE,69621,1109,293,2026-09-11T04:44:04Z,2026-09-11T04:44:04Z,ok
RDX9rWnsXy4,384523,2581,677,2026-09-11T04:44:04Z,2026-09-11T04:44:04Z,ok
RDiDkJHcnqs,377697,4888,776,2026-09-11T04:44:04Z,2026-09-11T04:44:04Z,ok
RFU9nhvgxaM,1601240,19808,4069,2026-09-11T04:44:04Z,2026-09-11T04:44:04Z,ok
RGRRZp_D5Ww,60042,106,102,2026-09-11T04:44:04Z,2026-09-11T04:44:04Z,ok
RLMwvBTRNPE,1222004,15600,1386,2026-09-11T04:44:04Z,2026-09-11T04:44:04Z,ok
RLzQ5N4llGs,3351484,42864,4439,2026-09-11T04:44:04Z,2026-09-11T04:44:04Z,ok
RMkisdubvnQ,1335040,25747,7308,2026-09-11T04:44:04Z,2026-09-11T04:44:04Z,ok
RPU9LSIovKc,7593,136,9,2026-09-11T04:44:04Z,2026-09-11T04:44:04Z,ok
RQxUqqd4wN4,778703,12344,1707,2026-09-11T04:44:04Z,2026-09-11T04:44:04Z,ok
RY9m-uvCRv4,100559,243,177,2026-09-11T04:44:04Z,2026-09-11T04:44:04Z,ok
RYhmr7hkMsQ,33197,593,40,2026-09-11T04:44:04Z,2026-09-11T04:44:04Z,ok
Rd3SBRNhp_M,32966,845,116,2026-09-11T04:44:04Z,2026-09-11T04:44:04Z,ok
RdD65DTci4Q,32421,1119,126,2026-09-11T04:44:04Z,2026-09-11T04:44:04Z,ok
RdnJB8Wt_i0,1319198,19216,2453,2026-09-11T04:44:04Z,2026-09-11T04:44:04Z,ok
ReIeGTkmchg,1627506,6319,2175,2026-09-11T04:44:04Z,2026-09-11T04:44:04Z,ok
RgqgsqT-iY0,9748,47,3,2026-09-11T04:44:04Z,2026-09-11T04:44:04Z,ok
RgsYs5tyA1k,1777604,11375,2209,2026-09-11T04:44:04Z,2026-09-11T04:44:04Z,ok
RhxhLrrGRwY,1021378,15311,2117,2026-09-11T04:44:04Z,2026-09-11T04:44:04Z,ok
RiyzqYvpVYI,39270,269,112,2026-09-11T04:44:04Z,2026-09-11T04:44:04Z,ok
RjH_MwSd3RA,6016,141,9,2026-09-11T04:44:04Z,2026-09-11T04:44:04Z,ok
RkNVpaKiUPI,847897,11334,1779,2026-09-11T04:44:04Z,2026-09-11T04:44:04Z,ok
RniJ4PflyMI,2464000,2827,1895,2026-09-11T04:44:04Z,2026-09-11T04:44:04Z,ok
RsmzQV6P-MQ,381865,13122,1839,2026-09-11T04:44:04Z,2026-09-11T04:44:04Z,ok
Rtf_y_cHGkc,15953,398,36,2026-09-11T04:44:04Z,2026-09-11T04:44:04Z,ok
S0MOQgI2tpc,2481692,33162,4231,2026-09-11T04:44:04Z,2026-09-11T04:44:04Z,ok
S5_uqVE8XlE,762533,8609,1908,2026-09-11T04:44:04Z,2026-09-11T04:44:04Z,ok
S87qsJZzGR0,28013416,160276,13742,2026-09-11T04:44:04Z,2026-09-11T04:44:04Z,ok
SA6IObK6n8w,153273,231,182,2026-09-11T04:44:04Z,2026-09-11T04:44:04Z,ok
SAlfoKvurqk,139786,2764,429,2026-09-11T04:44:04Z,2026-09-11T04:44:04Z,ok
SBjqtV9un78,6028988,29442,4445,2026-09-11T04:44:04Z,2026-09-11T04:44:04Z,ok
SFqHAVbhvPY,7678688,57051,5847,2026-09-11T04:44:04Z,2026-09-11T04:44:04Z,ok
SGfCoop7PWs,7948297,28309,8032,2026-09-11T04:44:04Z,2026-09-11T04:44:04Z,ok
SHly6nUgHgg,50081,84,31,2026-09-11T04:44:04Z,2026-09-11T04:44:04Z,ok
SIoIWDQHhkw,192103,484,473,2026-09-11T04:44:04Z,2026-09-11T04:44:04Z,ok
SLVKijYm_jE,1500822,4875,2600,2026-09-11T04:44:04Z,2026-09-11T04:44:04Z,ok
SQbHXkvzZj0,331616,4992,669,2026-09-11T04:44:04Z,2026-09-11T04:44:04Z,ok
SQp-0hvDxuc,405754,5986,967,2026-09-11T04:44:04Z,2026-09-11T04:44:04Z,ok
STeBG-LSy94,11387484,68523,8916,2026-09-11T04:44:04Z,2026-09-11T04:44:04Z,ok
SUk4U9iPc8U,194773,2790,280,2026-09-11T04:44:04Z,2026-09-11T04:44:04Z,ok
SVuPvFp0WNY,20331,338,30,2026-09-11T04:44:04Z,2026-09-11T04:44:04Z,ok
SXT0FqertLI,1431372,16568,1945,2026-09-11T04:44:04Z,2026-09-11T04:44:04Z,ok
SYfK7aUwMa4,55191,905,212,2026-09-11T04:44:04Z,2026-09-11T04:44:04Z,ok
Sg966fl5_V4,755413,6835,1295,2026-09-11T04:44:04Z,2026-09-11T04:44:04Z,ok
Sh7_MSr4t2w,127256,1927,255,2026-09-11T04:44:04Z,2026-09-11T04:44:04Z,ok
SjtaroUyNtQ,2259573,24536,3271,2026-09-11T04:44:04Z,2026-09-11T04:44:04Z,ok
StPj0lYkZgY,6031740,92102,11169,2026-09-11T04:44:04Z,2026-09-11T04:44:04Z,ok
SuZ4Igvvah4,2827082,21070,1580,2026-09-11T04:44:04Z,2026-09-11T04:44:04Z,ok
SusHuaVxz_k,44601,898,143,2026-09-11T04:44:04Z,2026-09-11T04:44:04Z,ok
SwEi7XWTocE,829011,3785,1086,2026-09-11T04:44:04Z,2026-09-11T04:44:04Z,ok
SxTO7mRqVOE,4897944,19099,2365,2026-09-11T04:44:04Z,2026-09-11T04:44:04Z,ok
T-qXrpkd0Z8,449012,1321,986,2026-09-11T04:44:04Z,2026-09-11T04:44:04Z,ok
T2L1xXaP8NI,403618,749,279,2026-09-11T04:44:04Z,2026-09-11T04:44:04Z,ok
T3Fx1ybduF8,35993,44,113,2026-09-11T04:44:04Z,2026-09-11T04:44:04Z,ok
T4uhJEkNEyk,288470,3998,677,2026-09-11T04:44:04Z,2026-09-11T04:44:04Z,ok
T4zf76-Qmrc,426885,8363,1709,2026-09-11T04:44:04Z,2026-09-11T04:44:04Z,ok
T7JJQe1A-_4,156579,433,558,2026-09-11T04:44:04Z,2026-09-11T04:44:04Z,ok
TAInI0g-BXQ,636214,10965,1758,2026-09-11T04:44:04Z,2026-09-11T04:44:04Z,ok
TBiYd5z2Rxg,197820,318,1108,2026-09-11T04:44:04Z,2026-09-11T04:44:04Z,ok
TCax_1ve6uY,825318,2033,1917,2026-09-11T04:44:04Z,2026-09-11T04:44:04Z,ok
TDE6yJu0DOU,1389700,2956,1413,2026-09-11T04:44:04Z,2026-09-11T04:44:04Z,ok
TIBhgTg0GII,147054,1741,318,2026-09-11T04:44:04Z,2026-09-11T04:44:04Z,ok
TKKFI5auE7E,229704,2437,696,2026-09-11T04:44:04Z,2026-09-11T04:44:04Z,ok
TW4r7CMNnyc,330682,927,413,2026-09-11T04:44:04Z,2026-09-11T04:44:04Z,ok
TW75mIu1ifA,130781,160,200,2026-09-11T04:44:04Z,2026-09-11T04:44:04Z,ok
TXrLXPljrCM,5204849,12001,3975,2026-09-11T04:44:04Z,2026-09-11T04:44:04Z,ok
TZD-sBCbu-U,122801,2515,232,2026-09-11T04:44:04Z,2026-09-11T04:44:04Z,ok
Tb5x9JfFXWc,203330,623,409,2026-09-11T04:44:04Z,2026-09-11T04:44:04Z,ok
TcJEedJa-HM,312995,2605,930,2026-09-11T04:44:04Z,2026-09-11T04:44:04Z,ok
TdUeQZpzrmY,29272736,194827,29908,2026-09-11T04:44:04Z,2026-09-11T04:44:04Z,ok
TeDGDuM9vNU,457457,9148,1350,2026-09-11T04:44:04Z,2026-09-11T04:44:04Z,ok
TfCX9xRMgXw,700436,1771,1544,2026-09-11T04:44:04Z,2026-09-11T04:44:04Z,ok
Ti3-hxtQ5Ds,46834,246,34,2026-09-11T04:44:04Z,2026-09-11T04:44:04Z,ok
TiK1WVN9vJA,224148,658,536,2026-09-11T04:44:04Z,2026-09-11T04:44:04Z,ok
TjJnuG8hhas,1437521,6890,1747,2026-09-11T04:44:04Z,2026-09-11T04:44:04Z,ok
TmrDz8b6aBw,655616,9850,2260,2026-09-11T04:44:04Z,2026-09-11T04:44:04Z,ok
Tpa9ARGVim8,74784,1163,158,2026-09-11T04:44:04Z,2026-09-11T04:44:04Z,ok
Tr0WgKjvQOM,3642922,46896,4169,2026-09-11T04:44:04Z,2026-09-11T04:44:04Z,ok
TsfHbqZej68,4662163,17487,6309,2026-09-11T04:44:04Z,2026-09-11T04:44:04Z,ok
Tx-PCGa-410,1974259,15477,2158,2026-09-11T04:44:04Z,2026-09-11T04:44:04Z,ok
TyBEJX4RysQ,1167830,16107,2731,2026-09-11T04:44:04Z,2026-09-11T04:44:04Z,ok
Tycr21-NO5s,4880610,6201,3709,2026-09-11T04:44:04Z,2026-09-11T04:44:04Z,ok
U-JBtO-85kk,1976362,27544,5519,2026-09-11T04:44:04Z,2026-09-11T04:44:04Z,ok
U3HXIfZXJgw,178049,3292,527,2026-09-11T04:44:04Z,2026-09-11T04:44:04Z,ok
U4NpeaZ7kbo,1597550,7585,2609,2026-09-11T04:44:04Z,2026-09-11T04:44:04Z,ok
UBMOw8Fm4e4,44681289,331594,20565,2026-09-11T04:44:04Z,2026-09-11T04:44:04Z,ok
UGbt13LNZJw,681259,2048,340,2026-09-11T04:44:04Z,2026-09-11T04:44:04Z,ok
UIu1GS1usiQ,1884862,13852,5761,2026-09-11T04:44:04Z,2026-09-11T04:44:04Z,ok
UJZf0IOkETU,2291716,30931,5132,2026-09-11T04:44:04Z,2026-09-11T04:44:04Z,ok
UK0twoDs5pY,92794,4791,547,2026-09-11T04:44:04Z,2026-09-11T04:44:04Z,ok
UKa_IX39ZeY,335011,1471,832,2026-09-11T04:44:04Z,2026-09-11T04:44:04Z,ok
USmtYdK4u7M,4990710,27585,5549,2026-09-11T04:44:04Z,2026-09-11T04:44:04Z,ok
UTn4q9FSXnU,435319,4019,1244,2026-09-11T04:44:04Z,2026-09-11T04:44:04Z,ok
UYlpa0CMBD0,5062157,66193,9521,2026-09-11T04:44:04Z,2026-09-11T04:44:04Z,ok
UZ60w5aotaQ,403932,5486,703,2026-09-11T04:44:04Z,2026-09-11T04:44:04Z,ok
Ua64zisXhCs,27957365,401440,46883,2026-09-11T04:44:04Z,2026-09-11T04:44:04Z,ok
UayzAGJfsMw,714600,5438,1738,2026-09-11T04:44:04Z,2026-09-11T04:44:04Z,ok
UfFT7TbtRy0,808123,16354,2684,2026-09-11T04:44:04Z,2026-09-11T04:44:04Z,ok
UfWyUr6i0v4,48224,352,94,2026-09-11T04:44:04Z,2026-09-11T04:44:04Z,ok
Ufqj2SR9IMA,689964,4438,1609,2026-09-11T04:44:04Z,2026-09-11T04:44:04Z,ok
UhWHRo9OvKA,405762,2308,560,2026-09-11T04:44:04Z,2026-09-11T04:44:04Z,ok
Um2XyeCDEew,377232,805,361,2026-09-11T04:44:04Z,2026-09-11T04:44:04Z,ok
Umj8bphgV5k,2267659,9352,2499,2026-09-11T04:44:04Z,2026-09-11T04:44:04Z,ok
UoheaN0Q6fM,2075464,8629,1883,2026-09-11T04:44:04Z,2026-09-11T04:44:04Z,ok
UpuXF9IOWpw,272888,4048,770,2026-09-11T04:44:04Z,2026-09-11T04:44:04Z,ok
UslUIIgeK9I,1060828,10106,2835,2026-09-11T04:44:04Z,2026-09-11T04:44:04Z,ok
Uu1wrUsi9AI,53162,640,185,2026-09-11T04:44:04Z,2026-09-11T04:44:04Z,ok
UvMslhWtLJE,1280390,24643,2252,2026-09-11T04:44:04Z,2026-09-11T04:44:04Z,ok
UvY_DvMUxIA,152547,3197,280,2026-09-11T04:44:04Z,2026-09-11T04:44:04Z,ok
Uy1VkA5zoFE,43478,870,93,2026-09-11T04:44:04Z,2026-09-11T04:44:04Z,ok
UyKR1d21-fc,420991,6642,970,2026-09-11T04:44:04Z,2026-09-11T04:44:04Z,ok
UyguPi0Kxdg,128264,1252,205,2026-09-11T04:44:04Z,2026-09-11T04:44:04Z,ok
UypvEz_A2uo,1095637,3633,2226,2026-09-11T04:44:04Z,2026-09-11T04:44:04Z,ok
V0jIjeDG3rU,551842,1709,1217,2026-09-11T04:44:04Z,2026-09-11T04:44:04Z,ok
V5Qqcyu06Rs,498542,7797,946,2026-09-11T04:44:04Z,2026-09-11T04:44:04Z,ok
V7o88-MmF9I,742329,2383,1104,2026-09-11T04:44:04Z,2026-09-11T04:44:04Z,ok
VBTFrS06rBs,231927,5526,912,2026-09-11T04:44:04Z,2026-09-11T04:44:04Z,ok
VG0MbsekLB0,978115,14677,5052,2026-09-11T04:44:04Z,2026-09-11T04:44:04Z,ok
VGRJQgBnpcQ,336478,1230,460,2026-09-11T04:44:04Z,2026-09-11T04:44:04Z,ok
VGuE7a7Qj50,220240,3842,688,2026-09-11T04:44:04Z,2026-09-11T04:44:04Z,ok
VGxS4f15djs,12501,334,40,2026-09-11T04:44:04Z,2026-09-11T04:44:04Z,ok
VLupgQ4zDT4,783627,13658,1360,2026-09-11T04:44:04Z,2026-09-11T04:44:04Z,ok
VMdG6x4EUCA,529265,8625,1290,2026-09-11T04:44:04Z,2026-09-11T04:44:04Z,ok
VRgY1Mt-Lh4,93581,193,92,2026-09-11T04:44:04Z,2026-09-11T04:44:04Z,ok
VTmNEB6AogU,7900568,12301,3380,2026-09-11T04:44:04Z,2026-09-11T04:44:04Z,ok
VU5hNrSiT8M,492782,1881,609,2026-09-11T04:44:04Z,2026-09-11T04:44:04Z,ok
VUx2MRgNCPs,181240,2682,330,2026-09-11T04:44:04Z,2026-09-11T04:44:04Z,ok
VXflFzRQilc,39436,897,183,2026-09-11T04:44:04Z,2026-09-11T04:44:04Z,ok
VeMBGf_-8fU,47488,1090,59,2026-09-11T04:44:04Z,2026-09-11T04:44:04Z,ok
VgugLPhVlqU,1788226,11130,1389,2026-09-11T04:44:04Z,2026-09-11T04:44:04Z,ok
VkMz2kpRkYc,1445999,24816,3950,2026-09-11T04:44:04Z,2026-09-11T04:44:04Z,ok
VnD4mz2QUGs,217990,463,383,2026-09-11T04:44:04Z,2026-09-11T04:44:04Z,ok
Vo29B4BcSSQ,1222686,4778,1542,2026-09-11T04:44:04Z,2026-09-11T04:44:04Z,ok
VpKwLIOQhk4,58661,142,55,2026-09-11T04:44:04Z,2026-09-11T04:44:04Z,ok
VqgrEm58B0g,233219,6215,411,2026-09-11T04:44:04Z,2026-09-11T04:44:04Z,ok
VrbMjuCqwWI,663236,2150,434,2026-09-11T04:44:04Z,2026-09-11T04:44:04Z,ok
VseajutIVVk,1504117,10697,2739,2026-09-11T04:44:04Z,2026-09-11T04:44:04Z,ok
Vz5SzkRo5Fc,1669704,6734,1757,2026-09-11T04:44:04Z,2026-09-11T04:44:04Z,ok
W-w7s55c9z4,316143,741,285,2026-09-11T04:44:04Z,2026-09-11T04:44:04Z,ok
W6WQ5FaLHUI,2148875,17565,3959,2026-09-11T04:44:04Z,2026-09-11T04:44:04Z,ok
W8b4cNAoALo,79643,1104,158,2026-09-11T04:44:04Z,2026-09-11T04:44:04Z,ok
WB737ujstFg,118895,446,122,2026-09-11T04:44:04Z,2026-09-11T04:44:04Z,ok
WCD3gOP4SzE,24884,678,79,2026-09-11T04:44:04Z,2026-09-11T04:44:04Z,ok
WDmcqtoywb0,4427228,49900,5422,2026-09-11T04:44:04Z,2026-09-11T04:44:04Z,ok
WFzb5SYPelE,1717703,17286,1406,2026-09-11T04:44:04Z,2026-09-11T04:44:04Z,ok
WGbHppei6ig,1234330,5190,1344,2026-09-11T04:44:04Z,2026-09-11T04:44:04Z,ok
WGr56CQo3p0,556465,4861,1354,2026-09-11T04:44:04Z,2026-09-11T04:44:04Z,ok
WId4h046LGM,221224,285,247,2026-09-11T04:44:04Z,2026-09-11T04:44:04Z,ok
WJiSYDu5ato,2850035,40940,10844,2026-09-11T04:44:04Z,2026-09-11T04:44:04Z,ok
WNqLT0C0Q_E,105542,1181,291,2026-09-11T04:44:04Z,2026-09-11T04:44:04Z,ok
WPo8aAuoTp8,1329700,12698,1712,2026-09-11T04:44:04Z,2026-09-11T04:44:04Z,ok
WSPeUp0pap8,69568,1641,189,2026-09-11T04:44:04Z,2026-09-11T04:44:04Z,ok
WVMP0piBeT4,714787,11860,1429,2026-09-11T04:44:04Z,2026-09-11T04:44:04Z,ok
WVdTtw8tkQs,945898,14008,2015,2026-09-11T04:44:04Z,2026-09-11T04:44:04Z,ok
WWHa_Wp_yRc,283003,817,815,2026-09-11T04:44:04Z,2026-09-11T04:44:04Z,ok
WYG4IYhWTds,11481921,40670,12037,2026-09-11T04:44:04Z,2026-09-11T04:44:04Z,ok
W_coUGZgBYs,91399,1046,243,2026-09-11T04:44:04Z,2026-09-11T04:44:04Z,ok
WbHSlNN80zI,64502,2431,309,2026-09-11T04:44:04Z,2026-09-11T04:44:04Z,ok
WcgLqPNtiFE,264234,337,488,2026-09-11T04:44:04Z,2026-09-11T04:44:04Z,ok
WdS0lPpoX9M,69301,2123,370,2026-09-11T04:44:04Z,2026-09-11T04:44:04Z,ok
Wh30oebR_MQ,133800,1368,343,2026-09-11T04:44:04Z,2026-09-11T04:44:04Z,ok
WiQ6uIQBmNQ,891002,12847,1219,2026-09-11T04:44:04Z,2026-09-11T04:44:04Z,ok
Wjr6pqhhGTU,4409312,28412,4797,2026-09-11T04:44:04Z,2026-09-11T04:44:04Z,ok
WpG_nJxoWNA,30761,923,99,2026-09-11T04:44:04Z,2026-09-11T04:44:04Z,ok
WtRy-av50eE,1159727,13999,2134,2026-09-11T04:44:04Z,2026-09-11T04:44:04Z,ok
WvCkR5VF43Y,109695,2306,397,2026-09-11T04:44:04Z,2026-09-11T04:44:04Z,ok
WxmAY4Qrodk,309212,5106,703,2026-09-11T04:44:04Z,2026-09-11T04:44:04Z,ok
WzF8CH2KyKw,133301,3367,226,2026-09-11T04:44:04Z,2026-09-11T04:44:04Z,ok
X5kpi4Ih-a4,1539803,4057,2794,2026-09-11T04:44:04Z,2026-09-11T04:44:04Z,ok
X7ZH22LYpVo,31704,625,103,2026-09-11T04:44:04Z,2026-09-11T04:44:04Z,ok
X8om3U5HecI,2749486,6446,4108,2026-09-11T04:44:04Z,2026-09-11T04:44:04Z,ok
XCV_CfQtfj4,103054,3095,200,2026-09-11T04:44:04Z,2026-09-11T04:44:04Z,ok
XCbbELz1fag,258695,934,402,2026-09-11T04:44:04Z,2026-09-11T04:44:04Z,ok
XDo5Is8mCtY,66702,1247,147,2026-09-11T04:44:04Z,2026-09-11T04:44:04Z,ok
XE6TcNn-FLA,320811,765,477,2026-09-11T04:44:04Z,2026-09-11T04:44:04Z,ok
XEMf6pcZHJk,126115,133,270,2026-09-11T04:44:04Z,2026-09-11T04:44:04Z,ok
XJ9g5iKvtCI,58192,1407,151,2026-09-11T04:44:04Z,2026-09-11T04:44:04Z,ok
XJsW57m9AmY,971915,13826,1601,2026-09-11T04:44:04Z,2026-09-11T04:44:04Z,ok
XKwpw19ywGQ,213954,290,185,2026-09-11T04:44:04Z,2026-09-11T04:44:04Z,ok
XMu2WAiS6rY,2996208,46702,5026,2026-09-11T04:44:04Z,2026-09-11T04:44:04Z,ok
XNVCF-igoKw,123863,1818,442,2026-09-11T04:44:04Z,2026-09-11T04:44:04Z,ok
XVvIEXOt_D4,560386,2338,1112,2026-09-11T04:44:04Z,2026-09-11T04:44:04Z,ok
X_IkGInw_lE,1698999,9670,2200,2026-09-11T04:44:04Z,2026-09-11T04:44:04Z,ok
Xdd_GxVzTug,297993,960,564,2026-09-11T04:44:04Z,2026-09-11T04:44:04Z,ok
XeN1B_Iq3sM,197621,514,376,2026-09-11T04:44:04Z,2026-09-11T04:44:04Z,ok
XfShCTX99WY,900745,14831,3456,2026-09-11T04:44:04Z,2026-09-11T04:44:04Z,ok
Xfsbnz_WTLs,1034886,20201,3262,2026-09-11T04:44:04Z,2026-09-11T04:44:04Z,ok
Xj-YF-RIF0g,22603,619,50,2026-09-11T04:44:04Z,2026-09-11T04:44:04Z,ok
XjZT5P9MQ6o,86439,767,229,2026-09-11T04:44:04Z,2026-09-11T04:44:04Z,ok
XjlP4azPQIw,170718,2305,372,2026-09-11T04:44:04Z,2026-09-11T04:44:04Z,ok
XmSF0VBpnEU,31482,558,97,2026-09-11T04:44:04Z,2026-09-11T04:44:04Z,ok
XnxqXonZiVM,879851,3150,1313,2026-09-11T04:44:04Z,2026-09-11T04:44:04Z,ok
Xx7gV_rJFBo,32300,327,46,2026-09-11T04:44:04Z,2026-09-11T04:44:04Z,ok
XyEZc9VZUmg,2803338,34181,4562,2026-09-11T04:44:04Z,2026-09-11T04:44:04Z,ok
Xz0skivZuI4,1627189,10872,2300,2026-09-11T04:44:04Z,2026-09-11T04:44:04Z,ok
Xz3-gwKQI98,384037,864,1015,2026-09-11T04:44:04Z,2026-09-11T04:44:04Z,ok
Y-ZQes7OYdE,28173,433,52,2026-09-11T04:44:04Z,2026-09-11T04:44:04Z,ok
Y0hgfpGo3cE,2586080,35439,2667,2026-09-11T04:44:04Z,2026-09-11T04:44:04Z,ok
Y2ah4V7CqiA,338781,592,357,2026-09-11T04:44:04Z,2026-09-11T04:44:04Z,ok
Y2rF6cSCjmY,203919,372,410,2026-09-11T04:44:04Z,2026-09-11T04:44:04Z,ok
Y4l-HpCaHmQ,3034599,1589,2262,2026-09-11T04:44:04Z,2026-09-11T04:44:04Z,ok
Y6vjhLIAWVc,798833,1955,679,2026-09-11T04:44:04Z,2026-09-11T04:44:04Z,ok
Y7q1NUrxEZo,445115,1723,779,2026-09-11T04:44:04Z,2026-09-11T04:44:04Z,ok
YE2XLkX3krY,75161,1379,17,2026-09-11T04:44:04Z,2026-09-11T04:44:04Z,ok
YEAkNeofds8,148021,351,501,2026-09-11T04:44:04Z,2026-09-11T04:44:04Z,ok
YG9A5EIhqPA,310723,1586,249,2026-09-11T04:44:04Z,2026-09-11T04:44:04Z,ok
YGy0hLswFo0,20231,349,44,2026-09-11T04:44:04Z,2026-09-11T04:44:04Z,ok
YHLut41dCG8,797982,3496,845,2026-09-11T04:44:04Z,2026-09-11T04:44:04Z,ok
YHUaTOiGXBI,3653559,47161,7685,2026-09-11T04:44:04Z,2026-09-11T04:44:04Z,ok
YJsxEwgp-fc,3337971,39793,7134,2026-09-11T04:44:04Z,2026-09-11T04:44:04Z,ok
YMIm1Xh2MRU,1074547,3300,466,2026-09-11T04:44:04Z,2026-09-11T04:44:04Z,ok
YMbDOMn4CfE,3027367,6796,2528,2026-09-11T04:44:04Z,2026-09-11T04:44:04Z,ok
YN3kLkiLzXA,3864603,23875,8780,2026-09-11T04:44:04Z,2026-09-11T04:44:04Z,ok
YNUAQhjOmpU,5208922,71426,8590,2026-09-11T04:44:04Z,2026-09-11T04:44:04Z,ok
YOPtHwVWzn4,3725096,31242,7525,2026-09-11T04:44:04Z,2026-09-11T04:44:04Z,ok
YRVgMi8XQEc,1938321,3396,1911,2026-09-11T04:44:04Z,2026-09-11T04:44:04Z,ok
YSX61K0lZn4,48095,1196,149,2026-09-11T04:44:04Z,2026-09-11T04:44:04Z,ok
YSp491-6WgI,272196,4070,1249,2026-09-11T04:44:04Z,2026-09-11T04:44:04Z,ok
YVGlSfmFPzA,149628,296,108,2026-09-11T04:44:04Z,2026-09-11T04:44:04Z,ok
YVckx89QcG8,17649641,136417,17892,2026-09-11T04:44:04Z,2026-09-11T04:44:04Z,ok
YYWDRruGRdU,137780,174,194,2026-09-11T04:44:04Z,2026-09-11T04:44:04Z,ok
YdFCEXBvP78,195031,1838,671,2026-09-11T04:44:04Z,2026-09-11T04:44:04Z,ok
YdQanPDK-4Y,4893758,49987,2798,2026-09-11T04:44:04Z,2026-09-11T04:44:04Z,ok
Ydw5ZSJrX3M,188955,2774,415,2026-09-11T04:44:04Z,2026-09-11T04:44:04Z,ok
YiJI_ohq4Pc,288434,4759,61,2026-09-11T04:44:04Z,2026-09-11T04:44:04Z,ok
YjELN8wxuOs,16159,314,35,2026-09-11T04:44:04Z,2026-09-11T04:44:04Z,ok
Yn-OfMIz478,3759753,22408,3449,2026-09-11T04:44:04Z,2026-09-11T04:44:04Z,ok
Yo94Z6I3YVs,2842611,20737,3359,2026-09-11T04:44:04Z,2026-09-11T04:44:04Z,ok
YoFx5KeltMQ,186179,3014,439,2026-09-11T04:44:04Z,2026-09-11T04:44:04Z,ok
Ys_lr96EMWE,1221446,22870,3587,2026-09-11T04:44:04Z,2026-09-11T04:44:04Z,ok
Z3J1IlETeIo,153117,323,169,2026-09-11T04:44:04Z,2026-09-11T04:44:04Z,ok
Z8SwiCv56-k,289783,4068,817,2026-09-11T04:44:04Z,2026-09-11T04:44:04Z,ok
Z8_K6viaZ7o,8629963,48956,5999,2026-09-11T04:44:04Z,2026-09-11T04:44:04Z,ok
Z9znmJibWK0,114767,153,267,2026-09-11T04:44:04Z,2026-09-11T04:44:04Z,ok
ZDqJh4mLcn4,1857177,7498,4509,2026-09-11T04:44:04Z,2026-09-11T04:44:04Z,ok
ZFlzt1IME9U,342185,1017,385,2026-09-11T04:44:04Z,2026-09-11T04:44:04Z,ok
ZGJLjwgLuRs,151116,2254,321,2026-09-11T04:44:04Z,2026-09-11T04:44:04Z,ok
ZGLuRPP_CYU,130955,3324,616,2026-09-11T04:44:04Z,2026-09-11T04:44:04Z,ok
ZGp-6K4llig,106739,3635,379,2026-09-11T04:44:04Z,2026-09-11T04:44:04Z,ok
ZJfQmTzjPUo,2437862,30914,6309,2026-09-11T04:44:04Z,2026-09-11T04:44:04Z,ok
ZLeHi6JYcYo,1189647,3014,1343,2026-09-11T04:44:04Z,2026-09-11T04:44:04Z,ok
ZP7EDIe2ZgQ,13526,312,44,2026-09-11T04:44:04Z,2026-09-11T04:44:04Z,ok
ZS1yMD11X0Y,1657817,13499,2959,2026-09-11T04:44:04Z,2026-09-11T04:44:04Z,ok
ZS9hCGOCQmY,42464,863,110,2026-09-11T04:44:04Z,2026-09-11T04:44:04Z,ok
ZUmlVL06Jx8,62162,1447,117,2026-09-11T04:44:04Z,2026-09-11T04:44:04Z,ok
ZXavy6Bo8t4,2883987,23926,4740,2026-09-11T04:44:04Z,2026-09-11T04:44:04Z,ok
ZZ8wXFyQgiY,5280973,15130,2563,2026-09-11T04:44:04Z,2026-09-11T04:44:04Z,ok
ZZdIifi92ck,2624787,41054,2254,2026-09-11T04:44:04Z,2026-09-11T04:44:04Z,ok
Z_ch0wq_JA4,24778,281,52,2026-09-11T04:44:04Z,2026-09-11T04:44:04Z,ok
ZaetK02hDu0,5273080,63596,5533,2026-09-11T04:44:04Z,2026-09-11T04:44:04Z,ok
Zd10LgEP6Yg,82546,118,163,2026-09-11T04:44:04Z,2026-09-11T04:44:04Z,ok
Zdrsm1QEhn4,227665,1239,614,2026-09-11T04:44:04Z,2026-09-11T04:44:04Z,ok
ZfzCxtXOZI4,45718,1291,94,2026-09-11T04:44:04Z,2026-09-11T04:44:04Z,ok
ZmA_WXN_YY4,1486924,19281,4755,2026-09-11T04:44:04Z,2026-09-11T04:44:04Z,ok
ZmJhgW1ZxVc,1489694,11359,2235,2026-09-11T04:44:04Z,2026-09-11T04:44:04Z,ok
Zo3yOWg1e_o,724624,1474,1300,2026-09-11T04:44:04Z,2026-09-11T04:44:04Z,ok
ZpvlsIVYMEo,29083,754,15,2026-09-11T04:44:04Z,2026-09-11T04:44:04Z,ok
ZtAygL5nHNE,121302,1352,400,2026-09-11T04:44:04Z,2026-09-11T04:44:04Z,ok
Zu0Jn6VhSWU,325759,4893,892,2026-09-11T04:44:04Z,2026-09-11T04:44:04Z,ok
_15Ox1DflUo,6182568,17946,7747,2026-09-11T04:44:04Z,2026-09-11T04:44:04Z,ok
_2wR50mlfr0,42512,77,108,2026-09-11T04:44:04Z,2026-09-11T04:44:04Z,ok
_3e-pWavLXM,215094,377,309,2026-09-11T04:44:04Z,2026-09-11T04:44:04Z,ok
_5i1saQIygI,121382,1888,571,2026-09-11T04:44:04Z,2026-09-11T04:44:04Z,ok
_6oaRb2LbqI,1307326,2876,1100,2026-09-11T04:44:04Z,2026-09-11T04:44:04Z,ok
_71Vx01N9kU,144725,1765,124,2026-09-11T04:44:04Z,2026-09-11T04:44:04Z,ok
_91hINDmHxA,139452,473,239,2026-09-11T04:44:04Z,2026-09-11T04:44:04Z,ok
_Aro1UAIm3c,3114925,6490,2361,2026-09-11T04:44:04Z,2026-09-11T04:44:04Z,ok
_E0bjUOpIYk,414052,6975,899,2026-09-11T04:44:04Z,2026-09-11T04:44:04Z,ok
_FRopR4FYQA,353206,5625,1156,2026-09-11T04:44:04Z,2026-09-11T04:44:04Z,ok
_G_iDVDFnqE,303725,465,700,2026-09-11T04:44:04Z,2026-09-11T04:44:04Z,ok
_LUwvSHNeaM,38276,1298,204,2026-09-11T04:44:04Z,2026-09-11T04:44:04Z,ok
_Ml44wUEK4g,50718,154,45,2026-09-11T04:44:04Z,2026-09-11T04:44:04Z,ok
_NahblOJVJ4,861488,3781,1273,2026-09-11T04:44:04Z,2026-09-11T04:44:04Z,ok
_TxcOeThlFk,83166,113,95,2026-09-11T04:44:04Z,2026-09-11T04:44:04Z,ok
_V9UVeo2zDo,465125,1290,1126,2026-09-11T04:44:04Z,2026-09-11T04:44:04Z,ok
_WnwqsVPfiU,4407614,52956,14599,2026-09-11T04:44:04Z,2026-09-11T04:44:04Z,ok
_ZWvMcXmg5M,1284079,15556,1469,2026-09-11T04:44:04Z,2026-09-11T04:44:04Z,ok
_Zh_AcP-kK8,806278,14919,2661,2026-09-11T04:44:04Z,2026-09-11T04:44:04Z,ok
__s6R_CygAE,20538,427,64,2026-09-11T04:44:04Z,2026-09-11T04:44:04Z,ok
_a1GCl5eBPc,2140548,29974,6077,2026-09-11T04:44:04Z,2026-09-11T04:44:04Z,ok
_bz8NryeYM4,135404,773,240,2026-09-11T04:44:04Z,2026-09-11T04:44:04Z,ok
_cr3RHWVPPE,87896,2094,193,2026-09-11T04:44:04Z,2026-09-11T04:44:04Z,ok
_e6etwh79H4,11132,193,10,2026-09-11T04:44:04Z,2026-09-11T04:44:04Z,ok
_eq5PlYBbsY,114107,123,370,2026-09-11T04:44:04Z,2026-09-11T04:44:04Z,ok
_fo50Wh4Neg,152913,450,314,2026-09-11T04:44:04Z,2026-09-11T04:44:04Z,ok
_hdnb8OUfPc,555804,872,534,2026-09-11T04:44:04Z,2026-09-11T04:44:04Z,ok
_iC52xNl8k8,312503,448,557,2026-09-11T04:44:04Z,2026-09-11T04:44:04Z,ok
_iR099onC-w,270498,665,1319,2026-09-11T04:44:04Z,2026-09-11T04:44:04Z,ok
_pD83Bl3dRg,1465296,6939,1965,2026-09-11T04:44:04Z,2026-09-11T04:44:04Z,ok
_pZoQHgtJUg,1218626,14078,1857,2026-09-11T04:44:04Z,2026-09-11T04:44:04Z,ok
_qmnZOyheMI,96289,339,306,2026-09-11T04:44:04Z,2026-09-11T04:44:04Z,ok
_spdwIDIfB0,1569893,24713,2481,2026-09-11T04:44:04Z,2026-09-11T04:44:04Z,ok
_twV2LsxMYA,3646956,62021,7966,2026-09-11T04:44:04Z,2026-09-11T04:44:04Z,ok
_wx--Q7SOLE,12667,298,24,2026-09-11T04:44:04Z,2026-09-11T04:44:04Z,ok
a--2Nwm4Wkw,527249,1141,357,2026-09-11T04:44:04Z,2026-09-11T04:44:04Z,ok
a1VJZulfzUE,2838062,6614,3065,2026-09-11T04:44:04Z,2026-09-11T04:44:04Z,ok
a23cUKV-jVw,53465,57,85,2026-09-11T04:44:04Z,2026-09-11T04:44:04Z,ok
a4bo-nYRxSo,18656037,117922,19101,2026-09-11T04:44:04Z,2026-09-11T04:44:04Z,ok
aBYHNveJgTg,141334,286,260,2026-09-11T04:44:04Z,2026-09-11T04:44:04Z,ok
aCMshfBk8nc,1898797,35042,6390,2026-09-11T04:44:04Z,2026-09-11T04:44:04Z,ok
aDBnSKEPQOY,123800,1705,551,2026-09-11T04:44:04Z,2026-09-11T04:44:04Z,ok
aDgPm4e40TM,10185603,46477,4457,2026-09-11T04:44:04Z,2026-09-11T04:44:04Z,ok
aHEVn1YcEx4,208187,7591,682,2026-09-11T04:44:04Z,2026-09-11T04:44:04Z,ok
aJ6yzMdvOvU,84482,1430,218,2026-09-11T04:44:04Z,2026-09-11T04:44:04Z,ok
aJzCzrzi434,619924,1671,969,2026-09-11T04:44:04Z,2026-09-11T04:44:04Z,ok
aM2OPiJFidk,629092,9529,605,2026-09-11T04:44:04Z,2026-09-11T04:44:04Z,ok
aRB4n19Cx8k,4225366,54916,3358,2026-09-11T04:44:04Z,2026-09-11T04:44:04Z,ok
aSeypPn66V8,799434,11198,1679,2026-09-11T04:44:04Z,2026-09-11T04:44:04Z,ok
aSz8tjCaycs,837122,2747,465,2026-09-11T04:44:04Z,2026-09-11T04:44:04Z,ok
aXcX5nZOaPo,11482,239,15,2026-09-11T04:44:04Z,2026-09-11T04:44:04Z,ok
aXriDACC53k,1041100,18232,1563,2026-09-11T04:44:04Z,2026-09-11T04:44:04Z,ok
ab_9R2f9SuI,52343,907,84,2026-09-11T04:44:04Z,2026-09-11T04:44:04Z,ok
abu-X3HuLDQ,5425694,13116,4798,2026-09-11T04:44:04Z,2026-09-11T04:44:04Z,ok
abyNh2wLYjw,2824076,9491,3167,2026-09-11T04:44:04Z,2026-09-11T04:44:04Z,ok
adva1cGfmgo,531031,6957,1737,2026-09-11T04:44:04Z,2026-09-11T04:44:04Z,ok
af_zZbz54vo,134055,328,269,2026-09-11T04:44:04Z,2026-09-11T04:44:04Z,ok
agoPL2tI02s,6060377,60028,4614,2026-09-11T04:44:04Z,2026-09-11T04:44:04Z,ok
aieEdqr4xsM,2047296,3233,2232,2026-09-11T04:44:04Z,2026-09-11T04:44:04Z,ok
ajxpxER7ukY,118919,2884,279,2026-09-11T04:44:04Z,2026-09-11T04:44:04Z,ok
akxTbU1qwRs,2299300,5902,816,2026-09-11T04:44:04Z,2026-09-11T04:44:04Z,ok
aoOpkS5TxOQ,229648,446,431,2026-09-11T04:44:04Z,2026-09-11T04:44:04Z,ok
apI2MgfBlQg,51217,1210,120,2026-09-11T04:44:04Z,2026-09-11T04:44:04Z,ok
apJQez_V6-Q,593271,1677,662,2026-09-11T04:44:04Z,2026-09-11T04:44:04Z,ok
appI00yZ96I,705410,7996,2311,2026-09-11T04:44:04Z,2026-09-11T04:44:04Z,ok
aqNz5JatuOc,1169916,12974,1051,2026-09-11T04:44:04Z,2026-09-11T04:44:04Z,ok
awb3QTd0wYM,122825,310,231,2026-09-11T04:44:04Z,2026-09-11T04:44:04Z,ok
axq1ByTBwGs,4558348,23726,6154,2026-09-11T04:44:04Z,2026-09-11T04:44:04Z,ok
b4oPKYahBow,240338,746,310,2026-09-11T04:44:04Z,2026-09-11T04:44:04Z,ok
b8mcEjax5fs,1886975,11686,2427,2026-09-11T04:44:04Z,2026-09-11T04:44:04Z,ok
bBxaQScK6Q0,5795400,62138,5810,2026-09-11T04:44:04Z,2026-09-11T04:44:04Z,ok
bF7itKGEIvo,102727,287,199,2026-09-11T04:44:04Z,2026-09-11T04:44:04Z,ok
bFWLApcPap0,464132,6804,1763,2026-09-11T04:44:04Z,2026-09-11T04:44:04Z,ok
bGOxyj9Iwy8,3197410,39979,7142,2026-09-11T04:44:04Z,2026-09-11T04:44:04Z,ok
bGq-PlicLjk,221822,299,436,2026-09-11T04:44:04Z,2026-09-11T04:44:04Z,ok
bItSfnf-wmM,3548142,39448,3018,2026-09-11T04:44:04Z,2026-09-11T04:44:04Z,ok
bJ8G0fJTnok,541813,7823,741,2026-09-11T04:44:04Z,2026-09-11T04:44:04Z,ok
bLcDQOD0LQo,132701,186,224,2026-09-11T04:44:04Z,2026-09-11T04:44:04Z,ok
bP_NEGKsMHE,10645397,43026,11979,2026-09-11T04:44:04Z,2026-09-11T04:44:04Z,ok
bPn-GqqsPvk,1078191,15573,1754,2026-09-11T04:44:04Z,2026-09-11T04:44:04Z,ok
bWWRGFtWaSk,2613058,6222,4035,2026-09-11T04:44:04Z,2026-09-11T04:44:04Z,ok
bXRPR-5-CsU,3649362,8077,4366,2026-09-11T04:44:04Z,2026-09-11T04:44:04Z,ok
bbvTbcnxbXE,1073618,11156,1360,2026-09-11T04:44:04Z,2026-09-11T04:44:04Z,ok
besCYPi5FOw,651195,1297,680,2026-09-11T04:44:04Z,2026-09-11T04:44:04Z,ok
bhSOKoiEWZg,723835,1377,765,2026-09-11T04:44:04Z,2026-09-11T04:44:04Z,ok
bi9MhjEqlUw,115993,1564,264,2026-09-11T04:44:04Z,2026-09-11T04:44:04Z,ok
bqenNtbd9O4,401283,1706,249,2026-09-11T04:44:04Z,2026-09-11T04:44:04Z,ok
bs30EUK9yMM,550385,10809,1042,2026-09-11T04:44:04Z,2026-09-11T04:44:04Z,ok
btNyYRFMeyQ,96360,207,115,2026-09-11T04:44:04Z,2026-09-11T04:44:04Z,ok
bw98VPcJj8U,359752,1291,514,2026-09-11T04:44:04Z,2026-09-11T04:44:04Z,ok
bz51cYFBHYo,723565,1770,957,2026-09-11T04:44:04Z,2026-09-11T04:44:04Z,ok
c-0BJdx3QMk,4308256,18867,4342,2026-09-11T04:44:04Z,2026-09-11T04:44:04Z,ok
c4W2A3GdtzM,2727522,2555,2414,2026-09-11T04:44:04Z,2026-09-11T04:44:04Z,ok
c52WK4bfyM0,173587,430,362,2026-09-11T04:44:04Z,2026-09-11T04:44:04Z,ok
c54XD8GFi_o,186134,192,402,2026-09-11T04:44:04Z,2026-09-11T04:44:04Z,ok
c5xjN1lUl5s,27117,543,60,2026-09-11T04:44:04Z,2026-09-11T04:44:04Z,ok
c6MXRyjXZNM,57905,1161,177,2026-09-11T04:44:04Z,2026-09-11T04:44:04Z,ok
c6mXb7v6Ojs,63392,1193,9,2026-09-11T04:44:04Z,2026-09-11T04:44:04Z,ok
c7YVtUx6W_Y,260384,590,373,2026-09-11T04:44:04Z,2026-09-11T04:44:04Z,ok
cA8lk04Y7-s,379410,12842,1100,2026-09-11T04:44:04Z,2026-09-11T04:44:04Z,ok
cBD4EStexTI,472147,6314,1214,2026-09-11T04:44:04Z,2026-09-11T04:44:04Z,ok
cBei6d3dxJI,432254,2682,998,2026-09-11T04:44:04Z,2026-09-11T04:44:04Z,ok
cCdj_E-5tAo,297004,5643,1704,2026-09-11T04:44:04Z,2026-09-11T04:44:04Z,ok
cCl7DX2yIwk,108951,143,79,2026-09-11T04:44:04Z,2026-09-11T04:44:04Z,ok
cDE7vpCNYdo,809842,9408,1563,2026-09-11T04:44:04Z,2026-09-11T04:44:04Z,ok
cFgzl48qyb0,448963,6229,1163,2026-09-11T04:44:04Z,2026-09-11T04:44:04Z,ok
cK6U40HPYCM,537760,933,595,2026-09-11T04:44:04Z,2026-09-11T04:44:04Z,ok
cRK8H17Vgq0,5286502,51538,10535,2026-09-11T04:44:04Z,2026-09-11T04:44:04Z,ok
cT0FYlsW2c4,691582,3485,1139,2026-09-11T04:44:04Z,2026-09-11T04:44:04Z,ok
cUCqeBUh2JM,315083,1013,551,2026-09-11T04:44:04Z,2026-09-11T04:44:04Z,ok
ca9h4YBFr68,1510772,1117,787,2026-09-11T04:44:04Z,2026-09-11T04:44:04Z,ok
caaNsJRoqoA,121193,1932,195,2026-09-11T04:44:04Z,2026-09-11T04:44:04Z,ok
caoLTjDdV4w,87511,1262,187,2026-09-11T04:44:04Z,2026-09-11T04:44:04Z,ok
cf7SSpWq9Hw,1207182,4395,1351,2026-09-11T04:44:04Z,2026-09-11T04:44:04Z,ok
cffBTU2xSO8,1138088,4570,1813,2026-09-11T04:44:04Z,2026-09-11T04:44:04Z,ok
cfvcJSowfig,22845,725,43,2026-09-11T04:44:04Z,2026-09-11T04:44:04Z,ok
chSqZvbAcqs,1151076,4098,954,2026-09-11T04:44:04Z,2026-09-11T04:44:04Z,ok
clgw5UsdEfM,674795,2464,584,2026-09-11T04:44:04Z,2026-09-11T04:44:04Z,ok
cowBHW_Ffy4,141160,3177,377,2026-09-11T04:44:04Z,2026-09-11T04:44:04Z,ok
cqM5xREWYmU,1491830,6250,1447,2026-09-11T04:44:04Z,2026-09-11T04:44:04Z,ok
crhD1COrT9g,423060,787,404,2026-09-11T04:44:04Z,2026-09-11T04:44:04Z,ok
cwEX6b76Rtg,37779,450,32,2026-09-11T04:44:04Z,2026-09-11T04:44:04Z,ok
cx609072oc8,272049,3456,574,2026-09-11T04:44:04Z,2026-09-11T04:44:04Z,ok
cxQGj6YFX-o,122394,201,219,2026-09-11T04:44:04Z,2026-09-11T04:44:04Z,ok
d-c785qBKbQ,521898,2517,498,2026-09-11T04:44:04Z,2026-09-11T04:44:04Z,ok
d2zugWWwiMY,72414,2773,306,2026-09-11T04:44:04Z,2026-09-11T04:44:04Z,ok
d60VR04Udrs,729128,3702,801,2026-09-11T04:44:04Z,2026-09-11T04:44:04Z,ok
dA749TWSLao,34579,775,48,2026-09-11T04:44:04Z,2026-09-11T04:44:04Z,ok
dA7SyMGymN4,123307,2149,289,2026-09-11T04:44:04Z,2026-09-11T04:44:04Z,ok
dAQPkpvH3fA,1879447,14693,3296,2026-09-11T04:44:04Z,2026-09-11T04:44:04Z,ok
dHSGTBVlljs,11379,267,16,2026-09-11T04:44:04Z,2026-09-11T04:44:04Z,ok
dHkHLIZ6LMM,1256619,20313,3099,2026-09-11T04:44:04Z,2026-09-11T04:44:04Z,ok
dQMBbh6pPfQ,1882145,22675,2252,2026-09-11T04:44:04Z,2026-09-11T04:44:04Z,ok
dUlQfGAyvLU,3848214,17349,5518,2026-09-11T04:44:04Z,2026-09-11T04:44:04Z,ok
dZubxmBbMco,908345,8443,3424,2026-09-11T04:44:04Z,2026-09-11T04:44:04Z,ok
dZy-tl_K-gs,163164,2725,357,2026-09-11T04:44:04Z,2026-09-11T04:44:04Z,ok
d_o6RFnkIyA,61896,148,155,2026-09-11T04:44:04Z,2026-09-11T04:44:04Z,ok
dhLmpcmqKrM,1110052,13764,1454,2026-09-11T04:44:04Z,2026-09-11T04:44:04Z,ok
doQCIlcFOvI,1795484,27713,2737,2026-09-11T04:44:04Z,2026-09-11T04:44:04Z,ok
dpmJybWnLCw,29445,560,77,2026-09-11T04:44:04Z,2026-09-11T04:44:04Z,ok
dsdjihbR0_s,32316,907,152,2026-09-11T04:44:04Z,2026-09-11T04:44:04Z,ok
duQju77-2fc,284739,896,454,2026-09-11T04:44:04Z,2026-09-11T04:44:04Z,ok
dwKDDpeSEy0,38006,349,42,2026-09-11T04:44:04Z,2026-09-11T04:44:04Z,ok
dwvOj-nrzPs,139850,382,126,2026-09-11T04:44:04Z,2026-09-11T04:44:04Z,ok
dxZ2UoKharc,182175,432,502,2026-09-11T04:44:04Z,2026-09-11T04:44:04Z,ok
dy1Jr3PIryY,135868,346,222,2026-09-11T04:44:04Z,2026-09-11T04:44:04Z,ok
dy2cv1wDZEI,4815974,17752,2963,2026-09-11T04:44:04Z,2026-09-11T04:44:04Z,ok
e07pwmloZOY,3472447,14348,4054,2026-09-11T04:44:04Z,2026-09-11T04:44:04Z,ok
e3NEiFyEJTc,2974057,47180,11900,2026-09-11T04:44:04Z,2026-09-11T04:44:04Z,ok
e5g4XckKoKw,212716,400,152,2026-09-11T04:44:04Z,2026-09-11T04:44:04Z,ok
e6uzjTULlrA,839071,2982,1447,2026-09-11T04:44:04Z,2026-09-11T04:44:04Z,ok
e8BUSkGN348,80800,600,131,2026-09-11T04:44:04Z,2026-09-11T04:44:04Z,ok
e9dbvtAJjlA,3218786,30903,8309,2026-09-11T04:44:04Z,2026-09-11T04:44:04Z,ok
eD6RiAgsGdk,1409213,7127,1057,2026-09-11T04:44:04Z,2026-09-11T04:44:04Z,ok
eG96pPRwD2Y,418121,1046,331,2026-09-11T04:44:04Z,2026-09-11T04:44:04Z,ok
eKEfVr80pfk,8614,196,17,2026-09-11T04:44:04Z,2026-09-11T04:44:04Z,ok
eMIIdftRy1c,108880,80,129,2026-09-11T04:44:04Z,2026-09-11T04:44:04Z,ok
eS8FYO8qhxk,836255,12258,2701,2026-09-11T04:44:04Z,2026-09-11T04:44:04Z,ok
eSKjAwCelA0,472501,1239,1852,2026-09-11T04:44:04Z,2026-09-11T04:44:04Z,ok
eTrp2cPm5z0,804872,2210,891,2026-09-11T04:44:04Z,2026-09-11T04:44:04Z,ok
eV4W2QaALC8,42009,55,47,2026-09-11T04:44:04Z,2026-09-11T04:44:04Z,ok
eWO0x_McjQ8,114047,276,191,2026-09-11T04:44:04Z,2026-09-11T04:44:04Z,ok
eZ12YeQQrWY,388041,801,579,2026-09-11T04:44:04Z,2026-09-11T04:44:04Z,ok
eZwgAbZJMW0,98401,353,209,2026-09-11T04:44:04Z,2026-09-11T04:44:04Z,ok
eb2aZkIcs2k,114294,992,572,2026-09-11T04:44:04Z,2026-09-11T04:44:04Z,ok
ebYqCTSyucg,200265,2993,516,2026-09-11T04:44:04Z,2026-09-11T04:44:04Z,ok
edUF5rdtKmE,54169,1102,158,2026-09-11T04:44:04Z,2026-09-11T04:44:04Z,ok
egxereYpWAU,7612140,55896,12505,2026-09-11T04:44:04Z,2026-09-11T04:44:04Z,ok
ehaZ6YuY_z8,732017,10899,1188,2026-09-11T04:44:04Z,2026-09-11T04:44:04Z,ok
ehz0mzvXlHE,254966,5698,93,2026-09-11T04:44:04Z,2026-09-11T04:44:04Z,ok
ei_CiasYoMA,104006,142,153,2026-09-11T04:44:04Z,2026-09-11T04:44:04Z,ok
el9T-u81XZU,332119,4779,858,2026-09-11T04:44:04Z,2026-09-11T04:44:04Z,ok
els9-KmLE98,622278,1275,1665,2026-09-11T04:44:04Z,2026-09-11T04:44:04Z,ok
em5UHm8raWk,31361,791,110,2026-09-11T04:44:04Z,2026-09-11T04:44:04Z,ok
eo8ySt7odkc,14466,385,33,2026-09-11T04:44:04Z,2026-09-11T04:44:04Z,ok
esPXg5uQIgI,515953,593,900,2026-09-11T04:44:04Z,2026-09-11T04:44:04Z,ok
esRLSBBbYPE,1912654,23927,2769,2026-09-11T04:44:04Z,2026-09-11T04:44:04Z,ok
euTqHFLVAC0,115362,741,52,2026-09-11T04:44:04Z,2026-09-11T04:44:04Z,ok
eytvVYvwLiI,58081,114,63,2026-09-11T04:44:04Z,2026-09-11T04:44:04Z,ok
ezcWFFuSNOE,36294,465,61,2026-09-11T04:44:04Z,2026-09-11T04:44:04Z,ok
f-AchBC5eNM,310488,632,346,2026-09-11T04:44:04Z,2026-09-11T04:44:04Z,ok
f6XUzS5dGOs,246288,3665,497,2026-09-11T04:44:04Z,2026-09-11T04:44:04Z,ok
f6nSIvEZLvY,139729,1414,414,2026-09-11T04:44:04Z,2026-09-11T04:44:04Z,ok
f6xKMWLHy-Y,2655118,8819,3594,2026-09-11T04:44:04Z,2026-09-11T04:44:04Z,ok
f6zcSqVbxAI,1200504,3436,686,2026-09-11T04:44:04Z,2026-09-11T04:44:04Z,ok
fB54-PjaNOY,1127147,15971,5228,2026-09-11T04:44:04Z,2026-09-11T04:44:04Z,ok
fDnv4tyVwCw,160042,281,267,2026-09-11T04:44:04Z,2026-09-11T04:44:04Z,ok
fEOuvQA4IFc,3787670,22120,3159,2026-09-11T04:44:04Z,2026-09-11T04:44:04Z,ok
fEm_8k_dy8A,158701,292,218,2026-09-11T04:44:04Z,2026-09-11T04:44:04Z,ok
fGPW0w7j9Gs,110778,1924,190,2026-09-11T04:44:04Z,2026-09-11T04:44:04Z,ok
fGnbqVL7G0Y,4903314,27210,6663,2026-09-11T04:44:04Z,2026-09-11T04:44:04Z,ok
fGuH0wWjQBk,694650,10259,1309,2026-09-11T04:44:04Z,2026-09-11T04:44:04Z,ok
fIMCZ33Vxxs,107063,184,91,2026-09-11T04:44:04Z,2026-09-11T04:44:04Z,ok
fNM3CeJL5cw,486285,8625,1364,2026-09-11T04:44:04Z,2026-09-11T04:44:04Z,ok
fPfLLFEqAH4,75409,85,115,2026-09-11T04:44:04Z,2026-09-11T04:44:04Z,ok
fQQR6YN9_vY,356407,926,241,2026-09-11T04:44:04Z,2026-09-11T04:44:04Z,ok
fZ7D5FJldjo,24310,597,143,2026-09-11T04:44:04Z,2026-09-11T04:44:04Z,ok
fZYvA6wGOAI,127256,224,271,2026-09-11T04:44:04Z,2026-09-11T04:44:04Z,ok
fZri3c9KBnU,3441068,55161,5606,2026-09-11T04:44:04Z,2026-09-11T04:44:04Z,ok
f_n6U6uUi98,2230960,4857,2408,2026-09-11T04:44:04Z,2026-09-11T04:44:04Z,ok
fdgD8jWcsgg,3066274,7255,3389,2026-09-11T04:44:04Z,2026-09-11T04:44:04Z,ok
ff_cbFgi7JM,241600,4233,997,2026-09-11T04:44:04Z,2026-09-11T04:44:04Z,ok
fi6Ur1PY1Y8,994142,18809,1782,2026-09-11T04:44:04Z,2026-09-11T04:44:04Z,ok
fjdkWiPq70k,867126,5405,2257,2026-09-11T04:44:04Z,2026-09-11T04:44:04Z,ok
flu9KofsnfU,1645218,21592,2628,2026-09-11T04:44:04Z,2026-09-11T04:44:04Z,ok
fnET91RiRvI,17057,470,75,2026-09-11T04:44:04Z,2026-09-11T04:44:04Z,ok
fnTFV7OuFB8,56202,416,227,2026-09-11T04:44:04Z,2026-09-11T04:44:04Z,ok
foTkC_3mfKw,223687,853,231,2026-09-11T04:44:04Z,2026-09-11T04:44:04Z,ok
frFyiyZv-is,14501,422,32,2026-09-11T04:44:04Z,2026-09-11T04:44:04Z,ok
ftegVRryhlM,399035,7365,1678,2026-09-11T04:44:04Z,2026-09-11T04:44:04Z,ok
ftpO4-VV0Wg,2939990,9093,1666,2026-09-11T04:44:04Z,2026-09-11T04:44:04Z,ok
fv7xHR7HCaM,324540,2914,696,2026-09-11T04:44:04Z,2026-09-11T04:44:04Z,ok
fx4KeB8x7a0,16335,238,33,2026-09-11T04:44:04Z,2026-09-11T04:44:04Z,ok
fxGAfrn4e4A,1918382,8973,1456,2026-09-11T04:44:04Z,2026-09-11T04:44:04Z,ok
fzJ2qunagog,2460613,8069,2979,2026-09-11T04:44:04Z,2026-09-11T04:44:04Z,ok
g1K-6S2irVo,366786,841,756,2026-09-11T04:44:04Z,2026-09-11T04:44:04Z,ok
g5OFqEv70nk,3209609,18212,2835,2026-09-11T04:44:04Z,2026-09-11T04:44:04Z,ok
g7N-Cj7qbsU,1156766,16033,4321,2026-09-11T04:44:04Z,2026-09-11T04:44:04Z,ok
gB6fFketHYs,869032,5551,1176,2026-09-11T04:44:04Z,2026-09-11T04:44:04Z,ok
gBJGGHH9-XU,138573,2019,382,2026-09-11T04:44:04Z,2026-09-11T04:44:04Z,ok
gFno5uyGziY,867972,4932,1378,2026-09-11T04:44:04Z,2026-09-11T04:44:04Z,ok
gMJb7erHD8E,21148,234,43,2026-09-11T04:44:04Z,2026-09-11T04:44:04Z,ok
gM_Xp_H2PTE,1843599,26841,5069,2026-09-11T04:44:04Z,2026-09-11T04:44:04Z,ok
gMbOaMHX9gc,775284,1199,1070,2026-09-11T04:44:04Z,2026-09-11T04:44:04Z,ok
gO8B75deIT8,700228,1344,1575,2026-09-11T04:44:04Z,2026-09-11T04:44:04Z,ok
gPd9vKCVisI,1106335,3329,1224,2026-09-11T04:44:04Z,2026-09-11T04:44:04Z,ok
gQpVdHSm5ms,90956,2693,294,2026-09-11T04:44:04Z,2026-09-11T04:44:04Z,ok
gTFsz4rKtVk,32023,524,80,2026-09-11T04:44:04Z,2026-09-11T04:44:04Z,ok
gUN78HzSQ-o,235679,5174,309,2026-09-11T04:44:04Z,2026-09-11T04:44:04Z,ok
gVGHFF0L-4s,246375,3216,846,2026-09-11T04:44:04Z,2026-09-11T04:44:04Z,ok
gWIq4coT0_I,385546,2969,1089,2026-09-11T04:44:04Z,2026-09-11T04:44:04Z,ok
gWS3he5USoY,1864324,5575,4218,2026-09-11T04:44:04Z,2026-09-11T04:44:04Z,ok
gYvLz2LHqBk,1477661,22389,1635,2026-09-11T04:44:04Z,2026-09-11T04:44:04Z,ok
gZ1B7eAD90Q,2611767,7695,2088,2026-09-11T04:44:04Z,2026-09-11T04:44:04Z,ok
g_5D-FOK75Y,1560968,1213,1137,2026-09-11T04:44:04Z,2026-09-11T04:44:04Z,ok
ga-4rNa1ZJs,623695,2027,971,2026-09-11T04:44:04Z,2026-09-11T04:44:04Z,ok
gb3Kh_rSbco,366240,1354,622,2026-09-11T04:44:04Z,2026-09-11T04:44:04Z,ok
ggUu9M5IalM,203002,408,181,2026-09-11T04:44:04Z,2026-09-11T04:44:04Z,ok
ghTFZLXAHQw,1875567,1487,1243,2026-09-11T04:44:04Z,2026-09-11T04:44:04Z,ok
ghkHFrvVrPk,58654,107,147,2026-09-11T04:44:04Z,2026-09-11T04:44:04Z,ok
gj08m8twsKU,1113940,5645,1567,2026-09-11T04:44:04Z,2026-09-11T04:44:04Z,ok
gjT8kbjmgKA,2310567,12240,3704,2026-09-11T04:44:04Z,2026-09-11T04:44:04Z,ok
gkNYlG4e8hY,11277287,82376,14257,2026-09-11T04:44:04Z,2026-09-11T04:44:04Z,ok
go5_4Vp1wB4,1750012,10928,6024,2026-09-11T04:44:04Z,2026-09-11T04:44:04Z,ok
gu-_mugqlLI,309498,724,352,2026-09-11T04:44:04Z,2026-09-11T04:44:04Z,ok
gvGB6brbXE8,428527,1900,647,2026-09-11T04:44:04Z,2026-09-11T04:44:04Z,ok
gxE3IhAMSgI,64686,1034,243,2026-09-11T04:44:04Z,2026-09-11T04:44:04Z,ok
gyIxD5K4lUo,62023954,297331,78340,2026-09-11T04:44:04Z,2026-09-11T04:44:04Z,ok
gycfkLWDuWw,24442,375,49,2026-09-11T04:44:04Z,2026-09-11T04:44:04Z,ok
h0qgb-Qhpk8,1651588,14803,2787,2026-09-11T04:44:04Z,2026-09-11T04:44:04Z,ok
h1wAYPbx1e4,161877,1971,474,2026-09-11T04:44:04Z,2026-09-11T04:44:04Z,ok
h2ZuWPg8iZg,240271,378,367,2026-09-11T04:44:04Z,2026-09-11T04:44:04Z,ok
h8VBIYFO4qo,201683,1895,727,2026-09-11T04:44:04Z,2026-09-11T04:44:04Z,ok
hDwg5rWmAO4,90774,188,125,2026-09-11T04:44:04Z,2026-09-11T04:44:04Z,ok
hGSMHOzoHJU,218857,316,691,2026-09-11T04:44:04Z,2026-09-11T04:44:04Z,ok
hHaNPvxp1Ws,567440,5857,1354,2026-09-11T04:44:04Z,2026-09-11T04:44:04Z,ok
hPK_Rk6Moco,189434,379,580,2026-09-11T04:44:04Z,2026-09-11T04:44:04Z,ok
hSFlYfrX9Hw,131875,2804,308,2026-09-11T04:44:04Z,2026-09-11T04:44:04Z,ok
hVEJWgxrEJU,108281,182,104,2026-09-11T04:44:04Z,2026-09-11T04:44:04Z,ok
hVZMkpdy9KY,4148273,77360,7452,2026-09-11T04:44:04Z,2026-09-11T04:44:04Z,ok
hVz-9lSA6_Q,558736,1217,1277,2026-09-11T04:44:04Z,2026-09-11T04:44:04Z,ok
haW0SQa_F5o,18097,383,35,2026-09-11T04:44:04Z,2026-09-11T04:44:04Z,ok
hcjaNF15Xuo,1272533,21863,1778,2026-09-11T04:44:04Z,2026-09-11T04:44:04Z,ok
hdd_gcjrCOc,2416372,35870,4144,2026-09-11T04:44:04Z,2026-09-11T04:44:04Z,ok
hgjFFpGjm8U,812804,1659,1073,2026-09-11T04:44:04Z,2026-09-11T04:44:04Z,ok
hhgbmSMzYak,423362,701,340,2026-09-11T04:44:04Z,2026-09-11T04:44:04Z,ok
hicYhabInVM,157264,849,279,2026-09-11T04:44:04Z,2026-09-11T04:44:04Z,ok
hjwKvZoFPOo,1074158,16921,1537,2026-09-11T04:44:04Z,2026-09-11T04:44:04Z,ok
hlhuVlXRpFs,66576,49,89,2026-09-11T04:44:04Z,2026-09-11T04:44:04Z,ok
hlvC1_gUMQg,5153020,66146,15353,2026-09-11T04:44:04Z,2026-09-11T04:44:04Z,ok
hnTRJtzeVcE,335303,5009,848,2026-09-11T04:44:04Z,2026-09-11T04:44:04Z,ok
hr6CxxuHwcw,2829278,36694,4168,2026-09-11T04:44:04Z,2026-09-11T04:44:04Z,ok
hs_b_vaXa10,10367404,28464,12079,2026-09-11T04:44:04Z,2026-09-11T04:44:04Z,ok
hu44yltPMC4,865276,14541,1144,2026-09-11T04:44:04Z,2026-09-11T04:44:04Z,ok
hv7NO0dOLcU,871297,11753,1065,2026-09-11T04:44:04Z,2026-09-11T04:44:04Z,ok
hxyzelHiw0M,91124,1396,178,2026-09-11T04:44:04Z,2026-09-11T04:44:04Z,ok
hyxQNf0MTXg,542805,7339,590,2026-09-11T04:44:04Z,2026-09-11T04:44:04Z,ok
i-aPJqgRmWM,1554006,23592,3139,2026-09-11T04:44:04Z,2026-09-11T04:44:04Z,ok
i1HWoDTzwhk,533676,11529,1964,2026-09-11T04:44:04Z,2026-09-11T04:44:04Z,ok
i1k-FSWOOps,377905,1421,1136,2026-09-11T04:44:04Z,2026-09-11T04:44:04Z,ok
i7MWRGoftQE,681835,12342,2250,2026-09-11T04:44:04Z,2026-09-11T04:44:04Z,ok
iCifOIOKkmA,151872,3183,62,2026-09-11T04:44:04Z,2026-09-11T04:44:04Z,ok
iDXXqtXvkmc,19250502,123861,16598,2026-09-11T04:44:04Z,2026-09-11T04:44:04Z,ok
iE8M43LYceI,131343,352,126,2026-09-11T04:44:04Z,2026-09-11T04:44:04Z,ok
iGkon86fJo0,183598,4052,407,2026-09-11T04:44:04Z,2026-09-11T04:44:04Z,ok
iHsow0_k6v8,239333,426,290,2026-09-11T04:44:04Z,2026-09-11T04:44:04Z,ok
iKDl_K5v1c8,319947,5556,904,2026-09-11T04:44:04Z,2026-09-11T04:44:04Z,ok
iLo6xEvXRRA,235608,1036,424,2026-09-11T04:44:04Z,2026-09-11T04:44:04Z,ok
iM3qzvTWZKY,96590,3153,321,2026-09-11T04:44:04Z,2026-09-11T04:44:04Z,ok
iMubnWnzjrM,194564,1155,614,2026-09-11T04:44:04Z,2026-09-11T04:44:04Z,ok
iO-gYTe6fQY,172550,2975,646,2026-09-11T04:44:04Z,2026-09-11T04:44:04Z,ok
iP63klsqWeI,1740426,25479,4905,2026-09-11T04:44:04Z,2026-09-11T04:44:04Z,ok
iQUwhNNj9rE,481270,7578,1756,2026-09-11T04:44:04Z,2026-09-11T04:44:04Z,ok
iReYgDruGEM,136371,1765,467,2026-09-11T04:44:04Z,2026-09-11T04:44:04Z,ok
iTldB0VfI3c,417552,786,716,2026-09-11T04:44:04Z,2026-09-11T04:44:04Z,ok
iTm5SfMnMQg,5827833,21463,7374,2026-09-11T04:44:04Z,2026-09-11T04:44:04Z,ok
iUhWPvHx08k,31358,631,138,2026-09-11T04:44:04Z,2026-09-11T04:44:04Z,ok
iWC217Fns1Y,677753,6541,768,2026-09-11T04:44:04Z,2026-09-11T04:44:04Z,ok
iXukGfI2rR4,7911217,41589,7375,2026-09-11T04:44:04Z,2026-09-11T04:44:04Z,ok
iZ1NGi-DtbM,1139638,1818,1154,2026-09-11T04:44:04Z,2026-09-11T04:44:04Z,ok
i_Iu_G4l-iU,110564,1593,326,2026-09-11T04:44:04Z,2026-09-11T04:44:04Z,ok
ia-jddmYmaQ,54025,944,133,2026-09-11T04:44:04Z,2026-09-11T04:44:04Z,ok
icVPMk8XQrk,24797,43,79,2026-09-11T04:44:04Z,2026-09-11T04:44:04Z,ok
if-BPCBkcdc,831378,6429,1599,2026-09-11T04:44:04Z,2026-09-11T04:44:04Z,ok
if_Dti-d4oU,33214,684,71,2026-09-11T04:44:04Z,2026-09-11T04:44:04Z,ok
ifkhIz85k5I,83647,443,186,2026-09-11T04:44:04Z,2026-09-11T04:44:04Z,ok
ihF7XVmS1tg,194654,274,186,2026-09-11T04:44:04Z,2026-09-11T04:44:04Z,ok
ik7LBCNqAaI,808156,2078,740,2026-09-11T04:44:04Z,2026-09-11T04:44:04Z,ok
ikxoEOGGbBk,337570,509,440,2026-09-11T04:44:04Z,2026-09-11T04:44:04Z,ok
iobSbMYlfAs,100800,2131,270,2026-09-11T04:44:04Z,2026-09-11T04:44:04Z,ok
iyEIVQqxRMg,59880,1458,137,2026-09-11T04:44:04Z,2026-09-11T04:44:04Z,ok
iyO-FmxzEIA,549044,8046,996,2026-09-11T04:44:04Z,2026-09-11T04:44:04Z,ok
j-UVdpN9n40,395803,1064,570,2026-09-11T04:44:04Z,2026-09-11T04:44:04Z,ok
j3zUyCyzt2I,889751,5506,1449,2026-09-11T04:44:04Z,2026-09-11T04:44:04Z,ok
j5AV-NlZhqM,36047,798,107,2026-09-11T04:44:04Z,2026-09-11T04:44:04Z,ok
j5J-QMycLRQ,1366096,10147,1825,2026-09-11T04:44:04Z,2026-09-11T04:44:04Z,ok
j8-hIAZvfJ8,27095,814,133,2026-09-11T04:44:04Z,2026-09-11T04:44:04Z,ok
jAMZ0N4V6H8,459634,8777,2711,2026-09-11T04:44:04Z,2026-09-11T04:44:04Z,ok
jAf6OHtH4hU,7253531,27439,4609,2026-09-11T04:44:04Z,2026-09-11T04:44:04Z,ok
jCcakU_V62I,90660,593,66,2026-09-11T04:44:04Z,2026-09-11T04:44:04Z,ok
jDJD3GO69Dk,1880824,16811,2830,2026-09-11T04:44:04Z,2026-09-11T04:44:04Z,ok
jGfnb4OGi8Q,352238,4407,1728,2026-09-11T04:44:04Z,2026-09-11T04:44:04Z,ok
jHlke-sI0BQ,403471,737,815,2026-09-11T04:44:04Z,2026-09-11T04:44:04Z,ok
jJyu2XqBb0s,307609,2518,1148,2026-09-11T04:44:04Z,2026-09-11T04:44:04Z,ok
jK4AdX5zwTc,534697,3232,881,2026-09-11T04:44:04Z,2026-09-11T04:44:04Z,ok
jMIyyzSvRSA,489184,10234,2252,2026-09-11T04:44:04Z,2026-09-11T04:44:04Z,ok
jOmCAf2nkng,18501955,184958,18285,2026-09-11T04:44:04Z,2026-09-11T04:44:04Z,ok
jPwjKPoRb-s,4751465,46060,9877,2026-09-11T04:44:04Z,2026-09-11T04:44:04Z,ok
jT6M6R1kJnY,352982,876,419,2026-09-11T04:44:04Z,2026-09-11T04:44:04Z,ok
jVN82-gkePs,143843,3589,417,2026-09-11T04:44:04Z,2026-09-11T04:44:04Z,ok
jYJXQnr1ob8,14856,285,34,2026-09-11T04:44:04Z,2026-09-11T04:44:04Z,ok
jZgGidI-EW8,1138932,6441,1584,2026-09-11T04:44:04Z,2026-09-11T04:44:04Z,ok
j_YWbWmGjkI,598301,10697,1147,2026-09-11T04:44:04Z,2026-09-11T04:44:04Z,ok
jabX9Kuyzng,376153,5856,1090,2026-09-11T04:44:04Z,2026-09-11T04:44:04Z,ok
jd47us2dQOk,1729676,8821,3847,2026-09-11T04:44:04Z,2026-09-11T04:44:04Z,ok
jdpjGv6o1_M,173712,202,240,2026-09-11T04:44:04Z,2026-09-11T04:44:04Z,ok
jhdocKYN07s,464670,1369,383,2026-09-11T04:44:04Z,2026-09-11T04:44:04Z,ok
jn7dNcbz-Ms,48921,65,60,2026-09-11T04:44:04Z,2026-09-11T04:44:04Z,ok
jtOnYVHQQUU,1940283,25912,3921,2026-09-11T04:44:04Z,2026-09-11T04:44:04Z,ok
jtSy0niBR8o,2090360,27554,4133,2026-09-11T04:44:04Z,2026-09-11T04:44:04Z,ok
k3dkjpMcSic,51040,1394,105,2026-09-11T04:44:04Z,2026-09-11T04:44:04Z,ok
k4xo6Zq-CBA,1404362,21706,1964,2026-09-11T04:44:04Z,2026-09-11T04:44:04Z,ok
k5AdJL5U_do,1418824,17874,1776,2026-09-11T04:44:04Z,2026-09-11T04:44:04Z,ok
k7RrIem98A4,1114415,12221,1169,2026-09-11T04:44:04Z,2026-09-11T04:44:04Z,ok
k9nBkhd1WEs,224299,3545,812,2026-09-11T04:44:04Z,2026-09-11T04:44:04Z,ok
kABUrTRPTzk,45811,307,95,2026-09-11T04:44:04Z,2026-09-11T04:44:04Z,ok
kBBNdKSwB0o,22778,149,17,2026-09-11T04:44:04Z,2026-09-11T04:44:04Z,ok
kFTueyGjxB8,974887,2193,1280,2026-09-11T04:44:04Z,2026-09-11T04:44:04Z,ok
kHS6kUJRkp0,536580,3316,1738,2026-09-11T04:44:04Z,2026-09-11T04:44:04Z,ok
kI7oBrjC0CE,1340029,14416,3527,2026-09-11T04:44:04Z,2026-09-11T04:44:04Z,ok
kJg858-Ztkc,487834,7009,1208,2026-09-11T04:44:04Z,2026-09-11T04:44:04Z,ok
kJpu03L8U0M,248730,389,405,2026-09-11T04:44:04Z,2026-09-11T04:44:04Z,ok
kKQDIbmVvWQ,9766999,24460,7577,2026-09-11T04:44:04Z,2026-09-11T04:44:04Z,ok
kKbUDS5laz0,24459,475,28,2026-09-11T04:44:04Z,2026-09-11T04:44:04Z,ok
kLTeCNKAP24,276632,359,267,2026-09-11T04:44:04Z,2026-09-11T04:44:04Z,ok
kLopYRzlm4M,10629419,81246,18893,2026-09-11T04:44:04Z,2026-09-11T04:44:04Z,ok
kMAEz0sjfWo,220408,2317,26,2026-09-11T04:44:04Z,2026-09-11T04:44:04Z,ok
kNdpJws4YkE,748142,793,439,2026-09-11T04:44:04Z,2026-09-11T04:44:04Z,ok
kSaHstqhkX0,13382798,54821,4396,2026-09-11T04:44:04Z,2026-09-11T04:44:04Z,ok
kXwLP5IP1zM,340059,760,593,2026-09-11T04:44:04Z,2026-09-11T04:44:04Z,ok
kZ5wejOOawU,830506,3538,962,2026-09-11T04:44:04Z,2026-09-11T04:44:04Z,ok
kcvW-qZIqlw,959279,5692,754,2026-09-11T04:44:04Z,2026-09-11T04:44:04Z,ok
kdixyd0oL0g,66440,171,132,2026-09-11T04:44:04Z,2026-09-11T04:44:04Z,ok
kg8ST-DqQfw,33328,1006,65,2026-09-11T04:44:04Z,2026-09-11T04:44:04Z,ok
khpGSHEolQE,4181932,13720,1397,2026-09-11T04:44:04Z,2026-09-11T04:44:04Z,ok
knuCTZO-N58,209392,216,212,2026-09-11T04:44:04Z,2026-09-11T04:44:04Z,ok
kr5xh8aLjrA,7139653,46218,7589,2026-09-11T04:44:04Z,2026-09-11T04:44:04Z,ok
krwRDjmCkmE,197892,3513,878,2026-09-11T04:44:04Z,2026-09-11T04:44:04Z,ok
ksLnEb8gMJs,185661,3239,320,2026-09-11T04:44:04Z,2026-09-11T04:44:04Z,ok
ksVYzeMPeCU,7511790,30549,6706,2026-09-11T04:44:04Z,2026-09-11T04:44:04Z,ok
kuyv83sx5F4,7945844,25271,6516,2026-09-11T04:44:04Z,2026-09-11T04:44:04Z,ok
l-aRnKHIGeY,2290267,11126,2188,2026-09-11T04:44:04Z,2026-09-11T04:44:04Z,ok
l3vDaYALwBA,14766422,53058,11100,2026-09-11T04:44:04Z,2026-09-11T04:44:04Z,ok
l4OwcE3-dBc,15413909,55469,14324,2026-09-11T04:44:04Z,2026-09-11T04:44:04Z,ok
l7DN1QQEEDg,1376513,23014,2057,2026-09-11T04:44:04Z,2026-09-11T04:44:04Z,ok
lAVcxpjJsu0,414526,6895,1385,2026-09-11T04:44:04Z,2026-09-11T04:44:04Z,ok
lBsg9m1GLIY,6044206,27150,5904,2026-09-11T04:44:04Z,2026-09-11T04:44:04Z,ok
lCDwb5U7uXI,207000,489,334,2026-09-11T04:44:04Z,2026-09-11T04:44:04Z,ok
lCYDCTcEpIY,10205479,104461,10796,2026-09-11T04:44:04Z,2026-09-11T04:44:04Z,ok
lCayXs4D_9M,593803,1392,2637,2026-09-11T04:44:04Z,2026-09-11T04:44:04Z,ok
lD8MWFC1BaM,15716,463,76,2026-09-11T04:44:04Z,2026-09-11T04:44:04Z,ok
lEJ9DVhqtY0,581607,1606,496,2026-09-11T04:44:04Z,2026-09-11T04:44:04Z,ok
lFmEdzjc6EA,413447,657,714,2026-09-11T04:44:04Z,2026-09-11T04:44:04Z,ok
lHEhRi69prg,126964,2130,505,2026-09-11T04:44:04Z,2026-09-11T04:44:04Z,ok
lOOG-ARYO2Q,121383,3039,209,2026-09-11T04:44:04Z,2026-09-11T04:44:04Z,ok
lOj_kJzjCTs,45065,441,78,2026-09-11T04:44:04Z,2026-09-11T04:44:04Z,ok
lOkXvogtOt4,65424,1802,189,2026-09-11T04:44:04Z,2026-09-11T04:44:04Z,ok
lQMljr0xaC4,1903559,28722,9285,2026-09-11T04:44:04Z,2026-09-11T04:44:04Z,ok
lStuw3Oe-w4,215607,2287,545,2026-09-11T04:44:04Z,2026-09-11T04:44:04Z,ok
lTuzGEsfyBs,1995948,24361,4435,2026-09-11T04:44:04Z,2026-09-11T04:44:04Z,ok
lY5gC17O-uw,26894,455,80,2026-09-11T04:44:04Z,2026-09-11T04:44:04Z,ok
lZpU7OFl2HY,1993163,4032,2211,2026-09-11T04:44:04Z,2026-09-11T04:44:04Z,ok
lbO4KibzgVk,170772,565,403,2026-09-11T04:44:04Z,2026-09-11T04:44:04Z,ok
lcX31_kRojs,143298,2471,266,2026-09-11T04:44:04Z,2026-09-11T04:44:04Z,ok
ldm0YdF3ndA,1232475,9956,3963,2026-09-11T04:44:04Z,2026-09-11T04:44:04Z,ok
llo7mx9GtxY,701382,11139,2841,2026-09-11T04:44:04Z,2026-09-11T04:44:04Z,ok
lm4u9ZOX7Kk,1688869,22512,2012,2026-09-11T04:44:04Z,2026-09-11T04:44:04Z,ok
lq_1doRWQhM,417937,774,283,2026-09-11T04:44:04Z,2026-09-11T04:44:04Z,ok
ls3udVloGN4,558465,959,849,2026-09-11T04:44:04Z,2026-09-11T04:44:04Z,ok
lwkA7mNuebQ,80155,89,94,2026-09-11T04:44:04Z,2026-09-11T04:44:04Z,ok
lxw5YiCznCQ,535360,10181,1216,2026-09-11T04:44:04Z,2026-09-11T04:44:04Z,ok
lyQTC81rbg8,442921,1112,534,2026-09-11T04:44:04Z,2026-09-11T04:44:04Z,ok
m0xwlwxaZpU,100759,2106,336,2026-09-11T04:44:04Z,2026-09-11T04:44:04Z,ok
m3YEYa96Uac,472703,7746,1555,2026-09-11T04:44:04Z,2026-09-11T04:44:04Z,ok
m4ma55OJfPA,103284,149,105,2026-09-11T04:44:04Z,2026-09-11T04:44:04Z,ok
mEm556N_CR0,658600,9616,1394,2026-09-11T04:44:04Z,2026-09-11T04:44:04Z,ok
mG9m-4IQ1cU,2870588,3099,2465,2026-09-11T04:44:04Z,2026-09-11T04:44:04Z,ok
mIMYU8Gsrqw,1606436,18383,1178,2026-09-11T04:44:04Z,2026-09-11T04:44:04Z,ok
mJ3WBQYM4hI,687027,2089,308,2026-09-11T04:44:04Z,2026-09-11T04:44:04Z,ok
mKC8CoIhT3w,453476,6582,1128,2026-09-11T04:44:04Z,2026-09-11T04:44:04Z,ok
mN_2POgxVRk,1359674,18171,2360,2026-09-11T04:44:04Z,2026-09-11T04:44:04Z,ok
mO3X6qzjpAo,1780785,25598,8023,2026-09-11T04:44:04Z,2026-09-11T04:44:04Z,ok
mWtIt0xNGq0,269082,926,372,2026-09-11T04:44:04Z,2026-09-11T04:44:04Z,ok
mXmZ3hQLOY0,1012766,4864,1216,2026-09-11T04:44:04Z,2026-09-11T04:44:04Z,ok
mZ7PVTpPViE,31100,730,96,2026-09-11T04:44:04Z,2026-09-11T04:44:04Z,ok
mZFdsaOIajM,614462,1719,241,2026-09-11T04:44:04Z,2026-09-11T04:44:04Z,ok
mcYEjUC6dec,170083,4589,262,2026-09-11T04:44:04Z,2026-09-11T04:44:04Z,ok
md0V3-ACZz8,668832,11244,1907,2026-09-11T04:44:04Z,2026-09-11T04:44:04Z,ok
mgH-oWVP1Ic,711836,2526,1371,2026-09-11T04:44:04Z,2026-09-11T04:44:04Z,ok
mggK8wsLYCQ,1225182,6176,1110,2026-09-11T04:44:04Z,2026-09-11T04:44:04Z,ok
mhLT3Z1hU6w,1069961,6111,1954,2026-09-11T04:44:04Z,2026-09-11T04:44:04Z,ok
mjaAZa0t1SA,390598,6298,1334,2026-09-11T04:44:04Z,2026-09-11T04:44:04Z,ok
mjd1uTBY9wA,1436241,28502,5357,2026-09-11T04:44:04Z,2026-09-11T04:44:04Z,ok
mkYo1A8plnM,33861,472,219,2026-09-11T04:44:04Z,2026-09-11T04:44:04Z,ok
mmwZyxECS2M,16034510,59358,5415,2026-09-11T04:44:04Z,2026-09-11T04:44:04Z,ok
mnHMQjFccX8,3309946,31381,12207,2026-09-11T04:44:04Z,2026-09-11T04:44:04Z,ok
mpGgLaZXKpI,347821,303,233,2026-09-11T04:44:04Z,2026-09-11T04:44:04Z,ok
mqDGY8D-YT8,1389240,8373,1811,2026-09-11T04:44:04Z,2026-09-11T04:44:04Z,ok
mqRCrOqWr-8,96159,2627,261,2026-09-11T04:44:04Z,2026-09-11T04:44:04Z,ok
mqYIEWNUtkI,3072698,14529,2825,2026-09-11T04:44:04Z,2026-09-11T04:44:04Z,ok
mrEAu-16qWw,113326,314,144,2026-09-11T04:44:04Z,2026-09-11T04:44:04Z,ok
mt5b1OVxQq8,2667474,20246,3060,2026-09-11T04:44:04Z,2026-09-11T04:44:04Z,ok
mumxAjM-Arc,147550,2201,614,2026-09-11T04:44:04Z,2026-09-11T04:44:04Z,ok
myJ3wvIswqM,357175,4596,1019,2026-09-11T04:44:04Z,2026-09-11T04:44:04Z,ok
n0ltrzxrWPQ,4712864,18526,3647,2026-09-11T04:44:04Z,2026-09-11T04:44:04Z,ok
n4z0MA1GC6Y,175309,2400,470,2026-09-11T04:44:04Z,2026-09-11T04:44:04Z,ok
nBT9r21aMlw,64889,708,210,2026-09-11T04:44:04Z,2026-09-11T04:44:04Z,ok
nCVfxj73358,9337490,41602,13225,2026-09-11T04:44:04Z,2026-09-11T04:44:04Z,ok
nDKtfRBcx0E,68193,1016,51,2026-09-11T04:44:04Z,2026-09-11T04:44:04Z,ok
nEE3sDGizqA,119213,2446,231,2026-09-11T04:44:04Z,2026-09-11T04:44:04Z,ok
nF94vBh9Ac0,1277838,19266,2551,2026-09-11T04:44:04Z,2026-09-11T04:44:04Z,ok
nHAv4Fb_7KI,2052009,5992,1200,2026-09-11T04:44:04Z,2026-09-11T04:44:04Z,ok
nN12GOSkT-A,68064,2512,436,2026-09-11T04:44:04Z,2026-09-11T04:44:04Z,ok
nNxOQR3_CxE,38564,1020,86,2026-09-11T04:44:04Z,2026-09-11T04:44:04Z,ok
nR9ACfiJ9qo,201586,2724,744,2026-09-11T04:44:04Z,2026-09-11T04:44:04Z,ok
nTCFxnz0srM,36766,844,93,2026-09-11T04:44:04Z,2026-09-11T04:44:04Z,ok
nW6hSDcXxdc,31688,743,110,2026-09-11T04:44:04Z,2026-09-11T04:44:04Z,ok
nWXp9s0bne8,83194,1318,270,2026-09-11T04:44:04Z,2026-09-11T04:44:04Z,ok
nXJqEOv6SE0,622008,11269,1197,2026-09-11T04:44:04Z,2026-09-11T04:44:04Z,ok
na6OocUIys0,431539,3875,935,2026-09-11T04:44:04Z,2026-09-11T04:44:04Z,ok
nbdQb8wvpV4,74333,996,121,2026-09-11T04:44:04Z,2026-09-11T04:44:04Z,ok
nbhw0Ti4l9U,3181803,35307,2020,2026-09-11T04:44:04Z,2026-09-11T04:44:04Z,ok
neSNYjpFNpU,12027,254,19,2026-09-11T04:44:04Z,2026-09-11T04:44:04Z,ok
nhF2osvLdeI,642098,10585,1196,2026-09-11T04:44:04Z,2026-09-11T04:44:04Z,ok
nifdkNZFp_E,570672,2608,1251,2026-09-11T04:44:04Z,2026-09-11T04:44:04Z,ok
njmfoVom0kw,13302780,48233,14998,2026-09-11T04:44:04Z,2026-09-11T04:44:04Z,ok
njsDvhOKw-Y,9767615,48608,7182,2026-09-11T04:44:04Z,2026-09-11T04:44:04Z,ok
nm8qwjNbg0w,1569446,6040,1262,2026-09-11T04:44:04Z,2026-09-11T04:44:04Z,ok
nmFJq9hSr6c,88766,2269,331,2026-09-11T04:44:04Z,2026-09-11T04:44:04Z,ok
nmlLKs1ay7Q,200883,2640,442,2026-09-11T04:44:04Z,2026-09-11T04:44:04Z,ok
nnkf1YVfFq4,3785719,3445,1680,2026-09-11T04:44:04Z,2026-09-11T04:44:04Z,ok
nrIJyYiA4rU,812631,5377,1252,2026-09-11T04:44:04Z,2026-09-11T04:44:04Z,ok
nx6rPHSLd_8,757854,12764,8144,2026-09-11T04:44:04Z,2026-09-11T04:44:04Z,ok
nxOnN-J7CTM,359292,656,569,2026-09-11T04:44:04Z,2026-09-11T04:44:04Z,ok
o1t_Dr3s864,3237786,11676,3910,2026-09-11T04:44:04Z,2026-09-11T04:44:04Z,ok
o344Ipfq3UU,28908251,173316,11978,2026-09-11T04:44:04Z,2026-09-11T04:44:04Z,ok
o4sF0JsmdFE,1155347,18093,2566,2026-09-11T04:44:04Z,2026-09-11T04:44:04Z,ok
o8fI9Qv9D1w,135156,2077,270,2026-09-11T04:44:04Z,2026-09-11T04:44:04Z,ok
o9hrd2WTeAI,64543,1646,149,2026-09-11T04:44:04Z,2026-09-11T04:44:04Z,ok
oCCKRaRUtCY,513591,3459,2061,2026-09-11T04:44:04Z,2026-09-11T04:44:04Z,ok
oD-qpJKNxlg,148499,222,376,2026-09-11T04:44:04Z,2026-09-11T04:44:04Z,ok
oD5ywOPBnaE,614518,1258,258,2026-09-11T04:44:04Z,2026-09-11T04:44:04Z,ok
oDRnWaLNtqE,979870,14383,3078,2026-09-11T04:44:04Z,2026-09-11T04:44:04Z,ok
oEpabA5Jub8,293156,4855,849,2026-09-11T04:44:04Z,2026-09-11T04:44:04Z,ok
oK87APbggG8,97066,865,226,2026-09-11T04:44:04Z,2026-09-11T04:44:04Z,ok
oKrQf6-ALPo,4280833,19107,4363,2026-09-11T04:44:04Z,2026-09-11T04:44:04Z,ok
oOL9jzuO5pU,321473,804,720,2026-09-11T04:44:04Z,2026-09-11T04:44:04Z,ok
oQFQB9fsDwQ,15028,371,21,2026-09-11T04:44:04Z,2026-09-11T04:44:04Z,ok
oQN9_Pj0LPs,67947,2744,44,2026-09-11T04:44:04Z,2026-09-11T04:44:04Z,ok
oR0-Hl0hdt8,2614954,6853,1200,2026-09-11T04:44:04Z,2026-09-11T04:44:04Z,ok
oTaQkAu6I64,650306,1061,1178,2026-09-11T04:44:04Z,2026-09-11T04:44:04Z,ok
o_6KmBPG3ws,6023,98,17,2026-09-11T04:44:04Z,2026-09-11T04:44:04Z,ok
od9Z7jIQgWk,253107,4377,1308,2026-09-11T04:44:04Z,2026-09-11T04:44:04Z,ok
odPvGpKNB_8,183578,384,128,2026-09-11T04:44:04Z,2026-09-11T04:44:04Z,ok
odo1eX64ucM,226940,575,324,2026-09-11T04:44:04Z,2026-09-11T04:44:04Z,ok
oiN22Wyf_Uo,277237,2226,636,2026-09-11T04:44:04Z,2026-09-11T04:44:04Z,ok
oiaPWXuhLeY,412245,215,516,2026-09-11T04:44:04Z,2026-09-11T04:44:04Z,ok
okecQ4M20xc,402778,6818,1081,2026-09-11T04:44:04Z,2026-09-11T04:44:04Z,ok
okmV0PMb9E4,354229,3634,480,2026-09-11T04:44:04Z,2026-09-11T04:44:04Z,ok
oknAPwWnzqk,103561,1807,306,2026-09-11T04:44:04Z,2026-09-11T04:44:04Z,ok
onvatWontNA,28639,637,83,2026-09-11T04:44:04Z,2026-09-11T04:44:04Z,ok
oowfcRhTdQ8,76382,174,132,2026-09-11T04:44:04Z,2026-09-11T04:44:04Z,ok
opBzcZtWiHQ,742291,9526,1739,2026-09-11T04:44:04Z,2026-09-11T04:44:04Z,ok
osZ9nqmIODo,850973,15991,1526,2026-09-11T04:44:04Z,2026-09-11T04:44:04Z,ok
ot6W3EpD90E,422282,7483,1184,2026-09-11T04:44:04Z,2026-09-11T04:44:04Z,ok
ovuWAbuDz6U,20663,475,46,2026-09-11T04:44:04Z,2026-09-11T04:44:04Z,ok
ozNO1NYkyr4,71750,1068,106,2026-09-11T04:44:04Z,2026-09-11T04:44:04Z,ok
p3KSruVZuw8,3767410,19974,2687,2026-09-11T04:44:04Z,2026-09-11T04:44:04Z,ok
p66IveXrfh4,2189432,5630,4271,2026-09-11T04:44:04Z,2026-09-11T04:44:04Z,ok
p6K3R-siWNQ,3070005,6789,2576,2026-09-11T04:44:04Z,2026-09-11T04:44:04Z,ok
p9CM6vENkEM,593091,8989,2959,2026-09-11T04:44:04Z,2026-09-11T04:44:04Z,ok
pA1BprDSOf0,74419,2373,152,2026-09-11T04:44:04Z,2026-09-11T04:44:04Z,ok
pCRpC1-XSL4,1264631,10614,2898,2026-09-11T04:44:04Z,2026-09-11T04:44:04Z,ok
pEWUBby0_xk,59780,873,145,2026-09-11T04:44:04Z,2026-09-11T04:44:04Z,ok
pExK-YWNDI0,1243320,1848,858,2026-09-11T04:44:04Z,2026-09-11T04:44:04Z,ok
pFqlZwdOBjY,195960,360,206,2026-09-11T04:44:04Z,2026-09-11T04:44:04Z,ok
pJoi9HHV_8Y,209259,658,173,2026-09-11T04:44:04Z,2026-09-11T04:44:04Z,ok
pNklx7GJ7nM,1332303,24359,2682,2026-09-11T04:44:04Z,2026-09-11T04:44:04Z,ok
pR4axEbcEbQ,2193416,19538,3582,2026-09-11T04:44:04Z,2026-09-11T04:44:04Z,ok
pUqNl9LWwhw,183404,249,158,2026-09-11T04:44:04Z,2026-09-11T04:44:04Z,ok
pV1f2jIncAQ,1501835,3746,1828,2026-09-11T04:44:04Z,2026-09-11T04:44:04Z,ok
pVY-2Fqdum0,24957799,121377,15820,2026-09-11T04:44:04Z,2026-09-11T04:44:04Z,ok
pVtRWcpKDi8,48750,65,88,2026-09-11T04:44:04Z,2026-09-11T04:44:04Z,ok
pWUhqtsJ5iE,16855877,171328,14116,2026-09-11T04:44:04Z,2026-09-11T04:44:04Z,ok
pXbM6_H5Z68,776390,12958,2559,2026-09-11T04:44:04Z,2026-09-11T04:44:04Z,ok
p_0oRsNeIys,8196753,79719,8912,2026-09-11T04:44:04Z,2026-09-11T04:44:04Z,ok
pbVXx5-_Fak,3460161,9653,3008,2026-09-11T04:44:04Z,2026-09-11T04:44:04Z,ok
pcrd2Hl79xE,65192,1567,214,2026-09-11T04:44:04Z,2026-09-11T04:44:04Z,ok
pcwrKvB2z3U,1564712,14393,1128,2026-09-11T04:44:04Z,2026-09-11T04:44:04Z,ok
pdiW_h8ijzM,57306,891,85,2026-09-11T04:44:04Z,2026-09-11T04:44:04Z,ok
pefDgL-3QeU,4170758,20565,2724,2026-09-11T04:44:04Z,2026-09-11T04:44:04Z,ok
pib1VW3SELA,2211246,9410,1629,2026-09-11T04:44:04Z,2026-09-11T04:44:04Z,ok
pjarrVqhXKA,840073,14865,1497,2026-09-11T04:44:04Z,2026-09-11T04:44:04Z,ok
polVYt9qcZ4,3417405,25318,4606,2026-09-11T04:44:04Z,2026-09-11T04:44:04Z,ok
prysyM-IED8,2446825,32724,3163,2026-09-11T04:44:04Z,2026-09-11T04:44:04Z,ok
psABWn3ilvM,6527932,33523,3321,2026-09-11T04:44:04Z,2026-09-11T04:44:04Z,ok
px530gRjQcw,19892379,127412,14031,2026-09-11T04:44:04Z,2026-09-11T04:44:04Z,ok
pzZ3IgGh8CM,39725,658,90,2026-09-11T04:44:04Z,2026-09-11T04:44:04Z,ok
q-_Q5wzcaEA,1669906,5869,4828,2026-09-11T04:44:04Z,2026-09-11T04:44:04Z,ok
q3Z209vl-Rc,24802,464,54,2026-09-11T04:44:04Z,2026-09-11T04:44:04Z,ok
q7mRchSRLW4,425719,7546,1337,2026-09-11T04:44:04Z,2026-09-11T04:44:04Z,ok
q988o9ZNgcY,386975,713,560,2026-09-11T04:44:04Z,2026-09-11T04:44:04Z,ok
q9iupo8MrQE,2643501,36792,4045,2026-09-11T04:44:04Z,2026-09-11T04:44:04Z,ok
qBT9ravj3iY,20151,451,49,2026-09-11T04:44:04Z,2026-09-11T04:44:04Z,ok
qIuJvN4FSK4,707898,12469,991,2026-09-11T04:44:04Z,2026-09-11T04:44:04Z,ok
qNDqfpWf1ng,64245,194,80,2026-09-11T04:44:04Z,2026-09-11T04:44:04Z,ok
qNz52ct83o4,57083,1436,151,2026-09-11T04:44:04Z,2026-09-11T04:44:04Z,ok
qONgx_4uj2w,2182161,24340,4255,2026-09-11T04:44:04Z,2026-09-11T04:44:04Z,ok
qQPTSgWVb7M,5263649,22565,6312,2026-09-11T04:44:04Z,2026-09-11T04:44:04Z,ok
qQYa5kkggXg,946316,814,711,2026-09-11T04:44:04Z,2026-09-11T04:44:04Z,ok
qRzYDWZfJq0,1023770,10338,1819,2026-09-11T04:44:04Z,2026-09-11T04:44:04Z,ok
qTO6ACFQnxs,17695596,73185,6866,2026-09-11T04:44:04Z,2026-09-11T04:44:04Z,ok
qUpS-oCRP_w,92800,102,139,2026-09-11T04:44:04Z,2026-09-11T04:44:04Z,ok
qVkb5iJS0zk,51410,698,81,2026-09-11T04:44:04Z,2026-09-11T04:44:04Z,ok
q_csUNuI1io,83774,169,138,2026-09-11T04:44:04Z,2026-09-11T04:44:04Z,ok
q_tnoVTBduI,598846,1058,963,2026-09-11T04:44:04Z,2026-09-11T04:44:04Z,ok
qa2d5IWQYpg,15432,398,39,2026-09-11T04:44:04Z,2026-09-11T04:44:04Z,ok
qas5sh8nYr4,76147,1769,446,2026-09-11T04:44:04Z,2026-09-11T04:44:04Z,ok
qbegs9-zzV8,417492,1549,970,2026-09-11T04:44:04Z,2026-09-11T04:44:04Z,ok
qfTaZ_yXzg4,258159,1978,517,2026-09-11T04:44:04Z,2026-09-11T04:44:04Z,ok
qfxVQUQXBLI,197697,229,392,2026-09-11T04:44:04Z,2026-09-11T04:44:04Z,ok
qgJVsJlVUp0,6793022,60644,6328,2026-09-11T04:44:04Z,2026-09-11T04:44:04Z,ok
qgSI0jeFbww,2055244,27830,3650,2026-09-11T04:44:04Z,2026-09-11T04:44:04Z,ok
qiA45ugCjf4,140414,334,269,2026-09-11T04:44:04Z,2026-09-11T04:44:04Z,ok
qklZkVviWXE,83842,91,44,2026-09-11T04:44:04Z,2026-09-11T04:44:04Z,ok
qlTD7icnOaY,987080,12711,1511,2026-09-11T04:44:04Z,2026-09-11T04:44:04Z,ok
qsVZoCFaZkE,196846,1231,262,2026-09-11T04:44:04Z,2026-09-11T04:44:04Z,ok
qscjktp7dqI,1021806,12146,2074,2026-09-11T04:44:04Z,2026-09-11T04:44:04Z,ok
qwyXHl6k7zw,278426,1279,290,2026-09-11T04:44:04Z,2026-09-11T04:44:04Z,ok
qxf8L4KB8ic,54248,701,13,2026-09-11T04:44:04Z,2026-09-11T04:44:04Z,ok
r7IswnOaSA4,1339668,4151,1048,2026-09-11T04:44:04Z,2026-09-11T04:44:04Z,ok
r82YacsQJJg,1902406,20126,1687,2026-09-11T04:44:04Z,2026-09-11T04:44:04Z,ok
r8WA0FnYw-Q,129985,336,475,2026-09-11T04:44:04Z,2026-09-11T04:44:04Z,ok
r9MEFULGogQ,214877,3258,597,2026-09-11T04:44:04Z,2026-09-11T04:44:04Z,ok
rF-akVv-TBc,1650382,19597,4329,2026-09-11T04:44:04Z,2026-09-11T04:44:04Z,ok
rGMcIGfnTL4,193797,158,180,2026-09-11T04:44:04Z,2026-09-11T04:44:04Z,ok
rJKY_7rrjHc,1497150,20063,3039,2026-09-11T04:44:04Z,2026-09-11T04:44:04Z,ok
rKKsNpfUzpI,63571,1298,138,2026-09-11T04:44:04Z,2026-09-11T04:44:04Z,ok
rKTEzskZLrY,132943,589,139,2026-09-11T04:44:04Z,2026-09-11T04:44:04Z,ok
rOAP2KtJiv0,126352,1034,263,2026-09-11T04:44:04Z,2026-09-11T04:44:04Z,ok
rSdk62EWW9U,200528,2998,591,2026-09-11T04:44:04Z,2026-09-11T04:44:04Z,ok
rTYIGpNxx08,118285,325,97,2026-09-11T04:44:04Z,2026-09-11T04:44:04Z,ok
rbB0NbE2v-4,1161517,7370,2782,2026-09-11T04:44:04Z,2026-09-11T04:44:04Z,ok
rhj8sq96-qo,1569552,7604,813,2026-09-11T04:44:04Z,2026-09-11T04:44:04Z,ok
riAVLe9oRxs,8128233,36635,3296,2026-09-11T04:44:04Z,2026-09-11T04:44:04Z,ok
rtGas_pJ3C8,814921,1648,888,2026-09-11T04:44:04Z,2026-09-11T04:44:04Z,ok
ruwgLC7FaEY,110143,292,67,2026-09-11T04:44:04Z,2026-09-11T04:44:04Z,ok
rwbgh8-JCwg,738102,9156,1174,2026-09-11T04:44:04Z,2026-09-11T04:44:04Z,ok
s-6QTJGQBmU,58580,979,111,2026-09-11T04:44:04Z,2026-09-11T04:44:04Z,ok
s1gX-uiXw2Y,393405,6138,1251,2026-09-11T04:44:04Z,2026-09-11T04:44:04Z,ok
s96erjxCJao,815968,1672,1010,2026-09-11T04:44:04Z,2026-09-11T04:44:04Z,ok
s9rssg0tXYg,488530,3277,743,2026-09-11T04:44:04Z,2026-09-11T04:44:04Z,ok
sFYX9nEPk9E,773501,11845,1374,2026-09-11T04:44:04Z,2026-09-11T04:44:04Z,ok
sHFiBdKnwgU,130062,933,333,2026-09-11T04:44:04Z,2026-09-11T04:44:04Z,ok
sHanaRM7NmY,494027,11530,623,2026-09-11T04:44:04Z,2026-09-11T04:44:04Z,ok
sJtyWySyg3M,815124,2151,489,2026-09-11T04:44:04Z,2026-09-11T04:44:04Z,ok
sR-DDwd2ANs,124465,1694,191,2026-09-11T04:44:04Z,2026-09-11T04:44:04Z,ok
sRcXeK9EyKI,135866,1520,376,2026-09-11T04:44:04Z,2026-09-11T04:44:04Z,ok
sUc3IOv1GeI,63708,869,452,2026-09-11T04:44:04Z,2026-09-11T04:44:04Z,ok
sWZIAQgiS0k,159451,251,519,2026-09-11T04:44:04Z,2026-09-11T04:44:04Z,ok
sYhw2ZUsGbs,991436,13252,2054,2026-09-11T04:44:04Z,2026-09-11T04:44:04Z,ok
sYsHMEeVNf0,159654,521,280,2026-09-11T04:44:04Z,2026-09-11T04:44:04Z,ok
sZjjvoJXajY,419739,6944,1981,2026-09-11T04:44:04Z,2026-09-11T04:44:04Z,ok
sdQtoI1GwoU,254227,283,996,2026-09-11T04:44:04Z,2026-09-11T04:44:04Z,ok
sfqTztCnbG4,179451,269,597,2026-09-11T04:44:04Z,2026-09-11T04:44:04Z,ok
sjFv7upPlN8,4252817,77576,7219,2026-09-11T04:44:04Z,2026-09-11T04:44:04Z,ok
smRpLQWu59M,3336570,30072,1638,2026-09-11T04:44:04Z,2026-09-11T04:44:04Z,ok
sm_XzM8EvyI,5924974,8799,4964,2026-09-11T04:44:04Z,2026-09-11T04:44:04Z,ok
spHgPSIKhyo,6044018,85994,13122,2026-09-11T04:44:04Z,2026-09-11T04:44:04Z,ok
sq4I2KMWcfk,730587,4120,1464,2026-09-11T04:44:04Z,2026-09-11T04:44:04Z,ok
srclfjTsRTE,1639432,22372,4592,2026-09-11T04:44:04Z,2026-09-11T04:44:04Z,ok
st9rSzvhozA,103731,2330,238,2026-09-11T04:44:04Z,2026-09-11T04:44:04Z,ok
stKqHu1APK8,80077,1662,307,2026-09-11T04:44:04Z,2026-09-11T04:44:04Z,ok
stUSFqKb-II,37417,102,97,2026-09-11T04:44:04Z,2026-09-11T04:44:04Z,ok
swzMYzp9Voo,25410,464,54,2026-09-11T04:44:04Z,2026-09-11T04:44:04Z,ok
sx2QZLRCSs4,132118,1242,347,2026-09-11T04:44:04Z,2026-09-11T04:44:04Z,ok
sxBDP10EkGc,326468,5643,1028,2026-09-11T04:44:04Z,2026-09-11T04:44:04Z,ok
t-iBHUGhYKo,584792,7473,1039,2026-09-11T04:44:04Z,2026-09-11T04:44:04Z,ok
t1lTYxSr3tM,11715664,89513,7539,2026-09-11T04:44:04Z,2026-09-11T04:44:04Z,ok
t7KNgMnl5w4,3207114,42433,5080,2026-09-11T04:44:04Z,2026-09-11T04:44:04Z,ok
t7tVPBoJqPE,713089,8959,1152,2026-09-11T04:44:04Z,2026-09-11T04:44:04Z,ok
tAdGCvvcuSE,880688,2417,1362,2026-09-11T04:44:04Z,2026-09-11T04:44:04Z,ok
tC1WSDGia8E,426846,942,825,2026-09-11T04:44:04Z,2026-09-11T04:44:04Z,ok
tCZ9rlyfN0k,41723,1007,91,2026-09-11T04:44:04Z,2026-09-11T04:44:04Z,ok
tDRF5gAgArg,15008,280,47,2026-09-11T04:44:04Z,2026-09-11T04:44:04Z,ok
tEseb6lNUE4,151155,4374,339,2026-09-11T04:44:04Z,2026-09-11T04:44:04Z,ok
tK1X1rfEuRg,14335437,117325,22701,2026-09-11T04:44:04Z,2026-09-11T04:44:04Z,ok
tMDZRsgxjo0,5861638,24644,3447,2026-09-11T04:44:04Z,2026-09-11T04:44:04Z,ok
tOYVnJ-6aX8,2385114,21689,3773,2026-09-11T04:44:04Z,2026-09-11T04:44:04Z,ok
tQ-S86bN-g0,81972,145,128,2026-09-11T04:44:04Z,2026-09-11T04:44:04Z,ok
tRCjuDfaZW4,135805,2207,193,2026-09-11T04:44:04Z,2026-09-11T04:44:04Z,ok
tSn0rQCC7uM,163495,2740,739,2026-09-11T04:44:04Z,2026-09-11T04:44:04Z,ok
tUgtjIbr5PE,2142582,25964,2768,2026-09-11T04:44:04Z,2026-09-11T04:44:04Z,ok
tYZoTyuz4Wg,833580,2465,1784,2026-09-11T04:44:04Z,2026-09-11T04:44:04Z,ok
t_3dYLDjB8Q,8398827,40841,5394,2026-09-11T04:44:04Z,2026-09-11T04:44:04Z,ok
t_phoie1Lsk,369235,395,248,2026-09-11T04:44:04Z,2026-09-11T04:44:04Z,ok
tcxz94TPqtQ,781396,1644,1118,2026-09-11T04:44:04Z,2026-09-11T04:44:04Z,ok
te34JgitHYM,257991,3398,710,2026-09-11T04:44:04Z,2026-09-11T04:44:04Z,ok
tgvAkY8w5dk,16059,222,29,2026-09-11T04:44:04Z,2026-09-11T04:44:04Z,ok
tiPgGVS-_M8,755599,6205,2483,2026-09-11T04:44:04Z,2026-09-11T04:44:04Z,ok
tl3_lKtsF-M,123808,175,909,2026-09-11T04:44:04Z,2026-09-11T04:44:04Z,ok
tl_nDwthYLk,395932,661,1295,2026-09-11T04:44:04Z,2026-09-11T04:44:04Z,ok
to9lxyOjNfE,2626720,14140,3411,2026-09-11T04:44:04Z,2026-09-11T04:44:04Z,ok
tqVRTBe5Iy4,603845,5918,2055,2026-09-11T04:44:04Z,2026-09-11T04:44:04Z,ok
tsEtOkvu4HM,269196,3781,522,2026-09-11T04:44:04Z,2026-09-11T04:44:04Z,ok
tt_smWqiocM,1342067,12903,4329,2026-09-11T04:44:04Z,2026-09-11T04:44:04Z,ok
tugQ1MVgIco,415100,954,1134,2026-09-11T04:44:04Z,2026-09-11T04:44:04Z,ok
tw6xr3BDP-k,201909,357,520,2026-09-11T04:44:04Z,2026-09-11T04:44:04Z,ok
txpYhgz9GkY,219756,257,303,2026-09-11T04:44:04Z,2026-09-11T04:44:04Z,ok
tyNGWmv2TZM,558537,8688,1142,2026-09-11T04:44:04Z,2026-09-11T04:44:04Z,ok
tyVWXK8DqB8,156794,3208,334,2026-09-11T04:44:04Z,2026-09-11T04:44:04Z,ok
u0A5cjagzWw,1614786,17872,3254,2026-09-11T04:44:04Z,2026-09-11T04:44:04Z,ok
u3RqpqLiLo8,5162350,19312,9616,2026-09-11T04:44:04Z,2026-09-11T04:44:04Z,ok
u7mYkxGWP4g,114833,1235,334,2026-09-11T04:44:04Z,2026-09-11T04:44:04Z,ok
uADonlhoCao,177612,9240,744,2026-09-11T04:44:04Z,2026-09-11T04:44:04Z,ok
uBPRuWTbphw,5695277,8393,5299,2026-09-11T04:44:04Z,2026-09-11T04:44:04Z,ok
uD3Ax0ZmP2U,107699,1931,362,2026-09-11T04:44:04Z,2026-09-11T04:44:04Z,ok
uE_UF8eUd5o,230315,376,278,2026-09-11T04:44:04Z,2026-09-11T04:44:04Z,ok
uIOWVMwgMds,1086822,7405,4664,2026-09-11T04:44:04Z,2026-09-11T04:44:04Z,ok
uLK1jkXal1A,143284,370,132,2026-09-11T04:44:04Z,2026-09-11T04:44:04Z,ok
uM16KYy2rsc,624004,9925,1409,2026-09-11T04:44:04Z,2026-09-11T04:44:04Z,ok
uMMUn6mB-Vk,183630,2582,510,2026-09-11T04:44:04Z,2026-09-11T04:44:04Z,ok
uMlNq6Xyp_0,190202,189,238,2026-09-11T04:44:04Z,2026-09-11T04:44:04Z,ok
uNkhMrk4dyU,1118912,24075,4550,2026-09-11T04:44:04Z,2026-09-11T04:44:04Z,ok
uQsh1UgnI6Q,277034,633,422,2026-09-11T04:44:04Z,2026-09-11T04:44:04Z,ok
uTOsUEFv6hQ,759696,12797,1858,2026-09-11T04:44:04Z,2026-09-11T04:44:04Z,ok
uVHhF8XrA2w,656944,9499,3137,2026-09-11T04:44:04Z,2026-09-11T04:44:04Z,ok
uVsgS5_ClM0,2592075,18528,3193,2026-09-11T04:44:04Z,2026-09-11T04:44:04Z,ok
uhYGMLQkDRU,534626,1174,1125,2026-09-11T04:44:04Z,2026-09-11T04:44:04Z,ok
ukmlVkdrC10,1202006,14879,2021,2026-09-11T04:44:04Z,2026-09-11T04:44:04Z,ok
ulmgxgFb1PA,862426,6183,1350,2026-09-11T04:44:04Z,2026-09-11T04:44:04Z,ok
up0vGLXQA-s,4706026,25890,5326,2026-09-11T04:44:04Z,2026-09-11T04:44:04Z,ok
uveYOLiD7UM,141465,4681,871,2026-09-11T04:44:04Z,2026-09-11T04:44:04Z,ok
uvl98LJ1zkg,48448,638,77,2026-09-11T04:44:04Z,2026-09-11T04:44:04Z,ok
uzFZRgCXSrs,30978,164,10,2026-09-11T04:44:04Z,2026-09-11T04:44:04Z,ok
uzzcGlJKhzs,35797,300,111,2026-09-11T04:44:04Z,2026-09-11T04:44:04Z,ok
v-NFpakxwbk,1221890,13917,1521,2026-09-11T04:44:04Z,2026-09-11T04:44:04Z,ok
v-OWCCqwGyM,1082480,3382,598,2026-09-11T04:44:04Z,2026-09-11T04:44:04Z,ok
v-S8MuQoqpw,35801,790,142,2026-09-11T04:44:04Z,2026-09-11T04:44:04Z,ok
v0G2s1dt0Ik,676265,5874,1431,2026-09-11T04:44:04Z,2026-09-11T04:44:04Z,ok
v3eAeRwuphk,11332564,39450,5013,2026-09-11T04:44:04Z,2026-09-11T04:44:04Z,ok
v4KV_nhJjLY,2871090,20362,8084,2026-09-11T04:44:04Z,2026-09-11T04:44:04Z,ok
vBnWKy9vHSw,583127,7747,2693,2026-09-11T04:44:04Z,2026-09-11T04:44:04Z,ok
vE_U3Gj1Kqk,27031,558,41,2026-09-11T04:44:04Z,2026-09-11T04:44:04Z,ok
vHGCONw1TTc,45469,1139,127,2026-09-11T04:44:04Z,2026-09-11T04:44:04Z,ok
vJkk3Swbfb4,168249,1832,286,2026-09-11T04:44:04Z,2026-09-11T04:44:04Z,ok
vO8La8-5Ztg,1842051,9255,1672,2026-09-11T04:44:04Z,2026-09-11T04:44:04Z,ok
vOCuZ6j55Rs,27693,755,78,2026-09-11T04:44:04Z,2026-09-11T04:44:04Z,ok
vOUfWU-L6d4,1294907,18384,3411,2026-09-11T04:44:04Z,2026-09-11T04:44:04Z,ok
vOuPV_syJGk,1718814,5388,1078,2026-09-11T04:44:04Z,2026-09-11T04:44:04Z,ok
vQVBeVC4868,490478,6624,1326,2026-09-11T04:44:04Z,2026-09-11T04:44:04Z,ok
vTKmMbxvktM,121821,1659,290,2026-09-11T04:44:04Z,2026-09-11T04:44:04Z,ok
vW-oMO7BlUk,44201,317,83,2026-09-11T04:44:04Z,2026-09-11T04:44:04Z,ok
vX73SsaLdd0,242519,407,704,2026-09-11T04:44:04Z,2026-09-11T04:44:04Z,ok
vXmoABmEV_o,108836,222,95,2026-09-11T04:44:04Z,2026-09-11T04:44:04Z,ok
vZBSh_qnYFw,1377167,28971,2447,2026-09-11T04:44:04Z,2026-09-11T04:44:04Z,ok
va7cC8ZY84E,85373,560,115,2026-09-11T04:44:04Z,2026-09-11T04:44:04Z,ok
vailubMGe3A,14873,310,41,2026-09-11T04:44:04Z,2026-09-11T04:44:04Z,ok
vbFHdcAOUQI,304971,1088,624,2026-09-11T04:44:04Z,2026-09-11T04:44:04Z,ok
vbrlYaobVsk,25948,497,17,2026-09-11T04:44:04Z,2026-09-11T04:44:04Z,ok
vcO8ILj81S4,264843,4084,1372,2026-09-11T04:44:04Z,2026-09-11T04:44:04Z,ok
veuVwZ5VWiE,2463679,4651,2390,2026-09-11T04:44:04Z,2026-09-11T04:44:04Z,ok
vfr3pA7VDbU,96172,2668,397,2026-09-11T04:44:04Z,2026-09-11T04:44:04Z,ok
vkhlvSeHGrw,327236,641,245,2026-09-11T04:44:04Z,2026-09-11T04:44:04Z,ok
vl4yAsFJKUY,1966244,25093,4441,2026-09-11T04:44:04Z,2026-09-11T04:44:04Z,ok
vnCZKut9DxU,375141,6202,953,2026-09-11T04:44:04Z,2026-09-11T04:44:04Z,ok
vnGIj6jY5wY,5428717,42687,5182,2026-09-11T04:44:04Z,2026-09-11T04:44:04Z,ok
vprBEYUGId0,14426,419,50,2026-09-11T04:44:04Z,2026-09-11T04:44:04Z,ok
vpsL3C9hokA,1198387,9158,2468,2026-09-11T04:44:04Z,2026-09-11T04:44:04Z,ok
vtOT-rbGYH0,125886,638,423,2026-09-11T04:44:04Z,2026-09-11T04:44:04Z,ok
vu4kgNy8H0Q,94858,832,298,2026-09-11T04:44:04Z,2026-09-11T04:44:04Z,ok
vwEhYNJ-e4g,94240,83,410,2026-09-11T04:44:04Z,2026-09-11T04:44:04Z,ok
w-Num_ojNgg,1841173,4702,1156,2026-09-11T04:44:04Z,2026-09-11T04:44:04Z,ok
w-stMqCduMg,131417,184,157,2026-09-11T04:44:04Z,2026-09-11T04:44:04Z,ok
w29Epto_bVw,694778,10178,1227,2026-09-11T04:44:04Z,2026-09-11T04:44:04Z,ok
w5ZUcKt1Rlg,333360,2602,542,2026-09-11T04:44:04Z,2026-09-11T04:44:04Z,ok
w7uRXXWhR40,32890,692,80,2026-09-11T04:44:04Z,2026-09-11T04:44:04Z,ok
w8XCtTpakj0,665219,3006,375,2026-09-11T04:44:04Z,2026-09-11T04:44:04Z,ok
w8mrUR0InAs,1459269,8787,2173,2026-09-11T04:44:04Z,2026-09-11T04:44:04Z,ok
wAHiCmTyyZM,1207981,16787,2413,2026-09-11T04:44:04Z,2026-09-11T04:44:04Z,ok
wAJZzPmhCaU,46993,1193,96,2026-09-11T04:44:04Z,2026-09-11T04:44:04Z,ok
wLNMaWlYI7s,83752,973,102,2026-09-11T04:44:04Z,2026-09-11T04:44:04Z,ok
wOvCN4DqOdc,15383,90,14,2026-09-11T04:44:04Z,2026-09-11T04:44:04Z,ok
wPiBDzAx7WY,2512560,37550,10138,2026-09-11T04:44:04Z,2026-09-11T04:44:04Z,ok
wR_TM2MON6Y,1416167,6029,2227,2026-09-11T04:44:04Z,2026-09-11T04:44:04Z,ok
wSVla2kXR9Q,156356,2601,858,2026-09-11T04:44:04Z,2026-09-11T04:44:04Z,ok
wVbN3qyaqpA,75894,1107,191,2026-09-11T04:44:04Z,2026-09-11T04:44:04Z,ok
wVc8akiuzbM,183470,1427,498,2026-09-11T04:44:04Z,2026-09-11T04:44:04Z,ok
wVwYgACkqao,129772,4364,472,2026-09-11T04:44:04Z,2026-09-11T04:44:04Z,ok
wc5eaHk3TlQ,30159,397,40,2026-09-11T04:44:04Z,2026-09-11T04:44:04Z,ok
wcdXeQ97Zkg,115753,2229,197,2026-09-11T04:44:04Z,2026-09-11T04:44:04Z,ok
welPBlbpdx0,670503,10173,3516,2026-09-11T04:44:04Z,2026-09-11T04:44:04Z,ok
wi1ZRxh--0g,127715,163,359,2026-09-11T04:44:04Z,2026-09-11T04:44:04Z,ok
wkxxY43BrMo,634888,1256,601,2026-09-11T04:44:04Z,2026-09-11T04:44:04Z,ok
wnvhNAl4zqs,5804589,21259,5468,2026-09-11T04:44:04Z,2026-09-11T04:44:04Z,ok
woFrBo-KisE,15130,435,86,2026-09-11T04:44:04Z,2026-09-11T04:44:04Z,ok
x0fnpDyVm9s,47300163,250059,23139,2026-09-11T04:44:04Z,2026-09-11T04:44:04Z,ok
x1oGsdYUMkg,23405,483,72,2026-09-11T04:44:04Z,2026-09-11T04:44:04Z,ok
x46WuzFAcAM,3482704,16366,2262,2026-09-11T04:44:04Z,2026-09-11T04:44:04Z,ok
x4KLvTZb_1E,8028,119,13,2026-09-11T04:44:04Z,2026-09-11T04:44:04Z,ok
x5_EErMbcqw,374839,1087,297,2026-09-11T04:44:04Z,2026-09-11T04:44:04Z,ok
x5yjKPFteLk,3143566,6150,2081,2026-09-11T04:44:04Z,2026-09-11T04:44:04Z,ok
x7TIRQogZ0Y,72925,1586,148,2026-09-11T04:44:04Z,2026-09-11T04:44:04Z,ok
x92EaSQOJ8I,241214,5868,484,2026-09-11T04:44:04Z,2026-09-11T04:44:04Z,ok
xARwLri-rN4,1711509,27708,2971,2026-09-11T04:44:04Z,2026-09-11T04:44:04Z,ok
xC70a4W3SCc,2673225,9257,1242,2026-09-11T04:44:04Z,2026-09-11T04:44:04Z,ok
xCQoNoCTwlw,375983,3637,463,2026-09-11T04:44:04Z,2026-09-11T04:44:04Z,ok
xDodc_Wwn-g,1559740,21345,1736,2026-09-11T04:44:04Z,2026-09-11T04:44:04Z,ok
xIXPyHZg8dI,346140,3207,1068,2026-09-11T04:44:04Z,2026-09-11T04:44:04Z,ok
xM5Z_AQzo5Y,1617661,5685,1012,2026-09-11T04:44:04Z,2026-09-11T04:44:04Z,ok
xNBODIvxBY4,769954,11125,1643,2026-09-11T04:44:04Z,2026-09-11T04:44:04Z,ok
xOz3Ju-Oq_c,204968,349,453,2026-09-11T04:44:04Z,2026-09-11T04:44:04Z,ok
xTw8BQsahVg,401661,1246,553,2026-09-11T04:44:04Z,2026-09-11T04:44:04Z,ok
xcW5pk4TNtU,47383,92,57,2026-09-11T04:44:04Z,2026-09-11T04:44:04Z,ok
xf9UfPniXgw,181799,1544,970,2026-09-11T04:44:04Z,2026-09-11T04:44:04Z,ok
xfHimy6qvDs,55190,436,78,2026-09-11T04:44:04Z,2026-09-11T04:44:04Z,ok
xh6fFb8VTUA,99186,1770,200,2026-09-11T04:44:04Z,2026-09-11T04:44:04Z,ok
xjIk4tZ61Wg,427663,1001,837,2026-09-11T04:44:04Z,2026-09-11T04:44:04Z,ok
xki1k_yS_jE,422763,1086,386,2026-09-11T04:44:04Z,2026-09-11T04:44:04Z,ok
xnrV0vKx9Lw,1055117,2818,674,2026-09-11T04:44:04Z,2026-09-11T04:44:04Z,ok
xptQdqSrrvA,3456174,7668,4003,2026-09-11T04:44:04Z,2026-09-11T04:44:04Z,ok
xx5alHGKXCk,60603,1330,128,2026-09-11T04:44:04Z,2026-09-11T04:44:04Z,ok
xxm9D20w1wg,129389,2084,330,2026-09-11T04:44:04Z,2026-09-11T04:44:04Z,ok
xyN0_xpiqFc,173648,2650,534,2026-09-11T04:44:04Z,2026-09-11T04:44:04Z,ok
xzeMQviMwLE,14300864,81002,12136,2026-09-11T04:44:04Z,2026-09-11T04:44:04Z,ok
y1JCo3OCsb8,809472,21804,2263,2026-09-11T04:44:04Z,2026-09-11T04:44:04Z,ok
y38GFFWkjgQ,236528,5605,803,2026-09-11T04:44:04Z,2026-09-11T04:44:04Z,ok
y38XFR2j3IE,48221,126,112,2026-09-11T04:44:04Z,2026-09-11T04:44:04Z,ok
y4tamIir-TE,602997,1362,512,2026-09-11T04:44:04Z,2026-09-11T04:44:04Z,ok
y5jcCqyNoMg,1177702,14563,3516,2026-09-11T04:44:04Z,2026-09-11T04:44:04Z,ok
y6W_y3wohUI,173995,2519,501,2026-09-11T04:44:04Z,2026-09-11T04:44:04Z,ok
y6YQCOcgh5Y,174649,3751,378,2026-09-11T04:44:04Z,2026-09-11T04:44:04Z,ok
y7ku_sN0PB4,984853,17309,1312,2026-09-11T04:44:04Z,2026-09-11T04:44:04Z,ok
y8BKpG8mkHE,682366,3666,1070,2026-09-11T04:44:04Z,2026-09-11T04:44:04Z,ok
yAzTqsUCpfM,1466615,7289,3041,2026-09-11T04:44:04Z,2026-09-11T04:44:04Z,ok
yDAspNV6oZw,157429,2628,396,2026-09-11T04:44:04Z,2026-09-11T04:44:04Z,ok
yDD8HiqzEdI,4034244,60871,3245,2026-09-11T04:44:04Z,2026-09-11T04:44:04Z,ok
yFfxL5sMI64,434424,5835,684,2026-09-11T04:44:04Z,2026-09-11T04:44:04Z,ok
yFiGismDYoo,2831644,16086,3261,2026-09-11T04:44:04Z,2026-09-11T04:44:04Z,ok
yIHCe30XQWE,372609,3215,1106,2026-09-11T04:44:04Z,2026-09-11T04:44:04Z,ok
yIbfg1PRTgI,188552,2822,419,2026-09-11T04:44:04Z,2026-09-11T04:44:04Z,ok
yJtQH7TFGgA,143352,2121,324,2026-09-11T04:44:04Z,2026-09-11T04:44:04Z,ok
yJvDJOQ2fd0,136081,1953,9,2026-09-11T04:44:04Z,2026-09-11T04:44:04Z,ok
yMHt2591Sns,997516,1266,1007,2026-09-11T04:44:04Z,2026-09-11T04:44:04Z,ok
yOT0bgWaGVg,1066759,13789,2523,2026-09-11T04:44:04Z,2026-09-11T04:44:04Z,ok
yRE3PU0ekaA,143337,1938,22,2026-09-11T04:44:04Z,2026-09-11T04:44:04Z,ok
yUVSb5_jO84,216166,3088,549,2026-09-11T04:44:04Z,2026-09-11T04:44:04Z,ok
yWEq2mocpXA,52659,877,71,2026-09-11T04:44:04Z,2026-09-11T04:44:04Z,ok
y_1ZMvRfcrc,822149,2851,1434,2026-09-11T04:44:04Z,2026-09-11T04:44:04Z,ok
yeKIOhMONxg,436615,6510,1294,2026-09-11T04:44:04Z,2026-09-11T04:44:04Z,ok
yg1W-LdDb_I,57983599,385280,58904,2026-09-11T04:44:04Z,2026-09-11T04:44:04Z,ok
yg5Ng-3mzAE,356362,1750,705,2026-09-11T04:44:04Z,2026-09-11T04:44:04Z,ok
yh4dMXdOywM,59776,1026,155,2026-09-11T04:44:04Z,2026-09-11T04:44:04Z,ok
ylU0FZer1BE,39727,644,43,2026-09-11T04:44:04Z,2026-09-11T04:44:04Z,ok
ylo-LJhy_pE,14549,171,46,2026-09-11T04:44:04Z,2026-09-11T04:44:04Z,ok
ynGSDfoGCxQ,570907,1567,673,2026-09-11T04:44:04Z,2026-09-11T04:44:04Z,ok
yqnfD_IY_n4,89472,1081,103,2026-09-11T04:44:04Z,2026-09-11T04:44:04Z,ok
yrAtwuwJ_MA,194537,3013,325,2026-09-11T04:44:04Z,2026-09-11T04:44:04Z,ok
yvNpatSMrkk,78990,207,147,2026-09-11T04:44:04Z,2026-09-11T04:44:04Z,ok
yveLwhAiVcI,1062086,5293,1876,2026-09-11T04:44:04Z,2026-09-11T04:44:04Z,ok
yz2lhBMNeKk,458385,6803,1775,2026-09-11T04:44:04Z,2026-09-11T04:44:04Z,ok
yznjBZc2nVM,15868531,103606,9683,2026-09-11T04:44:04Z,2026-09-11T04:44:04Z,ok
z-UrUyjEXbM,1482151,28542,2475,2026-09-11T04:44:04Z,2026-09-11T04:44:04Z,ok
z0dkqiGumxc,215182,3161,809,2026-09-11T04:44:04Z,2026-09-11T04:44:04Z,ok
z25KcOcbyNQ,6544466,11774,5244,2026-09-11T04:44:04Z,2026-09-11T04:44:04Z,ok
z651J--eTMQ,209223,6451,881,2026-09-11T04:44:04Z,2026-09-11T04:44:04Z,ok
zAR8BM4JXcI,1129342,3173,662,2026-09-11T04:44:04Z,2026-09-11T04:44:04Z,ok
zBRVug6MC1E,13288,370,38,2026-09-11T04:44:04Z,2026-09-11T04:44:04Z,ok
zCFALB8QkvQ,733695,11682,883,2026-09-11T04:44:04Z,2026-09-11T04:44:04Z,ok
zCqaLb7A9mw,56538,872,196,2026-09-11T04:44:04Z,2026-09-11T04:44:04Z,ok
zNw57UA1MJc,888922,8897,3405,2026-09-11T04:44:04Z,2026-09-11T04:44:04Z,ok
zPBdg-uEDio,1201537,16491,2428,2026-09-11T04:44:04Z,2026-09-11T04:44:04Z,ok
zPdlYyQiEF0,87522,285,136,2026-09-11T04:44:04Z,2026-09-11T04:44:04Z,ok
zQCVkoL-PZE,517941,7624,1409,2026-09-11T04:44:04Z,2026-09-11T04:44:04Z,ok
zVkdHakH7F0,147804,2224,427,2026-09-11T04:44:04Z,2026-09-11T04:44:04Z,ok
zW-HOvPIiMw,125302,1255,544,2026-09-11T04:44:04Z,2026-09-11T04:44:04Z,ok
zWTapWo_Iho,304613,4634,678,2026-09-11T04:44:04Z,2026-09-11T04:44:04Z,ok
zX7cZsU9DAE,878532,2077,6652,2026-09-11T04:44:04Z,2026-09-11T04:44:04Z,ok
zYeqglQYPAo,1730304,31151,3556,2026-09-11T04:44:04Z,2026-09-11T04:44:04Z,ok
zaSmqfbCZ8I,2138656,30478,5374,2026-09-11T04:44:04Z,2026-09-11T04:44:04Z,ok
zjExubcovyI,1179338,18666,4287,2026-09-11T04:44:04Z,2026-09-11T04:44:04Z,ok
zjOjzbno8jk,593221,6860,1564,2026-09-11T04:44:04Z,2026-09-11T04:44:04Z,ok
zlu2YRX9Ve0,504927,5789,790,2026-09-11T04:44:04Z,2026-09-11T04:44:04Z,ok
znlgBN1IeoE,107960,853,223,2026-09-11T04:44:04Z,2026-09-11T04:44:04Z,ok
zw0StGhysxY,7561768,27747,6067,2026-09-11T04:44:04Z,2026-09-11T04:44:04Z,ok
zx-Dg17Z2QU,17373,579,53,2026-09-11T04:44:04Z,2026-09-11T04:44:04Z,ok
zy3XgjkNpf4,3463687,10407,2458,2026-09-11T04:44:04Z,2026-09-11T04:44:04Z,ok
